[Licensing::Module] Trying to connect to existing licensing client channel...
Built from '6000.5/staging' branch; Version is '6000.5.3f1 (c2eb47b3a2a9) revision 12774215'; Using compiler version '194234433'; Build Type 'Release'
[Licensing::IpcConnector] Successfully connected to: "LicenseClient-Dakota" at "2026-09-04T15:31:55.1007853Z"
OS: 'Windows 11  (10.0.26200) Professional' Language: 'en' Physical Memory: 31894 MB
BatchMode: 1, IsHumanControllingUs: 0, StartBugReporterOnCrash: 0, Is64bit: 1
System  architecture: x64
Process architecture: x64
Date: 2026-09-04T15:31:55Z

COMMAND LINE ARGUMENTS:
C:\Program Files\Unity\Hub\Editor\6000.5.3f1\Editor\Unity.exe
-adb2
-batchMode
-noUpm
-name
AssetImportWorkerHW2
-projectPath
C:/Users/Dakota/Documents/Class Work/CS-4223 Game Programming/CS 4223 Assignment 1 - Test Copy
-logFile
Logs/AssetImportWorkerHW2.log
-srvPort
21255
-parentPid
25912
-analyticsCloudUserId
20067251284441
-analyticsCloudProjectId
2be62a38-1282-4977-b76e-7cbeb8281696
-analyticsLocalProjectId
c830fdd9ddc14084e999e1502f0e642b
-licensingIpc
LicenseClient-Dakota
-noDiagnosticSwitchPersistentStore
-job-worker-count
7
-background-job-worker-count
8
-asset-garbage-collectors
1
-force-d3d12
-name
AssetImport
Successfully changed project path to: C:/Users/Dakota/Documents/Class Work/CS-4223 Game Programming/CS 4223 Assignment 1 - Test Copy
C:/Users/Dakota/Documents/Class Work/CS-4223 Game Programming/CS 4223 Assignment 1 - Test Copy
[UnityMemory] Configuration Parameters - Can be set up in boot.config
    "memorysetup-temp-allocator-size-gi-baking-worker=262144"
    "memorysetup-temp-allocator-size-gi-baking-worker=262144"
    "memorysetup-temp-allocator-size-gi-baking-worker=262144"
    "memorysetup-temp-allocator-size-gi-baking-worker=262144"
    "memorysetup-temp-allocator-size-gi-baking-worker=262144"
    "memorysetup-temp-allocator-size-nav-mesh-worker=65536"
    "memorysetup-temp-allocator-size-audio-worker=65536"
    "memorysetup-temp-allocator-size-cloud-worker=32768"
    "memorysetup-temp-allocator-size-gfx=262144"
    "memorysetup-temp-allocator-size-preload-manager=33554432"
    "memorysetup-allocator-temp-initial-block-size-main=262144"
    "memorysetup-allocator-temp-initial-block-size-worker=262144"
    "memorysetup-temp-allocator-size-job-worker=262144"
    "memorysetup-temp-allocator-size-background-worker=32768"
    "memorysetup-bucket-allocator-granularity=16"
    "memorysetup-bucket-allocator-bucket-count=8"
    "memorysetup-bucket-allocator-block-size=33554432"
    "memorysetup-bucket-allocator-block-count=8"
    "memorysetup-main-allocator-block-size=16777216"
    "memorysetup-thread-allocator-block-size=16777216"
    "memorysetup-main-allocator-mimalloc-enabled=0"
    "memorysetup-gfx-main-allocator-block-size=16777216"
    "memorysetup-gfx-thread-allocator-block-size=16777216"
    "memorysetup-cache-allocator-block-size=4194304"
    "memorysetup-typetree-allocator-block-size=2097152"
    "memorysetup-profiler-bucket-allocator-granularity=16"
    "memorysetup-profiler-bucket-allocator-bucket-count=8"
    "memorysetup-profiler-bucket-allocator-block-size=33554432"
    "memorysetup-profiler-bucket-allocator-block-count=8"
    "memorysetup-profiler-allocator-block-size=16777216"
    "memorysetup-profiler-editor-allocator-block-size=1048576"
    "memorysetup-temp-allocator-size-main=16777216"
    "memorysetup-job-temp-allocator-block-size=2097152"
    "memorysetup-job-temp-allocator-block-size-background=1048576"
    "memorysetup-job-temp-allocator-reduction-small-platforms=262144"
Player connection [27524]  Target information:

Player connection [27524]  * "[IP] 169.254.177.131 [Port] 0 [Flags] 2 [Guid] 845805494 [EditorId] 845805494 [Version] 1048832 [Id] WindowsEditor(7,DESKTOP-8PU663O) [Debug] 1 [PackageName] WindowsEditor [ProjectName] Editor" 

Player connection [27524]  * "[IP] 192.168.0.73 [Port] 0 [Flags] 2 [Guid] 845805494 [EditorId] 845805494 [Version] 1048832 [Id] WindowsEditor(7,DESKTOP-8PU663O) [Debug] 1 [PackageName] WindowsEditor [ProjectName] Editor" 

Player connection [27524] Host joined multi-casting on [225.0.0.222:54997]...
Player connection [27524] Host joined alternative multi-casting on [225.0.0.222:34997]...
JobSystem: Creating JobQueue using job-worker-count value 7
Input System module state changed to: Initialized.
[Physics::Module] Initialized fallback backend.
[Physics::Module] Id: 0xdecafbad
Library Redirect Path: Library/
[Physics::Module] Selected backend.
[Physics::Module] Name: PhysX
[Physics::Module] Id: 0xf2b8ea05
[Physics::Module] SDK Version: 4.1.2
[Physics::Module] Integration Version: 1.0.0
[Physics::Module] Threading Mode: Multi-Threaded
Refreshing native plugins compatible for Editor in 6.60 ms, found 3 plugins.
Initialize engine version: 6000.5.3f1 (c2eb47b3a2a9)
[Subsystems] Discovering subsystems at path C:/Program Files/Unity/Hub/Editor/6000.5.3f1/Editor/Data/Resources/UnitySubsystems
[Subsystems] Discovering subsystems at path C:/Users/Dakota/Documents/Class Work/CS-4223 Game Programming/CS 4223 Assignment 1 - Test Copy/Assets
Forcing GfxDevice: Direct3D 12
GfxDevice: creating device client; kGfxThreadingModeNonThreaded
d3d12: failed to query info queue interface (0x80004002).
Direct3D:
    Version:         Direct3D 12 [level 12.2]
    Renderer:        AMD Radeon RX 9070 XT (ID=0x7550)
    Vendor:          ATI
    VRAM:            16188 MB
    App VRAM Budget: 15416 MB
    Driver:          32.0.31021.1015
Initialize mono
Mono path[0] = 'C:/Program Files/Unity/Hub/Editor/6000.5.3f1/Editor/Data/Managed'
Mono path[1] = 'C:/Program Files/Unity/Hub/Editor/6000.5.3f1/Editor/Data/BCLExtensions/runtime/netstandard2.1'
Mono path[2] = 'C:/Program Files/Unity/Hub/Editor/6000.5.3f1/Editor/Data/MonoBleedingEdge/lib/mono/unityjit-win32'
Mono config path = 'C:/Program Files/Unity/Hub/Editor/6000.5.3f1/Editor/Data/MonoBleedingEdge/etc'
Using monoOptions --debugger-agent=transport=dt_socket,embedding=1,server=y,suspend=n,address=127.0.0.1:56504
CodeReloadManager initialized
Begin MonoManager ReloadAssembly
Registering precompiled unity dll's ...
Register platform support module: C:/Program Files/Unity/Hub/Editor/6000.5.3f1/Editor/Data/PlaybackEngines/WebGLSupport/UnityEditor.WebGL.Extensions.dll
Register platform support module: C:/Program Files/Unity/Hub/Editor/6000.5.3f1/Editor/Data/PlaybackEngines/WindowsStandaloneSupport/UnityEditor.WindowsStandalone.Extensions.dll
Registered in 0.002291 seconds.
[Licensing::Client] Error: HandshakeResponse reported an error:
	ResponseCode: 505
	ResponseStatus: Unsupported protocol version '1.18.1'.
[Licensing::Module] Error: Failed to handshake to channel: "LicenseClient-Dakota"
[Licensing::IpcConnector] LicenseClient-Dakota channel disconnected successfully.
[Licensing::IpcConnector] Successfully connected to: "LicenseClient-Dakota-6000.5.3" at "2026-09-04T15:31:56.0699632Z"
[Licensing::Client] Code 10 while verifying Licensing Client signature (process Id: 26300, path: "C:/Program Files/Unity/Hub/Editor/6000.5.3f1/Editor/Data/Resources/Licensing/Client/Unity.Licensing.Client.exe")
[Licensing::Module] LicensingClient has failed validation; ignoring
[Licensing::Client] Handshaking with LicensingClient:
  Version:                 1.18.1+9fbee8e
  Session Id:              c8b57233537b45fd9a7638d233ac8ca4
  Correlation Id:          b14ceeff4d9e96bd2441b2651491eae4
  External correlation Id: 2775671683130385910
  Machine Id:              JeCb3bP6ATeg71juwg7ytmBrMWQ=
[Licensing::Module] Successfully connected to LicensingClient on channel: "LicenseClient-Dakota-6000.5.3" (connect: 0.00s, validation: 0.00s, handshake: 0.01s)
[Licensing::IpcConnector] Successfully connected to: "LicenseClient-Dakota-6000.5.3-notifications" at "2026-09-04T15:31:56.0775258Z"
[Licensing::Module] Licensing Background thread has ended after 0.98s
Native extension for WindowsStandalone target not found
Native extension for WebGL target not found
Package Manager log level set to [2]
[Package Manager] Failed to launch server process. Reason: Unity was launched with the -noUpm command-line argument
[Package Manager] Unable to send message (not connected to server process).
[Package Manager] Cannot connect to Unity Package Manager local server
ScheduleIndexationOnStartup MainProcess:False IndexOnStartup:True
Mono: successfully reloaded assembly
- Finished resetting the current domain, in  0.392 seconds
Domain Reload Profiling: 952ms
	BeginReloadAssembly (137ms)
	RebuildCommonClasses (5ms)
	RebuildNativeTypeToScriptingClass (16ms)
	initialDomainReloadingComplete (66ms)
	LoadAllAssembliesAndSetupDomain (334ms)
		LoadAssemblies (133ms)
		AnalyzeDomain (248ms)
			TypeCache.Refresh (246ms)
				TypeCache.ScanAssembly (229ms)
	FinalizeReload (393ms)
		SetupLoadedEditorAssemblies (0ms)
			InitializePlatformSupportModulesInManaged (3ms)
			BeforeProcessingInitializeOnLoad (91ms)
			ProcessInitializeOnLoadAttributes (97ms)
			ProcessInitializeOnLoadMethodAttributes (122ms)
Initializing Unity extensions:
[Licensing::Client] Successfully resolved entitlement details
[Licensing::Module] License group:
  Id: 20067251284441-UnityPersXXXX
  Product: Unity Personal
  Type: Assigned
  Expiration: Unlimited
Curl error 3: URL rejected: Malformed input to a URL function
========================================================================
Worker process is ready to serve import requests
Import Worker Mode flag is 0x00
Begin MonoManager ReloadAssembly
Symbol file LoadedFromMemory is not a mono symbol file
Refreshing native plugins compatible for Editor in 5.52 ms, found 3 plugins.
Native extension for WindowsStandalone target not found
Native extension for WebGL target not found
[Package Manager] Failed to launch server process. Reason: Unity was launched with the -noUpm command-line argument
[Package Manager] Unable to send message (not connected to server process).
[Package Manager] Cannot connect to Unity Package Manager local server
Refreshing native plugins compatible for Editor in 4.83 ms, found 3 plugins.
[Package Manager] Failed to launch server process. Reason: Unity was launched with the -noUpm command-line argument
[Package Manager] Unable to send message (not connected to server process).
[Package Manager] Cannot connect to Unity Package Manager local server
ScheduleIndexationOnStartup MainProcess:False IndexOnStartup:True
Mono: successfully reloaded assembly
- Finished resetting the current domain, in  0.771 seconds
Domain Reload Profiling: 2028ms
	BeginReloadAssembly (227ms)
		DisableScriptedObjects (7ms)
		CreateAndSetChildDomain (35ms)
	RebuildCommonClasses (8ms)
	RebuildNativeTypeToScriptingClass (25ms)
	initialDomainReloadingComplete (87ms)
	LoadAllAssembliesAndSetupDomain (909ms)
		LoadAssemblies (524ms)
		AnalyzeDomain (336ms)
			TypeCache.Refresh (215ms)
				TypeCache.ScanAssembly (195ms)
			BuildScriptInfoCaches (103ms)
			ResolveRequiredComponents (14ms)
	FinalizeReload (772ms)
		SetupLoadedEditorAssemblies (0ms)
			BeforeProcessingInitializeOnLoad (90ms)
			ProcessInitializeOnLoadAttributes (362ms)
			ProcessInitializeOnLoadMethodAttributes (141ms)
			AfterProcessingInitializeOnLoad (11ms)
AcceleratorClientConnectionCallback - disconnected - :0
WARNING: Shader Unsupported: 'Hidden/Universal Render Pipeline/Terrain/Lit (Base Pass)' - All subshaders removed
WARNING: Shader Did you use #pragma only_renderers and omit this platform?
WARNING: Shader If subshaders removal was intentional, you may have forgotten turning Fallback off?
WARNING: Shader Unsupported: 'Universal Render Pipeline/Terrain/Lit' - All subshaders removed
WARNING: Shader Did you use #pragma only_renderers and omit this platform?
WARNING: Shader If subshaders removal was intentional, you may have forgotten turning Fallback off?
Launched and connected shader compiler UnityShaderCompiler.exe after 0.02 seconds
Refreshing native plugins compatible for Editor in 4.17 ms, found 3 plugins.
Unloading 56 Unused Serialized files (Serialized files now loaded: 0)
Curl error 3: URL rejected: Malformed input to a URL function
Unloading 5648 unused Assets / (8.7 MB). Loaded Objects now: 6293.
Memory consumption went from 309.8 MB to 301.1 MB.
Total: 9.667500 ms (FindLiveObjects: 0.611300 ms CreateObjectMapping: 1.436000 ms MarkObjects: 4.977200 ms  DeleteObjects: 2.640600 ms)

========================================================================
Received Import Request.
  Time of request: 2026-09-04T15:31:59.6656586Z
  Time since last request: 1861.56451809999999 seconds.
  importAddress: GUID: 350a709cf1218764c94f752764b6ab69 - Path: Packages/com.unity.render-pipelines.universal/Tests/Editor/PostProcessDataTests/PostProcessData BloomPS Different 1.asset - Importer: ScriptedImporter/UnityEditor.QuickSearchModule:UnityEditor.Search:ASIAI0B
Importing 'GUID: 350a709cf1218764c94f752764b6ab69 - Path: Packages/com.unity.render-pipelines.universal/Tests/Editor/PostProcessDataTests/PostProcessData BloomPS Different 1.asset - Importer: ScriptedImporter/UnityEditor.QuickSearchModule:UnityEditor.Search:ASIAI0B' with importer (ScriptedImporter : UnityEditor.QuickSearchModule:UnityEditor.Search:ASIAI0B)
Imported 'GUID: 350a709cf1218764c94f752764b6ab69' -> (Import Result ID: 'a15e59327fbf7448223e95e0ed551ff8') in 0.107 seconds [static and dynamic dependencies]. Details - ImportResultOutputID=a0a7ce31f0090f1302b700259de22ce5 DependenciesID=ed9f778079bf2869b19d7c25a187a1f9 StaticDependenciesID=bb0c5f3e5cf47fa77814dda748df6b90 
Number of updated asset objects reloaded before import = 0
Number of asset objects unloaded after import = 45
========================================================================
Received Import Request.
  Time of request: 2026-09-04T15:31:59.7942502Z
  Time since last request: 0.0132139 seconds.
  importAddress: GUID: 179f794063d2a66478e6e726f84a65bc - Path: Packages/com.unity.render-pipelines.universal/Textures/BlueNoise16/L/LDR_LLL1_31.png - Importer: ScriptedImporter/UnityEditor.QuickSearchModule:UnityEditor.Search:ASIAI0B
Importing 'GUID: 179f794063d2a66478e6e726f84a65bc - Path: Packages/com.unity.render-pipelines.universal/Textures/BlueNoise16/L/LDR_LLL1_31.png - Importer: ScriptedImporter/UnityEditor.QuickSearchModule:UnityEditor.Search:ASIAI0B' with importer (ScriptedImporter : UnityEditor.QuickSearchModule:UnityEditor.Search:ASIAI0B)
Imported 'GUID: 179f794063d2a66478e6e726f84a65bc' -> (Import Result ID: '285e1e5b3d6bb447cd4b2859b1abf062') in 0.052 seconds [static and dynamic dependencies]. Details - ImportResultOutputID=05ca2c14955c52be4a13131e57a0bf2a DependenciesID=22f30dd1ac46174f0eb133ac663c52aa StaticDependenciesID=14df0b09e3aa487418a24578b027fc2b 
Number of updated asset objects reloaded before import = 0
Number of asset objects unloaded after import = 1
========================================================================
Received Import Request.
  Time of request: 2026-09-04T15:31:59.8528922Z
  Time since last request: 0.0001911 seconds.
  importAddress: GUID: bc45f85c523f60641ac5ecf5c30dae29 - Path: Packages/com.unity.render-pipelines.universal/Editor/2D/ShaderGraph/Targets/SpriteSubTargetUtility.cs - Importer: ScriptedImporter/UnityEditor.QuickSearchModule:UnityEditor.Search:ASIAI0B
Importing 'GUID: bc45f85c523f60641ac5ecf5c30dae29 - Path: Packages/com.unity.render-pipelines.universal/Editor/2D/ShaderGraph/Targets/SpriteSubTargetUtility.cs - Importer: ScriptedImporter/UnityEditor.QuickSearchModule:UnityEditor.Search:ASIAI0B' with importer (ScriptedImporter : UnityEditor.QuickSearchModule:UnityEditor.Search:ASIAI0B)
Imported 'GUID: bc45f85c523f60641ac5ecf5c30dae29' -> (Import Result ID: 'c9c7fc3be78acc1bd2df0957acec2deb') in 0.011 seconds [static and dynamic dependencies]. Details - ImportResultOutputID=7ae3a19f6e3067da008f5ef93fba5638 DependenciesID=9f573d1bdca8ec41b0884f930aac7ea4 StaticDependenciesID=520db17b4c84d85d9765ed1c800f7234 
Number of updated asset objects reloaded before import = 0
Number of asset objects unloaded after import = 0
========================================================================
Received Import Request.
  Time of request: 2026-09-04T15:31:59.8703022Z
  Time since last request: 0.0002744 seconds.
  importAddress: GUID: a8438a1564134e1fbb2669e697bee11f - Path: Packages/com.unity.render-pipelines.universal/Editor/2D/ShaderGraph/AssetCallbacks/CreateSpriteCustomLitShaderGraph.cs - Importer: ScriptedImporter/UnityEditor.QuickSearchModule:UnityEditor.Search:ASIAI0B
Importing 'GUID: a8438a1564134e1fbb2669e697bee11f - Path: Packages/com.unity.render-pipelines.universal/Editor/2D/ShaderGraph/AssetCallbacks/CreateSpriteCustomLitShaderGraph.cs - Importer: ScriptedImporter/UnityEditor.QuickSearchModule:UnityEditor.Search:ASIAI0B' with importer (ScriptedImporter : UnityEditor.QuickSearchModule:UnityEditor.Search:ASIAI0B)
Imported 'GUID: a8438a1564134e1fbb2669e697bee11f' -> (Import Result ID: 'eeacc3b57f4e360d665d6da6fc23fe6e') in 0.005 seconds [static and dynamic dependencies]. Details - ImportResultOutputID=1d9c0679d0af26291bb8ff17175c8e32 DependenciesID=a213236635197c0af3a7a5cb1603b181 StaticDependenciesID=544e9adef31c4ef0dfda942132483452 
Number of updated asset objects reloaded before import = 0
Number of asset objects unloaded after import = 0
========================================================================
Received Import Request.
  Time of request: 2026-09-04T15:31:59.888788Z
  Time since last request: 0.0001903 seconds.
  importAddress: GUID: ea1514729d7120344b27dcd67fbf34de - Path: Packages/com.unity.render-pipelines.universal/Editor/2D/ShaderGraph/Targets/UniversalSpriteLitSubTarget.cs - Importer: ScriptedImporter/UnityEditor.QuickSearchModule:UnityEditor.Search:ASIAI0B
Importing 'GUID: ea1514729d7120344b27dcd67fbf34de - Path: Packages/com.unity.render-pipelines.universal/Editor/2D/ShaderGraph/Targets/UniversalSpriteLitSubTarget.cs - Importer: ScriptedImporter/UnityEditor.QuickSearchModule:UnityEditor.Search:ASIAI0B' with importer (ScriptedImporter : UnityEditor.QuickSearchModule:UnityEditor.Search:ASIAI0B)
Imported 'GUID: ea1514729d7120344b27dcd67fbf34de' -> (Import Result ID: '4c7a897b93c7e37bf11236a487848108') in 0.006 seconds [static and dynamic dependencies]. Details - ImportResultOutputID=39ce32cd81f70f379718926d3c998c48 DependenciesID=ded8916561f80ab5b24362587bb3e06f StaticDependenciesID=1a1c19bfc0141764b72fb8b02402e7a8 
Number of updated asset objects reloaded before import = 0
Number of asset objects unloaded after import = 0
========================================================================
Received Import Request.
  Time of request: 2026-09-04T15:31:59.9029672Z
  Time since last request: 0.0001572 seconds.
  importAddress: GUID: 8813ce52b5a413e40b14da5290946105 - Path: Packages/com.unity.render-pipelines.universal/Editor/2D/ShaderGraph/Targets/Universal2DSubTargetDescriptors.cs - Importer: ScriptedImporter/UnityEditor.QuickSearchModule:UnityEditor.Search:ASIAI0B
Importing 'GUID: 8813ce52b5a413e40b14da5290946105 - Path: Packages/com.unity.render-pipelines.universal/Editor/2D/ShaderGraph/Targets/Universal2DSubTargetDescriptors.cs - Importer: ScriptedImporter/UnityEditor.QuickSearchModule:UnityEditor.Search:ASIAI0B' with importer (ScriptedImporter : UnityEditor.QuickSearchModule:UnityEditor.Search:ASIAI0B)
Imported 'GUID: 8813ce52b5a413e40b14da5290946105' -> (Import Result ID: '5f2e174c10be76bcdb3a9398fe0adb35') in 0.006 seconds [static and dynamic dependencies]. Details - ImportResultOutputID=8e712204d668dad0839944603f33ef6c DependenciesID=3a3c28975610d3d051b1655b1b68daf3 StaticDependenciesID=d821d5abe4ee00467829ae91a0b4588d 
Number of updated asset objects reloaded before import = 0
Number of asset objects unloaded after import = 0
========================================================================
Received Import Request.
  Time of request: 2026-09-04T15:31:59.9171567Z
  Time since last request: 0.0002837 seconds.
  importAddress: GUID: 1bbf55e7974743d8babdda480740a760 - Path: Packages/com.unity.render-pipelines.universal/Editor/2D/ShaderGraph/Targets/UniversalSpriteCustomLitSubTarget.cs - Importer: ScriptedImporter/UnityEditor.QuickSearchModule:UnityEditor.Search:ASIAI0B
Importing 'GUID: 1bbf55e7974743d8babdda480740a760 - Path: Packages/com.unity.render-pipelines.universal/Editor/2D/ShaderGraph/Targets/UniversalSpriteCustomLitSubTarget.cs - Importer: ScriptedImporter/UnityEditor.QuickSearchModule:UnityEditor.Search:ASIAI0B' with importer (ScriptedImporter : UnityEditor.QuickSearchModule:UnityEditor.Search:ASIAI0B)
Imported 'GUID: 1bbf55e7974743d8babdda480740a760' -> (Import Result ID: 'ab12563680437c4ecbc736c8a5f27c72') in 0.006 seconds [static and dynamic dependencies]. Details - ImportResultOutputID=1095f068972883b95d19a5eb95c09cdd DependenciesID=2302ae3550fdaceed16fc63d4bea8209 StaticDependenciesID=e748285dd113467a25b95a403ed07cb2 
Number of updated asset objects reloaded before import = 0
Number of asset objects unloaded after import = 0
========================================================================
Received Import Request.
  Time of request: 2026-09-04T15:31:59.932628Z
  Time since last request: 0.0003369 seconds.
  importAddress: GUID: b52dc03557c43a54dba259bd9f78a779 - Path: Packages/com.unity.render-pipelines.universal/Editor/2D/ShaderGraph/Nodes/SpriteSkinningNode.cs - Importer: ScriptedImporter/UnityEditor.QuickSearchModule:UnityEditor.Search:ASIAI0B
Importing 'GUID: b52dc03557c43a54dba259bd9f78a779 - Path: Packages/com.unity.render-pipelines.universal/Editor/2D/ShaderGraph/Nodes/SpriteSkinningNode.cs - Importer: ScriptedImporter/UnityEditor.QuickSearchModule:UnityEditor.Search:ASIAI0B' with importer (ScriptedImporter : UnityEditor.QuickSearchModule:UnityEditor.Search:ASIAI0B)
Imported 'GUID: b52dc03557c43a54dba259bd9f78a779' -> (Import Result ID: 'd21961a578636c6bdc4a5b7bc6f8cdb1') in 0.004 seconds [static and dynamic dependencies]. Details - ImportResultOutputID=cfae1c6b35ffad7a3d79e7f07b678b5d DependenciesID=c7a67001916a3943b04eda4b9909b956 StaticDependenciesID=787536609753ca0e1d4009950defbfff 
Number of updated asset objects reloaded before import = 0
Number of asset objects unloaded after import = 0
========================================================================
Received Import Request.
  Time of request: 2026-09-04T15:31:59.944124Z
  Time since last request: 0.0002548 seconds.
  importAddress: GUID: 071e954febf155243a6c81e48f452644 - Path: Packages/com.unity.render-pipelines.universal/Textures/BlueNoise16/L/LDR_LLL1_9.png - Importer: ScriptedImporter/UnityEditor.QuickSearchModule:UnityEditor.Search:ASIAI0B
Importing 'GUID: 071e954febf155243a6c81e48f452644 - Path: Packages/com.unity.render-pipelines.universal/Textures/BlueNoise16/L/LDR_LLL1_9.png - Importer: ScriptedImporter/UnityEditor.QuickSearchModule:UnityEditor.Search:ASIAI0B' with importer (ScriptedImporter : UnityEditor.QuickSearchModule:UnityEditor.Search:ASIAI0B)
Imported 'GUID: 071e954febf155243a6c81e48f452644' -> (Import Result ID: 'b4d5edcbac1a77a7b8cfb429411fd00a') in 0.006 seconds [static and dynamic dependencies]. Details - ImportResultOutputID=13896f3d3e48b9f15624c11e21590a30 DependenciesID=ca7352c123832e1970027428fad7580a StaticDependenciesID=83db2f8ef549ec216b09c7777d48fbb4 
Number of updated asset objects reloaded before import = 0
Number of asset objects unloaded after import = 1
========================================================================
Received Import Request.
  Time of request: 2026-09-04T15:31:59.9576021Z
  Time since last request: 0.0002348 seconds.
  importAddress: GUID: 47a45908f6db0cb44a0d5e961143afec - Path: Packages/com.unity.render-pipelines.universal/Textures/BlueNoise16/L/LDR_LLL1_14.png - Importer: ScriptedImporter/UnityEditor.QuickSearchModule:UnityEditor.Search:ASIAI0B
Importing 'GUID: 47a45908f6db0cb44a0d5e961143afec - Path: Packages/com.unity.render-pipelines.universal/Textures/BlueNoise16/L/LDR_LLL1_14.png - Importer: ScriptedImporter/UnityEditor.QuickSearchModule:UnityEditor.Search:ASIAI0B' with importer (ScriptedImporter : UnityEditor.QuickSearchModule:UnityEditor.Search:ASIAI0B)
Imported 'GUID: 47a45908f6db0cb44a0d5e961143afec' -> (Import Result ID: 'c49e0e330c5b3505bcb8ac77536c4cb6') in 0.006 seconds [static and dynamic dependencies]. Details - ImportResultOutputID=cd341cf3beb2bcb9dde71423f5a5f6cc DependenciesID=3101dce8f4102e00b01d3277db5274f3 StaticDependenciesID=db6216d8414b66b3e251fc138f5541d2 
Number of updated asset objects reloaded before import = 0
Number of asset objects unloaded after import = 1
========================================================================
Received Import Request.
  Time of request: 2026-09-04T15:31:59.9712969Z
  Time since last request: 0.0002152 seconds.
  importAddress: GUID: c94ad916058dff743b0f1c969ddbe660 - Path: Packages/com.unity.render-pipelines.universal/Textures/BlueNoise16/L/LDR_LLL1_7.png - Importer: ScriptedImporter/UnityEditor.QuickSearchModule:UnityEditor.Search:ASIAI0B
Importing 'GUID: c94ad916058dff743b0f1c969ddbe660 - Path: Packages/com.unity.render-pipelines.universal/Textures/BlueNoise16/L/LDR_LLL1_7.png - Importer: ScriptedImporter/UnityEditor.QuickSearchModule:UnityEditor.Search:ASIAI0B' with importer (ScriptedImporter : UnityEditor.QuickSearchModule:UnityEditor.Search:ASIAI0B)
Imported 'GUID: c94ad916058dff743b0f1c969ddbe660' -> (Import Result ID: 'a94c63ab3e6753e98a431b5e80909484') in 0.008 seconds [static and dynamic dependencies]. Details - ImportResultOutputID=fe5cafc36ea99f10adb67ea3f6cdb1c8 DependenciesID=2ef7f213f027d3810a5c90edf9117931 StaticDependenciesID=3cfeeec73a90eb24e0965390702688f5 
Number of updated asset objects reloaded before import = 0
Number of asset objects unloaded after import = 1
========================================================================
Received Import Request.
  Time of request: 2026-09-04T15:31:59.9854392Z
  Time since last request: 0.0002078 seconds.
  importAddress: GUID: 6970aba7f3c314f4fa5d5b93188b6de3 - Path: Packages/com.unity.render-pipelines.universal/Editor/ShaderGraph/Includes/Terrain/PBRGBufferPass.hlsl - Importer: ScriptedImporter/UnityEditor.QuickSearchModule:UnityEditor.Search:ASIAI0B
Importing 'GUID: 6970aba7f3c314f4fa5d5b93188b6de3 - Path: Packages/com.unity.render-pipelines.universal/Editor/ShaderGraph/Includes/Terrain/PBRGBufferPass.hlsl - Importer: ScriptedImporter/UnityEditor.QuickSearchModule:UnityEditor.Search:ASIAI0B' with importer (ScriptedImporter : UnityEditor.QuickSearchModule:UnityEditor.Search:ASIAI0B)
Imported 'GUID: 6970aba7f3c314f4fa5d5b93188b6de3' -> (Import Result ID: '9ac87d69046793bc8ea9f92525b5cf6c') in 0.004 seconds [static and dynamic dependencies]. Details - ImportResultOutputID=9d6433b636e783cf59d4ae518742044f DependenciesID=e2565b5174809bcae670ef00e0e48d2a StaticDependenciesID=20bb24bd473c96ac6ee82f3a63e9b405 
Number of updated asset objects reloaded before import = 0
Number of asset objects unloaded after import = 1
========================================================================
Received Import Request.
  Time of request: 2026-09-04T15:31:59.9948186Z
  Time since last request: 0.0002432 seconds.
  importAddress: GUID: de06e51a002915c43a237aa558ee66e7 - Path: Packages/com.unity.render-pipelines.universal/Editor/2D/ShaderGraph/Targets/UniversalMeshUnlitInfo.cs - Importer: ScriptedImporter/UnityEditor.QuickSearchModule:UnityEditor.Search:ASIAI0B
Importing 'GUID: de06e51a002915c43a237aa558ee66e7 - Path: Packages/com.unity.render-pipelines.universal/Editor/2D/ShaderGraph/Targets/UniversalMeshUnlitInfo.cs - Importer: ScriptedImporter/UnityEditor.QuickSearchModule:UnityEditor.Search:ASIAI0B' with importer (ScriptedImporter : UnityEditor.QuickSearchModule:UnityEditor.Search:ASIAI0B)
Imported 'GUID: de06e51a002915c43a237aa558ee66e7' -> (Import Result ID: 'ee3aac7121a1ffc44e0a7e1a1df67417') in 0.004 seconds [static and dynamic dependencies]. Details - ImportResultOutputID=c1b59ead9751b0a1b7e72daf467444f0 DependenciesID=fc886d63f900c4bca8f5710c22809eed StaticDependenciesID=725ba52fe3e99dd1ad73a035e60d9a63 
Number of updated asset objects reloaded before import = 0
Number of asset objects unloaded after import = 0
========================================================================
Received Import Request.
  Time of request: 2026-09-04T15:32:00.0058235Z
  Time since last request: 0.0002484 seconds.
  importAddress: GUID: 1d05733e1c6394a479c53e1428a543dd - Path: Packages/com.unity.render-pipelines.universal/Editor/2D/ShaderGraph/Targets/UniversalMeshLitInfo.cs - Importer: ScriptedImporter/UnityEditor.QuickSearchModule:UnityEditor.Search:ASIAI0B
Importing 'GUID: 1d05733e1c6394a479c53e1428a543dd - Path: Packages/com.unity.render-pipelines.universal/Editor/2D/ShaderGraph/Targets/UniversalMeshLitInfo.cs - Importer: ScriptedImporter/UnityEditor.QuickSearchModule:UnityEditor.Search:ASIAI0B' with importer (ScriptedImporter : UnityEditor.QuickSearchModule:UnityEditor.Search:ASIAI0B)
Imported 'GUID: 1d05733e1c6394a479c53e1428a543dd' -> (Import Result ID: '75944989535d1d7d72d6fa15e6af59b9') in 0.004 seconds [static and dynamic dependencies]. Details - ImportResultOutputID=aa201f6dc60242116bb479f6963922dc DependenciesID=cfa176bbda6f604620eb3be46b9437a7 StaticDependenciesID=13e38746c908466642203245005a579e 
Number of updated asset objects reloaded before import = 0
Number of asset objects unloaded after import = 0
========================================================================
Received Import Request.
  Time of request: 2026-09-04T15:32:00.0191218Z
  Time since last request: 0.0003783 seconds.
  importAddress: GUID: 4ad8b54817d9f5441910014b5ceb8583 - Path: Packages/com.unity.render-pipelines.universal/Editor/2D/ShaderGraph/Includes/SpriteForwardPass.hlsl - Importer: ScriptedImporter/UnityEditor.QuickSearchModule:UnityEditor.Search:ASIAI0B
Importing 'GUID: 4ad8b54817d9f5441910014b5ceb8583 - Path: Packages/com.unity.render-pipelines.universal/Editor/2D/ShaderGraph/Includes/SpriteForwardPass.hlsl - Importer: ScriptedImporter/UnityEditor.QuickSearchModule:UnityEditor.Search:ASIAI0B' with importer (ScriptedImporter : UnityEditor.QuickSearchModule:UnityEditor.Search:ASIAI0B)
Imported 'GUID: 4ad8b54817d9f5441910014b5ceb8583' -> (Import Result ID: '428e3bd093ace150892eb9df02a2101e') in 0.003 seconds [static and dynamic dependencies]. Details - ImportResultOutputID=2b47d0dccdb86771345bcaccf86bbc56 DependenciesID=3a69b4518bb65d15ab2e0d581aff5dc1 StaticDependenciesID=a4c708c15708e9637c194e4b8537ce5f 
Number of updated asset objects reloaded before import = 0
Number of asset objects unloaded after import = 1
========================================================================
Received Import Request.
  Time of request: 2026-09-04T15:32:00.0495617Z
  Time since last request: 0.0205766 seconds.
  importAddress: GUID: 1f1277c79080f894d826683283a48ecf - Path: Packages/com.unity.render-pipelines.universal/Editor/Tools/Converters/AnimationClipConverter/AnimationClipConverter.cs - Importer: ScriptedImporter/UnityEditor.QuickSearchModule:UnityEditor.Search:ASIAI0B
Importing 'GUID: 1f1277c79080f894d826683283a48ecf - Path: Packages/com.unity.render-pipelines.universal/Editor/Tools/Converters/AnimationClipConverter/AnimationClipConverter.cs - Importer: ScriptedImporter/UnityEditor.QuickSearchModule:UnityEditor.Search:ASIAI0B' with importer (ScriptedImporter : UnityEditor.QuickSearchModule:UnityEditor.Search:ASIAI0B)
Imported 'GUID: 1f1277c79080f894d826683283a48ecf' -> (Import Result ID: '4c434bc75da42603cce12359fffd2796') in 0.004 seconds [static and dynamic dependencies]. Details - ImportResultOutputID=943a581cd6e71fc717bf2014c76e2333 DependenciesID=6b974fa9fc09c5f13896c262e049f775 StaticDependenciesID=da0fa31dab064ed98958d701f2a11c88 
Number of updated asset objects reloaded before import = 0
Number of asset objects unloaded after import = 0
========================================================================
Received Import Request.
  Time of request: 2026-09-04T15:32:00.0600444Z
  Time since last request: 0.000215 seconds.
  importAddress: GUID: a2edf664af334144a8ad0aed989753d3 - Path: Packages/com.unity.render-pipelines.universal/Runtime/2D/Passes/Utility/LayerDebug.cs - Importer: ScriptedImporter/UnityEditor.QuickSearchModule:UnityEditor.Search:ASIAI0B
Importing 'GUID: a2edf664af334144a8ad0aed989753d3 - Path: Packages/com.unity.render-pipelines.universal/Runtime/2D/Passes/Utility/LayerDebug.cs - Importer: ScriptedImporter/UnityEditor.QuickSearchModule:UnityEditor.Search:ASIAI0B' with importer (ScriptedImporter : UnityEditor.QuickSearchModule:UnityEditor.Search:ASIAI0B)
Imported 'GUID: a2edf664af334144a8ad0aed989753d3' -> (Import Result ID: 'ea15c33f025436f8e46f152fc5f1e821') in 0.004 seconds [static and dynamic dependencies]. Details - ImportResultOutputID=e24b6d717ce80d5746d1d5e6f1585be9 DependenciesID=9d8130f1ce8387dd2bb8240d7c9647cf StaticDependenciesID=ccf2416d1ff65ebbaf34d72bd7755e92 
Number of updated asset objects reloaded before import = 0
Number of asset objects unloaded after import = 0
========================================================================
Received Import Request.
  Time of request: 2026-09-04T15:32:00.0715667Z
  Time since last request: 0.0002645 seconds.
  importAddress: GUID: 3a737aafdc720423fac5e90590a0f05f - Path: Packages/com.unity.render-pipelines.universal/Editor/ShaderGraph/Includes/Terrain/TerrainVert.hlsl - Importer: ScriptedImporter/UnityEditor.QuickSearchModule:UnityEditor.Search:ASIAI0B
Importing 'GUID: 3a737aafdc720423fac5e90590a0f05f - Path: Packages/com.unity.render-pipelines.universal/Editor/ShaderGraph/Includes/Terrain/TerrainVert.hlsl - Importer: ScriptedImporter/UnityEditor.QuickSearchModule:UnityEditor.Search:ASIAI0B' with importer (ScriptedImporter : UnityEditor.QuickSearchModule:UnityEditor.Search:ASIAI0B)
Imported 'GUID: 3a737aafdc720423fac5e90590a0f05f' -> (Import Result ID: '590f52b2982817d43a8690de3bd485f7') in 0.004 seconds [static and dynamic dependencies]. Details - ImportResultOutputID=c42278adca83eb4947c5ab161e352ab8 DependenciesID=24bc8d5daf4205d4487311eb4d12de96 StaticDependenciesID=e82eb409c4955371f5a7b038f7a9f493 
Number of updated asset objects reloaded before import = 0
Number of asset objects unloaded after import = 1
========================================================================
Received Import Request.
  Time of request: 2026-09-04T15:32:00.0819132Z
  Time since last request: 0.0002797 seconds.
  importAddress: GUID: 00c6893353953174b8f91323c2104421 - Path: Packages/com.unity.render-pipelines.universal/Editor/Tools/Converters/AnimationClipConverter/AnimationClipUpgrader.cs - Importer: ScriptedImporter/UnityEditor.QuickSearchModule:UnityEditor.Search:ASIAI0B
Importing 'GUID: 00c6893353953174b8f91323c2104421 - Path: Packages/com.unity.render-pipelines.universal/Editor/Tools/Converters/AnimationClipConverter/AnimationClipUpgrader.cs - Importer: ScriptedImporter/UnityEditor.QuickSearchModule:UnityEditor.Search:ASIAI0B' with importer (ScriptedImporter : UnityEditor.QuickSearchModule:UnityEditor.Search:ASIAI0B)
Imported 'GUID: 00c6893353953174b8f91323c2104421' -> (Import Result ID: '20db4cf6251501c609f3362ca662f57e') in 0.004 seconds [static and dynamic dependencies]. Details - ImportResultOutputID=89207fdea064b1365f410ee89092d352 DependenciesID=80b836e52b2b8dff30521af24ecca786 StaticDependenciesID=2a27fb7ae01aa54046a0e22d06b4e2fc 
Number of updated asset objects reloaded before import = 0
Number of asset objects unloaded after import = 0
========================================================================
Received Import Request.
  Time of request: 2026-09-04T15:32:00.0933365Z
  Time since last request: 0.0003237 seconds.
  importAddress: GUID: 995fdaab737f1d14d94e74bd8aee25e4 - Path: Packages/com.unity.render-pipelines.universal/Runtime/2D/Shadows/Shadow Provider Utility/ShadowMesh2D.cs - Importer: ScriptedImporter/UnityEditor.QuickSearchModule:UnityEditor.Search:ASIAI0B
Importing 'GUID: 995fdaab737f1d14d94e74bd8aee25e4 - Path: Packages/com.unity.render-pipelines.universal/Runtime/2D/Shadows/Shadow Provider Utility/ShadowMesh2D.cs - Importer: ScriptedImporter/UnityEditor.QuickSearchModule:UnityEditor.Search:ASIAI0B' with importer (ScriptedImporter : UnityEditor.QuickSearchModule:UnityEditor.Search:ASIAI0B)
Imported 'GUID: 995fdaab737f1d14d94e74bd8aee25e4' -> (Import Result ID: 'c6348d5c1243432b298f6146b423d1b5') in 0.004 seconds [static and dynamic dependencies]. Details - ImportResultOutputID=8f77a8c4a304679898b4c6f99abf59aa DependenciesID=b512d8aaf1282e2f676ae91e834638f5 StaticDependenciesID=1660d11bc66f0150efa1c28b9c3e5e34 
Number of updated asset objects reloaded before import = 0
Number of asset objects unloaded after import = 0
========================================================================
Received Import Request.
  Time of request: 2026-09-04T15:32:00.1040593Z
  Time since last request: 0.0001619 seconds.
  importAddress: GUID: a58595a2272db1745b731ea6eadf98f7 - Path: Packages/com.unity.render-pipelines.universal/Editor/Tools/Converters/AnimationClipConverter/AnimationClipUpgradePathsCache.cs - Importer: ScriptedImporter/UnityEditor.QuickSearchModule:UnityEditor.Search:ASIAI0B
Importing 'GUID: a58595a2272db1745b731ea6eadf98f7 - Path: Packages/com.unity.render-pipelines.universal/Editor/Tools/Converters/AnimationClipConverter/AnimationClipUpgradePathsCache.cs - Importer: ScriptedImporter/UnityEditor.QuickSearchModule:UnityEditor.Search:ASIAI0B' with importer (ScriptedImporter : UnityEditor.QuickSearchModule:UnityEditor.Search:ASIAI0B)
Imported 'GUID: a58595a2272db1745b731ea6eadf98f7' -> (Import Result ID: 'da5d986ec42e461fad8b983702a1c662') in 0.004 seconds [static and dynamic dependencies]. Details - ImportResultOutputID=b8899bb44c3f3490e83970687ddc766d DependenciesID=eb561c92ab6bc4151f9ba7dcc301e817 StaticDependenciesID=5a06956a7542e446ac9128977dca9cb9 
Number of updated asset objects reloaded before import = 0
Number of asset objects unloaded after import = 0
========================================================================
Received Import Request.
  Time of request: 2026-09-04T15:32:00.1160187Z
  Time since last request: 0.0002086 seconds.
  importAddress: GUID: 5e151e0faedc4a8ea681032f3bd79061 - Path: Packages/com.unity.render-pipelines.universal/Editor/VFXGraph/Shaders/Templates/VFXPassDepthCommonFragmentLit.template - Importer: ScriptedImporter/UnityEditor.QuickSearchModule:UnityEditor.Search:ASIAI0B
Importing 'GUID: 5e151e0faedc4a8ea681032f3bd79061 - Path: Packages/com.unity.render-pipelines.universal/Editor/VFXGraph/Shaders/Templates/VFXPassDepthCommonFragmentLit.template - Importer: ScriptedImporter/UnityEditor.QuickSearchModule:UnityEditor.Search:ASIAI0B' with importer (ScriptedImporter : UnityEditor.QuickSearchModule:UnityEditor.Search:ASIAI0B)
Imported 'GUID: 5e151e0faedc4a8ea681032f3bd79061' -> (Import Result ID: '03cb432aac09057c1763cf5e2b25e1de') in 0.003 seconds [static and dynamic dependencies]. Details - ImportResultOutputID=f9f429f62ebc5dc9c3a21caa9d2a3e55 DependenciesID=b4680fa28b9f7298264d6ebf886948de StaticDependenciesID=387bcf02c9a547fef82ddc81b35a0a3b 
Number of updated asset objects reloaded before import = 0
Number of asset objects unloaded after import = 1
========================================================================
Received Import Request.
  Time of request: 2026-09-04T15:32:00.127311Z
  Time since last request: 0.0002923 seconds.
  importAddress: GUID: 27e716c92bd24f94a8eb7f5d18240b6d - Path: Packages/com.unity.render-pipelines.universal/Runtime/2D/Shadows/Shadow Provider Utility/ShadowEdge.cs - Importer: ScriptedImporter/UnityEditor.QuickSearchModule:UnityEditor.Search:ASIAI0B
Importing 'GUID: 27e716c92bd24f94a8eb7f5d18240b6d - Path: Packages/com.unity.render-pipelines.universal/Runtime/2D/Shadows/Shadow Provider Utility/ShadowEdge.cs - Importer: ScriptedImporter/UnityEditor.QuickSearchModule:UnityEditor.Search:ASIAI0B' with importer (ScriptedImporter : UnityEditor.QuickSearchModule:UnityEditor.Search:ASIAI0B)
Imported 'GUID: 27e716c92bd24f94a8eb7f5d18240b6d' -> (Import Result ID: 'a78fab5384c18d12524a417d7e1076de') in 0.003 seconds [static and dynamic dependencies]. Details - ImportResultOutputID=28c0f1d5db79fd4f4ccf29806362c50d DependenciesID=169d76c73abd5f8cd9d4ccdb7c2af8c0 StaticDependenciesID=84c57f1e2cd7766acee347ae9310af2a 
Number of updated asset objects reloaded before import = 0
Number of asset objects unloaded after import = 0
========================================================================
Received Import Request.
  Time of request: 2026-09-04T15:32:00.1520212Z
  Time since last request: 0.0144727 seconds.
  importAddress: GUID: 286d87cbf8c19c749b69078915c9be88 - Path: Packages/com.unity.render-pipelines.universal/Editor/VFXGraph/Shaders/Templates/ParticleMeshesLit/PassForward.template - Importer: ScriptedImporter/UnityEditor.QuickSearchModule:UnityEditor.Search:ASIAI0B
Importing 'GUID: 286d87cbf8c19c749b69078915c9be88 - Path: Packages/com.unity.render-pipelines.universal/Editor/VFXGraph/Shaders/Templates/ParticleMeshesLit/PassForward.template - Importer: ScriptedImporter/UnityEditor.QuickSearchModule:UnityEditor.Search:ASIAI0B' with importer (ScriptedImporter : UnityEditor.QuickSearchModule:UnityEditor.Search:ASIAI0B)
Imported 'GUID: 286d87cbf8c19c749b69078915c9be88' -> (Import Result ID: 'db23fd2c3ab7906c82233a6446c809c5') in 0.004 seconds [static and dynamic dependencies]. Details - ImportResultOutputID=b0072e57ce88d553349fe85eb9bfc0a3 DependenciesID=93367744c267c84d41c313ae1c96a113 StaticDependenciesID=4622f46e8398681faba2e7d3249f612b 
Number of updated asset objects reloaded before import = 0
Number of asset objects unloaded after import = 1
========================================================================
Received Import Request.
  Time of request: 2026-09-04T15:32:00.1637503Z
  Time since last request: 0.0002445 seconds.
  importAddress: GUID: ef0ef98463379a649ba68d026c95ea4d - Path: Packages/com.unity.render-pipelines.universal/Editor/Tools/Converters/PPv2/EffectConverters/LensDistortionConverter.cs - Importer: ScriptedImporter/UnityEditor.QuickSearchModule:UnityEditor.Search:ASIAI0B
Importing 'GUID: ef0ef98463379a649ba68d026c95ea4d - Path: Packages/com.unity.render-pipelines.universal/Editor/Tools/Converters/PPv2/EffectConverters/LensDistortionConverter.cs - Importer: ScriptedImporter/UnityEditor.QuickSearchModule:UnityEditor.Search:ASIAI0B' with importer (ScriptedImporter : UnityEditor.QuickSearchModule:UnityEditor.Search:ASIAI0B)
Imported 'GUID: ef0ef98463379a649ba68d026c95ea4d' -> (Import Result ID: '27dfda5154e9136a304deca40f0572ef') in 0.003 seconds [static and dynamic dependencies]. Details - ImportResultOutputID=2a6bfcb2d78a4f38738fc9748679310b DependenciesID=9576ff820764e6d73dd60fb5bf868c59 StaticDependenciesID=70a6abd3ef39556fd70d9a8bfb83a2ef 
Number of updated asset objects reloaded before import = 0
Number of asset objects unloaded after import = 0
========================================================================
Received Import Request.
  Time of request: 2026-09-04T15:32:00.1737388Z
  Time since last request: 0.0002073 seconds.
  importAddress: GUID: 77e942a6f106f7746bec78ed934de11a - Path: Packages/com.unity.render-pipelines.universal/Editor/VFXGraph/Shaders/Templates/ParticleMeshesLit/Pass.template - Importer: ScriptedImporter/UnityEditor.QuickSearchModule:UnityEditor.Search:ASIAI0B
Importing 'GUID: 77e942a6f106f7746bec78ed934de11a - Path: Packages/com.unity.render-pipelines.universal/Editor/VFXGraph/Shaders/Templates/ParticleMeshesLit/Pass.template - Importer: ScriptedImporter/UnityEditor.QuickSearchModule:UnityEditor.Search:ASIAI0B' with importer (ScriptedImporter : UnityEditor.QuickSearchModule:UnityEditor.Search:ASIAI0B)
Imported 'GUID: 77e942a6f106f7746bec78ed934de11a' -> (Import Result ID: '12dc47040c5f1949a8113cfdd8f795f6') in 0.004 seconds [static and dynamic dependencies]. Details - ImportResultOutputID=0333e110633a77f2c087aac710b8d13a DependenciesID=c48a42cab2212ed795ac4e9614a3a249 StaticDependenciesID=1424d9be7ee40c4d19462bca55c1a676 
Number of updated asset objects reloaded before import = 0
Number of asset objects unloaded after import = 1
========================================================================
Received Import Request.
  Time of request: 2026-09-04T15:32:00.1842083Z
  Time since last request: 0.0001806 seconds.
  importAddress: GUID: aa79bbd82ff697846b2723bb624f5b5c - Path: Packages/com.unity.render-pipelines.universal/Editor/Tools/Converters/PPv2/EffectConverters/DepthOfFieldConverter.cs - Importer: ScriptedImporter/UnityEditor.QuickSearchModule:UnityEditor.Search:ASIAI0B
Importing 'GUID: aa79bbd82ff697846b2723bb624f5b5c - Path: Packages/com.unity.render-pipelines.universal/Editor/Tools/Converters/PPv2/EffectConverters/DepthOfFieldConverter.cs - Importer: ScriptedImporter/UnityEditor.QuickSearchModule:UnityEditor.Search:ASIAI0B' with importer (ScriptedImporter : UnityEditor.QuickSearchModule:UnityEditor.Search:ASIAI0B)
Imported 'GUID: aa79bbd82ff697846b2723bb624f5b5c' -> (Import Result ID: 'a07468fea0f6480c428baf0e03ffdb4d') in 0.003 seconds [static and dynamic dependencies]. Details - ImportResultOutputID=4cb014d6ca521b2a593e76b9256b5855 DependenciesID=34191c8fadd87e4571539e4719a44b43 StaticDependenciesID=bb9bc0442b7258e5510b9937721a0e0d 
Number of updated asset objects reloaded before import = 0
Number of asset objects unloaded after import = 0
========================================================================
Received Import Request.
  Time of request: 2026-09-04T15:32:00.1949416Z
  Time since last request: 0.000459 seconds.
  importAddress: GUID: 9e62eb3c33b50c54badb6f7cd6eb7a8c - Path: Packages/com.unity.render-pipelines.universal/Editor/VFXGraph/Shaders/Templates/ParticleMeshesLit/PassShadowCaster.template - Importer: ScriptedImporter/UnityEditor.QuickSearchModule:UnityEditor.Search:ASIAI0B
Importing 'GUID: 9e62eb3c33b50c54badb6f7cd6eb7a8c - Path: Packages/com.unity.render-pipelines.universal/Editor/VFXGraph/Shaders/Templates/ParticleMeshesLit/PassShadowCaster.template - Importer: ScriptedImporter/UnityEditor.QuickSearchModule:UnityEditor.Search:ASIAI0B' with importer (ScriptedImporter : UnityEditor.QuickSearchModule:UnityEditor.Search:ASIAI0B)
Imported 'GUID: 9e62eb3c33b50c54badb6f7cd6eb7a8c' -> (Import Result ID: '7d26179b34cf4f7b57768d2743401149') in 0.005 seconds [static and dynamic dependencies]. Details - ImportResultOutputID=dabee349cf0f3cf4e0c414af29d32e5f DependenciesID=bab2f5b764febe6f03bba06d2816ad80 StaticDependenciesID=63db2971147a5e8a7ed71e0aaf44b6c9 
Number of updated asset objects reloaded before import = 0
Number of asset objects unloaded after import = 1
========================================================================
Received Import Request.
  Time of request: 2026-09-04T15:32:00.2077661Z
  Time since last request: 0.0002935 seconds.
  importAddress: GUID: 37d26d1c1d738be4cba8c98b84ff0da3 - Path: Packages/com.unity.render-pipelines.universal/Editor/VFXGraph/Shaders/Templates/ParticlePlanarPrimitivesLit/PassDepth.template - Importer: ScriptedImporter/UnityEditor.QuickSearchModule:UnityEditor.Search:ASIAI0B
Importing 'GUID: 37d26d1c1d738be4cba8c98b84ff0da3 - Path: Packages/com.unity.render-pipelines.universal/Editor/VFXGraph/Shaders/Templates/ParticlePlanarPrimitivesLit/PassDepth.template - Importer: ScriptedImporter/UnityEditor.QuickSearchModule:UnityEditor.Search:ASIAI0B' with importer (ScriptedImporter : UnityEditor.QuickSearchModule:UnityEditor.Search:ASIAI0B)
Imported 'GUID: 37d26d1c1d738be4cba8c98b84ff0da3' -> (Import Result ID: 'a931d02d8f412b8df85532db21e4ec37') in 0.004 seconds [static and dynamic dependencies]. Details - ImportResultOutputID=76270cc64004bea113f8e1f173aa1eb1 DependenciesID=ee17e3215c4c8dabccd249ce1c47d768 StaticDependenciesID=da678f1de84d7e1abdd1207fbe2b8c6a 
Number of updated asset objects reloaded before import = 0
Number of asset objects unloaded after import = 1
========================================================================
Received Import Request.
  Time of request: 2026-09-04T15:32:00.2353787Z
  Time since last request: 0.015948 seconds.
  importAddress: GUID: 9efeaf56a8f5826418111f0d669150c1 - Path: Packages/com.unity.render-pipelines.universal/Editor/VFXGraph/Shaders/Templates/ParticlePlanarPrimitivesLit/PassGBuffer.template - Importer: ScriptedImporter/UnityEditor.QuickSearchModule:UnityEditor.Search:ASIAI0B
Importing 'GUID: 9efeaf56a8f5826418111f0d669150c1 - Path: Packages/com.unity.render-pipelines.universal/Editor/VFXGraph/Shaders/Templates/ParticlePlanarPrimitivesLit/PassGBuffer.template - Importer: ScriptedImporter/UnityEditor.QuickSearchModule:UnityEditor.Search:ASIAI0B' with importer (ScriptedImporter : UnityEditor.QuickSearchModule:UnityEditor.Search:ASIAI0B)
Imported 'GUID: 9efeaf56a8f5826418111f0d669150c1' -> (Import Result ID: 'df728ca4057399e97143bf0b43004076') in 0.008 seconds [static and dynamic dependencies]. Details - ImportResultOutputID=31bc891b8d9900e28c121081e2a679c0 DependenciesID=950780254b8186d659d7e2828b16ac65 StaticDependenciesID=c6c5728400e42259c1bf743d59c6ca72 
Number of updated asset objects reloaded before import = 0
Number of asset objects unloaded after import = 1
========================================================================
Received Import Request.
  Time of request: 2026-09-04T15:32:00.2507638Z
  Time since last request: 0.0001808 seconds.
  importAddress: GUID: 01ac01709d809ff46966b98b9ec1104d - Path: Packages/com.unity.render-pipelines.universal/Editor/VFXGraph/Shaders/Templates/ParticlePlanarPrimitivesLit/PassSelection.template - Importer: ScriptedImporter/UnityEditor.QuickSearchModule:UnityEditor.Search:ASIAI0B
Importing 'GUID: 01ac01709d809ff46966b98b9ec1104d - Path: Packages/com.unity.render-pipelines.universal/Editor/VFXGraph/Shaders/Templates/ParticlePlanarPrimitivesLit/PassSelection.template - Importer: ScriptedImporter/UnityEditor.QuickSearchModule:UnityEditor.Search:ASIAI0B' with importer (ScriptedImporter : UnityEditor.QuickSearchModule:UnityEditor.Search:ASIAI0B)
Imported 'GUID: 01ac01709d809ff46966b98b9ec1104d' -> (Import Result ID: '43d0e5c8db9ab99ab9b20bc4dd8252fa') in 0.004 seconds [static and dynamic dependencies]. Details - ImportResultOutputID=ffb2005bfba8976162342c70d1b107f5 DependenciesID=3c1a10cde93acda7afae7eeedee44bb4 StaticDependenciesID=ae47b2da2b7581868dace89d57626a57 
Number of updated asset objects reloaded before import = 0
Number of asset objects unloaded after import = 1
========================================================================
Received Import Request.
  Time of request: 2026-09-04T15:32:00.2689561Z
  Time since last request: 0.0071073 seconds.
  importAddress: GUID: d54ac06fd6ba14523a3af40273b65c4a - Path: Packages/com.unity.render-pipelines.universal/Tests/Editor/Tools/Converters/MaterialUpgrader/AutodeskInteractiveOpaqueMaterialUpgraderTest.cs - Importer: ScriptedImporter/UnityEditor.QuickSearchModule:UnityEditor.Search:ASIAI0B
Importing 'GUID: d54ac06fd6ba14523a3af40273b65c4a - Path: Packages/com.unity.render-pipelines.universal/Tests/Editor/Tools/Converters/MaterialUpgrader/AutodeskInteractiveOpaqueMaterialUpgraderTest.cs - Importer: ScriptedImporter/UnityEditor.QuickSearchModule:UnityEditor.Search:ASIAI0B' with importer (ScriptedImporter : UnityEditor.QuickSearchModule:UnityEditor.Search:ASIAI0B)
Imported 'GUID: d54ac06fd6ba14523a3af40273b65c4a' -> (Import Result ID: 'dc463f14b6d46ecfdf60d5d614c21f4f') in 0.005 seconds [static and dynamic dependencies]. Details - ImportResultOutputID=1c46a92c1924ed03e2020464afb1d3ba DependenciesID=b19529834548688864b0e487520d49ca StaticDependenciesID=0fc313fd56698a52f04ed110da5cf0c6 
Number of updated asset objects reloaded before import = 0
Number of asset objects unloaded after import = 0
========================================================================
Received Import Request.
  Time of request: 2026-09-04T15:32:00.2812849Z
  Time since last request: 0.0003148 seconds.
  importAddress: GUID: 4a2199802709cda43937144c1ae1537a - Path: Packages/com.unity.render-pipelines.universal/Tests/Editor/Tools/Converters/AnimationClipConverter/EditorCurveBindingsUtilsTests.cs - Importer: ScriptedImporter/UnityEditor.QuickSearchModule:UnityEditor.Search:ASIAI0B
Importing 'GUID: 4a2199802709cda43937144c1ae1537a - Path: Packages/com.unity.render-pipelines.universal/Tests/Editor/Tools/Converters/AnimationClipConverter/EditorCurveBindingsUtilsTests.cs - Importer: ScriptedImporter/UnityEditor.QuickSearchModule:UnityEditor.Search:ASIAI0B' with importer (ScriptedImporter : UnityEditor.QuickSearchModule:UnityEditor.Search:ASIAI0B)
Imported 'GUID: 4a2199802709cda43937144c1ae1537a' -> (Import Result ID: '53edef12a5a2b7811815b22844a4a261') in 0.005 seconds [static and dynamic dependencies]. Details - ImportResultOutputID=57c875ed60fa9e7e68dec169c4facc56 DependenciesID=ca594d7c771a27e64230bfb8f0e78191 StaticDependenciesID=a2067103a3ba8d7aeac327246cf05eb6 
Number of updated asset objects reloaded before import = 0
Number of asset objects unloaded after import = 0
========================================================================
Received Import Request.
  Time of request: 2026-09-04T15:32:00.3216182Z
  Time since last request: 0.0269662 seconds.
  importAddress: GUID: 9874d2fcd73d40b6940619e9cd482ad4 - Path: Packages/com.unity.collab-proxy/Editor/AssetMenu/ProjectViewCloudDriveAssetMenu.cs - Importer: ScriptedImporter/UnityEditor.QuickSearchModule:UnityEditor.Search:ASIAI0B
Importing 'GUID: 9874d2fcd73d40b6940619e9cd482ad4 - Path: Packages/com.unity.collab-proxy/Editor/AssetMenu/ProjectViewCloudDriveAssetMenu.cs - Importer: ScriptedImporter/UnityEditor.QuickSearchModule:UnityEditor.Search:ASIAI0B' with importer (ScriptedImporter : UnityEditor.QuickSearchModule:UnityEditor.Search:ASIAI0B)
Imported 'GUID: 9874d2fcd73d40b6940619e9cd482ad4' -> (Import Result ID: 'de3e8677da4942076542448cf307495b') in 0.004 seconds [static and dynamic dependencies]. Details - ImportResultOutputID=bd63cf7dd4c5e482b9ede91e20f21abb DependenciesID=cabb993f59595cb6dda46a95ae145443 StaticDependenciesID=9343a42e64ef0360a873ea462a259e0d 
Number of updated asset objects reloaded before import = 0
Number of asset objects unloaded after import = 0
========================================================================
Received Import Request.
  Time of request: 2026-09-04T15:32:00.3321162Z
  Time since last request: 0.0002727 seconds.
  importAddress: GUID: cd17bd02643083b43bac72747b7641ff - Path: Packages/com.unity.collab-proxy/Editor/IncomingChanges.cs - Importer: ScriptedImporter/UnityEditor.QuickSearchModule:UnityEditor.Search:ASIAI0B
Importing 'GUID: cd17bd02643083b43bac72747b7641ff - Path: Packages/com.unity.collab-proxy/Editor/IncomingChanges.cs - Importer: ScriptedImporter/UnityEditor.QuickSearchModule:UnityEditor.Search:ASIAI0B' with importer (ScriptedImporter : UnityEditor.QuickSearchModule:UnityEditor.Search:ASIAI0B)
Imported 'GUID: cd17bd02643083b43bac72747b7641ff' -> (Import Result ID: 'b0b20fdfb5e4396822019967c9deaba8') in 0.004 seconds [static and dynamic dependencies]. Details - ImportResultOutputID=606a3cd2b4f368a03c31d53d9bd466ef DependenciesID=67fbf5ecc1cbd26cbb657ebf3bd9fe76 StaticDependenciesID=25937820c10d7d496fbefd3f2bd58994 
Number of updated asset objects reloaded before import = 0
Number of asset objects unloaded after import = 0
========================================================================
Received Import Request.
  Time of request: 2026-09-04T15:32:00.34401Z
  Time since last request: 0.0002559 seconds.
  importAddress: GUID: fd38ef4911274f9987bb1282281fa3df - Path: Packages/com.unity.collab-proxy/Editor/LaunchPackageManager.cs - Importer: ScriptedImporter/UnityEditor.QuickSearchModule:UnityEditor.Search:ASIAI0B
Importing 'GUID: fd38ef4911274f9987bb1282281fa3df - Path: Packages/com.unity.collab-proxy/Editor/LaunchPackageManager.cs - Importer: ScriptedImporter/UnityEditor.QuickSearchModule:UnityEditor.Search:ASIAI0B' with importer (ScriptedImporter : UnityEditor.QuickSearchModule:UnityEditor.Search:ASIAI0B)
Imported 'GUID: fd38ef4911274f9987bb1282281fa3df' -> (Import Result ID: 'e76dfd6a8b98e7f7748d090967340403') in 0.004 seconds [static and dynamic dependencies]. Details - ImportResultOutputID=ba1443bbd6ad162f147bbaa03c6e273b DependenciesID=ad184cf29b77ef5700e41f58c017b02b StaticDependenciesID=512b19610b2e8dffb80c9b0d056cff5c 
Number of updated asset objects reloaded before import = 0
Number of asset objects unloaded after import = 0
========================================================================
Received Import Request.
  Time of request: 2026-09-04T15:32:00.3547352Z
  Time since last request: 0.0003813 seconds.
  importAddress: GUID: ca17c170df6db5042b70adc65fbe770c - Path: Packages/com.unity.collab-proxy/Editor/UVCSMenuItem.cs - Importer: ScriptedImporter/UnityEditor.QuickSearchModule:UnityEditor.Search:ASIAI0B
Importing 'GUID: ca17c170df6db5042b70adc65fbe770c - Path: Packages/com.unity.collab-proxy/Editor/UVCSMenuItem.cs - Importer: ScriptedImporter/UnityEditor.QuickSearchModule:UnityEditor.Search:ASIAI0B' with importer (ScriptedImporter : UnityEditor.QuickSearchModule:UnityEditor.Search:ASIAI0B)
Imported 'GUID: ca17c170df6db5042b70adc65fbe770c' -> (Import Result ID: 'acf14764991fff59e8de038b505f530f') in 0.003 seconds [static and dynamic dependencies]. Details - ImportResultOutputID=44329b7d6cb3ca34e8ba67c7a38a8e97 DependenciesID=e9099b9ef1e6d95eebfa3115da423c8b StaticDependenciesID=f565409ca66a448bf9846bd246592b86 
Number of updated asset objects reloaded before import = 0
Number of asset objects unloaded after import = 0
========================================================================
Received Import Request.
  Time of request: 2026-09-04T15:32:00.3646703Z
  Time since last request: 0.0002313 seconds.
  importAddress: GUID: 1e089ef91cc04ecda860ed0dda02a46f - Path: Packages/com.unity.collab-proxy/Editor/QueryVisualElementsExtensions.cs - Importer: ScriptedImporter/UnityEditor.QuickSearchModule:UnityEditor.Search:ASIAI0B
Importing 'GUID: 1e089ef91cc04ecda860ed0dda02a46f - Path: Packages/com.unity.collab-proxy/Editor/QueryVisualElementsExtensions.cs - Importer: ScriptedImporter/UnityEditor.QuickSearchModule:UnityEditor.Search:ASIAI0B' with importer (ScriptedImporter : UnityEditor.QuickSearchModule:UnityEditor.Search:ASIAI0B)
Imported 'GUID: 1e089ef91cc04ecda860ed0dda02a46f' -> (Import Result ID: '9570de0bfbf54ecf294637382655d1fe') in 0.004 seconds [static and dynamic dependencies]. Details - ImportResultOutputID=05685521b184f95cedbc90926a222e2e DependenciesID=37b59f3e00686f9f75f29040277aa8c8 StaticDependenciesID=009ea89f989c4847a1225e4ae580539a 
Number of updated asset objects reloaded before import = 0
Number of asset objects unloaded after import = 0
========================================================================
Received Import Request.
  Time of request: 2026-09-04T15:32:00.3739859Z
  Time since last request: 0.000287 seconds.
  importAddress: GUID: 19397b4b199145c5bd9ee8c1c7d5938d - Path: Packages/com.unity.collab-proxy/Editor/AssetMenu/HierarchyViewAssetSelection.cs - Importer: ScriptedImporter/UnityEditor.QuickSearchModule:UnityEditor.Search:ASIAI0B
Importing 'GUID: 19397b4b199145c5bd9ee8c1c7d5938d - Path: Packages/com.unity.collab-proxy/Editor/AssetMenu/HierarchyViewAssetSelection.cs - Importer: ScriptedImporter/UnityEditor.QuickSearchModule:UnityEditor.Search:ASIAI0B' with importer (ScriptedImporter : UnityEditor.QuickSearchModule:UnityEditor.Search:ASIAI0B)
Imported 'GUID: 19397b4b199145c5bd9ee8c1c7d5938d' -> (Import Result ID: 'f760030adbfa6b6512831757bb2c737f') in 0.003 seconds [static and dynamic dependencies]. Details - ImportResultOutputID=c30fb9673458069361c8004923c43ab4 DependenciesID=31c42c7fdf7c8cdd74ea480b9dab9f48 StaticDependenciesID=0cea93b947693b5dffed47172848b91f 
Number of updated asset objects reloaded before import = 0
Number of asset objects unloaded after import = 0
========================================================================
Received Import Request.
  Time of request: 2026-09-04T15:32:00.3846299Z
  Time since last request: 0.000222 seconds.
  importAddress: GUID: d50ac3212a7ff5a4795bf609a2a20350 - Path: Packages/com.unity.collab-proxy/Editor/AssemblyInfo.cs - Importer: ScriptedImporter/UnityEditor.QuickSearchModule:UnityEditor.Search:ASIAI0B
Importing 'GUID: d50ac3212a7ff5a4795bf609a2a20350 - Path: Packages/com.unity.collab-proxy/Editor/AssemblyInfo.cs - Importer: ScriptedImporter/UnityEditor.QuickSearchModule:UnityEditor.Search:ASIAI0B' with importer (ScriptedImporter : UnityEditor.QuickSearchModule:UnityEditor.Search:ASIAI0B)
Imported 'GUID: d50ac3212a7ff5a4795bf609a2a20350' -> (Import Result ID: '7b48e0d1dc1650fa02657000990e21d3') in 0.004 seconds [static and dynamic dependencies]. Details - ImportResultOutputID=31dae6bf2d79adce1ac3a20377e81560 DependenciesID=2f8c2c84d38f9c53650bbfffe09175b5 StaticDependenciesID=409645fe20fd2c2c8424a67f1c1d98e7 
Number of updated asset objects reloaded before import = 0
Number of asset objects unloaded after import = 0
========================================================================
Received Import Request.
  Time of request: 2026-09-04T15:32:00.3963484Z
  Time since last request: 0.0002552 seconds.
  importAddress: GUID: 896223e567b01c747b4726ef429e31ea - Path: Packages/com.unity.collab-proxy/Editor/ViewSwitcher.cs - Importer: ScriptedImporter/UnityEditor.QuickSearchModule:UnityEditor.Search:ASIAI0B
Importing 'GUID: 896223e567b01c747b4726ef429e31ea - Path: Packages/com.unity.collab-proxy/Editor/ViewSwitcher.cs - Importer: ScriptedImporter/UnityEditor.QuickSearchModule:UnityEditor.Search:ASIAI0B' with importer (ScriptedImporter : UnityEditor.QuickSearchModule:UnityEditor.Search:ASIAI0B)
Imported 'GUID: 896223e567b01c747b4726ef429e31ea' -> (Import Result ID: 'c6a7bf476ea31b694f33015e1c3778a6') in 0.005 seconds [static and dynamic dependencies]. Details - ImportResultOutputID=c3eb4e961904ce2a64506ec56bf66c16 DependenciesID=79a71566e2ef4d29e2ed3f6af3eb4f94 StaticDependenciesID=04c88c843f55afea2d8d49ae35badd38 
Number of updated asset objects reloaded before import = 0
Number of asset objects unloaded after import = 0
========================================================================
Received Import Request.
  Time of request: 2026-09-04T15:32:00.4087497Z
  Time since last request: 0.0002221 seconds.
  importAddress: GUID: 8e956137d866cfc4797b1830930ed57e - Path: Packages/com.unity.collab-proxy/Editor/ExternalLink.cs - Importer: ScriptedImporter/UnityEditor.QuickSearchModule:UnityEditor.Search:ASIAI0B
Importing 'GUID: 8e956137d866cfc4797b1830930ed57e - Path: Packages/com.unity.collab-proxy/Editor/ExternalLink.cs - Importer: ScriptedImporter/UnityEditor.QuickSearchModule:UnityEditor.Search:ASIAI0B' with importer (ScriptedImporter : UnityEditor.QuickSearchModule:UnityEditor.Search:ASIAI0B)
Imported 'GUID: 8e956137d866cfc4797b1830930ed57e' -> (Import Result ID: '989f37868f09c1305475e024e2cab787') in 0.007 seconds [static and dynamic dependencies]. Details - ImportResultOutputID=734bf8c4602dcc92a3233cee1495f422 DependenciesID=8d7f1ec65bd5caf936bf4fae933ff985 StaticDependenciesID=3591ce022e5b9bc5c888812352446667 
Number of updated asset objects reloaded before import = 0
Number of asset objects unloaded after import = 0
========================================================================
Received Import Request.
  Time of request: 2026-09-04T15:32:00.4249473Z
  Time since last request: 0.0003526 seconds.
  importAddress: GUID: f032fd1e0068a2642abd4fe8e1fd4241 - Path: Packages/com.unity.collab-proxy/Editor/EnumExtensions.cs - Importer: ScriptedImporter/UnityEditor.QuickSearchModule:UnityEditor.Search:ASIAI0B
Importing 'GUID: f032fd1e0068a2642abd4fe8e1fd4241 - Path: Packages/com.unity.collab-proxy/Editor/EnumExtensions.cs - Importer: ScriptedImporter/UnityEditor.QuickSearchModule:UnityEditor.Search:ASIAI0B' with importer (ScriptedImporter : UnityEditor.QuickSearchModule:UnityEditor.Search:ASIAI0B)
Imported 'GUID: f032fd1e0068a2642abd4fe8e1fd4241' -> (Import Result ID: 'acad869e0da966f058147855029b8900') in 0.006 seconds [static and dynamic dependencies]. Details - ImportResultOutputID=d57875e7eba126fd6d140261c55dfc50 DependenciesID=af8cf20a97d74e89cf43c931fdebea52 StaticDependenciesID=8dfc119099f2160b86b263183dccbac9 
Number of updated asset objects reloaded before import = 0
Number of asset objects unloaded after import = 0
========================================================================
Received Import Request.
  Time of request: 2026-09-04T15:32:00.4435255Z
  Time since last request: 0.0001221 seconds.
  importAddress: GUID: 4d56de0c1ce671a4bb95fe9b9abe4fa5 - Path: Packages/com.unity.collab-proxy/Editor/PackageEntryPoint.cs - Importer: ScriptedImporter/UnityEditor.QuickSearchModule:UnityEditor.Search:ASIAI0B
Importing 'GUID: 4d56de0c1ce671a4bb95fe9b9abe4fa5 - Path: Packages/com.unity.collab-proxy/Editor/PackageEntryPoint.cs - Importer: ScriptedImporter/UnityEditor.QuickSearchModule:UnityEditor.Search:ASIAI0B' with importer (ScriptedImporter : UnityEditor.QuickSearchModule:UnityEditor.Search:ASIAI0B)
Imported 'GUID: 4d56de0c1ce671a4bb95fe9b9abe4fa5' -> (Import Result ID: 'ae66e465302ea59c37bb466bcfe4b8cd') in 0.004 seconds [static and dynamic dependencies]. Details - ImportResultOutputID=b4fc303f717804109cc1828fcfa01506 DependenciesID=868c20e29b9283f492f76dedad89d6d6 StaticDependenciesID=030b3c67e519ce438ea86f66cc32978a 
Number of updated asset objects reloaded before import = 0
Number of asset objects unloaded after import = 0
========================================================================
Received Import Request.
  Time of request: 2026-09-04T15:32:00.4561949Z
  Time since last request: 0.0002639 seconds.
  importAddress: GUID: d2a9f8ad3405465db8e62d36f2686b68 - Path: Packages/com.unity.collab-proxy/Editor/AssetMenu/AssetCopyPathOperation.cs - Importer: ScriptedImporter/UnityEditor.QuickSearchModule:UnityEditor.Search:ASIAI0B
Importing 'GUID: d2a9f8ad3405465db8e62d36f2686b68 - Path: Packages/com.unity.collab-proxy/Editor/AssetMenu/AssetCopyPathOperation.cs - Importer: ScriptedImporter/UnityEditor.QuickSearchModule:UnityEditor.Search:ASIAI0B' with importer (ScriptedImporter : UnityEditor.QuickSearchModule:UnityEditor.Search:ASIAI0B)
Imported 'GUID: d2a9f8ad3405465db8e62d36f2686b68' -> (Import Result ID: 'd69f15be4dbfeacfcbafa464f95e385b') in 0.004 seconds [static and dynamic dependencies]. Details - ImportResultOutputID=51d51fb16078e1a826969cc3c8311d1e DependenciesID=061e071e08ea6a3db6edf40a17b302f1 StaticDependenciesID=dbf9fac4dbf1d0e842e21bf997b273e5 
Number of updated asset objects reloaded before import = 0
Number of asset objects unloaded after import = 0
========================================================================
Received Import Request.
  Time of request: 2026-09-04T15:32:00.4671997Z
  Time since last request: 0.0002496 seconds.
  importAddress: GUID: cb3c9f5ba9ced5e4b99de1b3dbd68d09 - Path: Packages/com.unity.collab-proxy/ValidationConfig.json - Importer: ScriptedImporter/UnityEditor.QuickSearchModule:UnityEditor.Search:ASIAI0B
Importing 'GUID: cb3c9f5ba9ced5e4b99de1b3dbd68d09 - Path: Packages/com.unity.collab-proxy/ValidationConfig.json - Importer: ScriptedImporter/UnityEditor.QuickSearchModule:UnityEditor.Search:ASIAI0B' with importer (ScriptedImporter : UnityEditor.QuickSearchModule:UnityEditor.Search:ASIAI0B)
Imported 'GUID: cb3c9f5ba9ced5e4b99de1b3dbd68d09' -> (Import Result ID: 'f134bd649f18fef75d434cc8b0ffddf1') in 0.004 seconds [static and dynamic dependencies]. Details - ImportResultOutputID=02ddc6a8f0074baf3ee709374022c783 DependenciesID=c85ca9afd3e24a82d3f18d7320b29545 StaticDependenciesID=295fec7f9569b412e9b2d15a53658a64 
Number of updated asset objects reloaded before import = 0
Number of asset objects unloaded after import = 1
========================================================================
Received Import Request.
  Time of request: 2026-09-04T15:32:00.4924293Z
  Time since last request: 0.0145558 seconds.
  importAddress: GUID: 68d5bb402c52edc48b494a59b8971758 - Path: Packages/com.unity.collab-proxy/Editor/Configuration/EncryptionConfigurationDialog.cs - Importer: ScriptedImporter/UnityEditor.QuickSearchModule:UnityEditor.Search:ASIAI0B
Importing 'GUID: 68d5bb402c52edc48b494a59b8971758 - Path: Packages/com.unity.collab-proxy/Editor/Configuration/EncryptionConfigurationDialog.cs - Importer: ScriptedImporter/UnityEditor.QuickSearchModule:UnityEditor.Search:ASIAI0B' with importer (ScriptedImporter : UnityEditor.QuickSearchModule:UnityEditor.Search:ASIAI0B)
Imported 'GUID: 68d5bb402c52edc48b494a59b8971758' -> (Import Result ID: '8316afa63b1d7fca918b9411724038ca') in 0.004 seconds [static and dynamic dependencies]. Details - ImportResultOutputID=9cad773f72d3c87b1aa442438e53d377 DependenciesID=ac668579d1cef6a1a7d76923a4e8f41c StaticDependenciesID=038c05e5eb339953b7e5875594d2608b 
Number of updated asset objects reloaded before import = 0
Number of asset objects unloaded after import = 0
========================================================================
Received Import Request.
  Time of request: 2026-09-04T15:32:00.5042131Z
  Time since last request: 0.0003151 seconds.
  importAddress: GUID: db6cbe7586694d6fb3c944d67973d313 - Path: Packages/com.unity.collab-proxy/Editor/Developer/ShelvedChangesNotification.cs - Importer: ScriptedImporter/UnityEditor.QuickSearchModule:UnityEditor.Search:ASIAI0B
Importing 'GUID: db6cbe7586694d6fb3c944d67973d313 - Path: Packages/com.unity.collab-proxy/Editor/Developer/ShelvedChangesNotification.cs - Importer: ScriptedImporter/UnityEditor.QuickSearchModule:UnityEditor.Search:ASIAI0B' with importer (ScriptedImporter : UnityEditor.QuickSearchModule:UnityEditor.Search:ASIAI0B)
Imported 'GUID: db6cbe7586694d6fb3c944d67973d313' -> (Import Result ID: 'bc19c6ab1a679d84a88aa5d4d3ea8ac2') in 0.005 seconds [static and dynamic dependencies]. Details - ImportResultOutputID=2eddd3c7973b66a54be9f9f657269c20 DependenciesID=549c3c84d54983a2e57eaafab0842b26 StaticDependenciesID=dc2a9390b1b124615c199d85a13cc921 
Number of updated asset objects reloaded before import = 0
Number of asset objects unloaded after import = 0
========================================================================
Received Import Request.
  Time of request: 2026-09-04T15:32:00.5160234Z
  Time since last request: 0.0002251 seconds.
  importAddress: GUID: 61e6de2fad294475faa26356ebfb7a4d - Path: Packages/com.unity.collab-proxy/Editor/CodeEditor/TextEditorColors.cs - Importer: ScriptedImporter/UnityEditor.QuickSearchModule:UnityEditor.Search:ASIAI0B
Importing 'GUID: 61e6de2fad294475faa26356ebfb7a4d - Path: Packages/com.unity.collab-proxy/Editor/CodeEditor/TextEditorColors.cs - Importer: ScriptedImporter/UnityEditor.QuickSearchModule:UnityEditor.Search:ASIAI0B' with importer (ScriptedImporter : UnityEditor.QuickSearchModule:UnityEditor.Search:ASIAI0B)
Imported 'GUID: 61e6de2fad294475faa26356ebfb7a4d' -> (Import Result ID: 'c75430bc1f045b62288701378eaa63bc') in 0.004 seconds [static and dynamic dependencies]. Details - ImportResultOutputID=31744cf3dde2c300a3203daf864158ff DependenciesID=f62b39550723eebf1d6ab4d425195ab0 StaticDependenciesID=a243dc20b5bb32af34aad81a366ab2d9 
Number of updated asset objects reloaded before import = 0
Number of asset objects unloaded after import = 0
========================================================================
Received Import Request.
  Time of request: 2026-09-04T15:32:00.5269023Z
  Time since last request: 0.0003156 seconds.
  importAddress: GUID: 7d9221bc32738c5498b01916d61a39b9 - Path: Packages/com.unity.collab-proxy/Editor/CodeEditor/Keyboard.cs - Importer: ScriptedImporter/UnityEditor.QuickSearchModule:UnityEditor.Search:ASIAI0B
Importing 'GUID: 7d9221bc32738c5498b01916d61a39b9 - Path: Packages/com.unity.collab-proxy/Editor/CodeEditor/Keyboard.cs - Importer: ScriptedImporter/UnityEditor.QuickSearchModule:UnityEditor.Search:ASIAI0B' with importer (ScriptedImporter : UnityEditor.QuickSearchModule:UnityEditor.Search:ASIAI0B)
Imported 'GUID: 7d9221bc32738c5498b01916d61a39b9' -> (Import Result ID: '2d0e73cc73f8a8ed6353ebfcf336d526') in 0.003 seconds [static and dynamic dependencies]. Details - ImportResultOutputID=18753fd9453d7a8fd2c3e68d66df7dfe DependenciesID=56da39587c856f14efa8aa30cb0b7776 StaticDependenciesID=7e4a0cf2062e3ac0a2069bc17f4cd5e8 
Number of updated asset objects reloaded before import = 0
Number of asset objects unloaded after import = 0
========================================================================
Received Import Request.
  Time of request: 2026-09-04T15:32:00.5366924Z
  Time since last request: 0.0002434 seconds.
  importAddress: GUID: d7826644a043a9b4cb6b1f06c937cad7 - Path: Packages/com.unity.collab-proxy/Editor/Headless/HeadlessUpdateProgress.cs - Importer: ScriptedImporter/UnityEditor.QuickSearchModule:UnityEditor.Search:ASIAI0B
Importing 'GUID: d7826644a043a9b4cb6b1f06c937cad7 - Path: Packages/com.unity.collab-proxy/Editor/Headless/HeadlessUpdateProgress.cs - Importer: ScriptedImporter/UnityEditor.QuickSearchModule:UnityEditor.Search:ASIAI0B' with importer (ScriptedImporter : UnityEditor.QuickSearchModule:UnityEditor.Search:ASIAI0B)
Imported 'GUID: d7826644a043a9b4cb6b1f06c937cad7' -> (Import Result ID: '7c31a3a5c360074278afd93dbb7efb08') in 0.004 seconds [static and dynamic dependencies]. Details - ImportResultOutputID=ae1cc98a6cedc6bd115ae8ee4a36bedf DependenciesID=b12864797917bfa2afb894d7ca450650 StaticDependenciesID=cfe6138ff1d0f611081aedb76c8c9493 
Number of updated asset objects reloaded before import = 0
Number of asset objects unloaded after import = 0
========================================================================
Received Import Request.
  Time of request: 2026-09-04T15:32:00.5478512Z
  Time since last request: 0.0002319 seconds.
  importAddress: GUID: c13239fbea1666a42b26691afcd91e63 - Path: Packages/com.unity.collab-proxy/Editor/Gluon/UpdateProgress.cs - Importer: ScriptedImporter/UnityEditor.QuickSearchModule:UnityEditor.Search:ASIAI0B
Importing 'GUID: c13239fbea1666a42b26691afcd91e63 - Path: Packages/com.unity.collab-proxy/Editor/Gluon/UpdateProgress.cs - Importer: ScriptedImporter/UnityEditor.QuickSearchModule:UnityEditor.Search:ASIAI0B' with importer (ScriptedImporter : UnityEditor.QuickSearchModule:UnityEditor.Search:ASIAI0B)
Imported 'GUID: c13239fbea1666a42b26691afcd91e63' -> (Import Result ID: '656f0aa4014599f09bad7008de5b17f8') in 0.003 seconds [static and dynamic dependencies]. Details - ImportResultOutputID=0d5590075748ec45ccfdbde9feee6399 DependenciesID=3ced7dc45595a00aaf976891fe4b2660 StaticDependenciesID=fe9f267c3699a7d0b30df38140d44c9a 
Number of updated asset objects reloaded before import = 0
Number of asset objects unloaded after import = 0
========================================================================
Received Import Request.
  Time of request: 2026-09-04T15:32:00.5584537Z
  Time since last request: 0.0002446 seconds.
  importAddress: GUID: 50d82b3e371b7cc42abc2999039b19cb - Path: Packages/com.unity.collab-proxy/Editor/Configuration/CredentialsUIImpl.cs - Importer: ScriptedImporter/UnityEditor.QuickSearchModule:UnityEditor.Search:ASIAI0B
Importing 'GUID: 50d82b3e371b7cc42abc2999039b19cb - Path: Packages/com.unity.collab-proxy/Editor/Configuration/CredentialsUIImpl.cs - Importer: ScriptedImporter/UnityEditor.QuickSearchModule:UnityEditor.Search:ASIAI0B' with importer (ScriptedImporter : UnityEditor.QuickSearchModule:UnityEditor.Search:ASIAI0B)
Imported 'GUID: 50d82b3e371b7cc42abc2999039b19cb' -> (Import Result ID: '950a4c3905445d55a556d2572ed381d2') in 0.003 seconds [static and dynamic dependencies]. Details - ImportResultOutputID=2e338215c73ab375d82f291c0d4c5473 DependenciesID=3f54277ed66bfa9626bf673b6d04dd0b StaticDependenciesID=a8def9294cca6c519af0eb50a9e16508 
Number of updated asset objects reloaded before import = 0
Number of asset objects unloaded after import = 0
========================================================================
Received Import Request.
  Time of request: 2026-09-04T15:32:00.5689093Z
  Time since last request: 0.0002626 seconds.
  importAddress: GUID: 4f6e4f3809c687045b21461609e2f78b - Path: Packages/com.unity.collab-proxy/Editor/Configuration/MissingEncryptionPasswordPromptHandler.cs - Importer: ScriptedImporter/UnityEditor.QuickSearchModule:UnityEditor.Search:ASIAI0B
Importing 'GUID: 4f6e4f3809c687045b21461609e2f78b - Path: Packages/com.unity.collab-proxy/Editor/Configuration/MissingEncryptionPasswordPromptHandler.cs - Importer: ScriptedImporter/UnityEditor.QuickSearchModule:UnityEditor.Search:ASIAI0B' with importer (ScriptedImporter : UnityEditor.QuickSearchModule:UnityEditor.Search:ASIAI0B)
Imported 'GUID: 4f6e4f3809c687045b21461609e2f78b' -> (Import Result ID: '041af9190024ee59d2e60a05e0500e49') in 0.003 seconds [static and dynamic dependencies]. Details - ImportResultOutputID=e3dd55f519782df343a8f27d17a3f66c DependenciesID=4a433628d3a4d90da7b1701947935e19 StaticDependenciesID=04b1ea74d909c12b5466847d7f909b2d 
Number of updated asset objects reloaded before import = 0
Number of asset objects unloaded after import = 0
========================================================================
Received Import Request.
  Time of request: 2026-09-04T15:32:00.5780768Z
  Time since last request: 0.0002541 seconds.
  importAddress: GUID: a7785ffd4a2444038c73d694d2bf3a80 - Path: Packages/com.unity.collab-proxy/Editor/Entities/GetSubScenePathFromInstance.cs - Importer: ScriptedImporter/UnityEditor.QuickSearchModule:UnityEditor.Search:ASIAI0B
Importing 'GUID: a7785ffd4a2444038c73d694d2bf3a80 - Path: Packages/com.unity.collab-proxy/Editor/Entities/GetSubScenePathFromInstance.cs - Importer: ScriptedImporter/UnityEditor.QuickSearchModule:UnityEditor.Search:ASIAI0B' with importer (ScriptedImporter : UnityEditor.QuickSearchModule:UnityEditor.Search:ASIAI0B)
Imported 'GUID: a7785ffd4a2444038c73d694d2bf3a80' -> (Import Result ID: 'dae73e1037cec498e8ec4d3f745fd438') in 0.003 seconds [static and dynamic dependencies]. Details - ImportResultOutputID=1729929d4d225ae4711f7c9a9fa19317 DependenciesID=d63c64f8c5d13aa0e80f33facc94c288 StaticDependenciesID=f2ef91959c3873aa9ec962caeeb02fb7 
Number of updated asset objects reloaded before import = 0
Number of asset objects unloaded after import = 0
========================================================================
Received Import Request.
  Time of request: 2026-09-04T15:32:00.5877262Z
  Time since last request: 0.000255 seconds.
  importAddress: GUID: 9b17ac8ceb35dc74fbf646862e01a782 - Path: Packages/com.unity.collab-proxy/Editor/Gluon/IncomingChangesNotification.cs - Importer: ScriptedImporter/UnityEditor.QuickSearchModule:UnityEditor.Search:ASIAI0B
Importing 'GUID: 9b17ac8ceb35dc74fbf646862e01a782 - Path: Packages/com.unity.collab-proxy/Editor/Gluon/IncomingChangesNotification.cs - Importer: ScriptedImporter/UnityEditor.QuickSearchModule:UnityEditor.Search:ASIAI0B' with importer (ScriptedImporter : UnityEditor.QuickSearchModule:UnityEditor.Search:ASIAI0B)
Imported 'GUID: 9b17ac8ceb35dc74fbf646862e01a782' -> (Import Result ID: 'd98510a4269c17986ff4139f841abc75') in 0.003 seconds [static and dynamic dependencies]. Details - ImportResultOutputID=b0a07a5efa9eb187d38ad32a0d960951 DependenciesID=d84ed950e56db66e35e1de57af1a867a StaticDependenciesID=e392b4b4670d775d0a09121358489799 
Number of updated asset objects reloaded before import = 0
Number of asset objects unloaded after import = 0
========================================================================
Received Import Request.
  Time of request: 2026-09-04T15:32:00.5962538Z
  Time since last request: 0.0002261 seconds.
  importAddress: GUID: f111698d5aafb61479afc143e389a014 - Path: Packages/com.unity.collab-proxy/Editor/Headless/HeadlessGluonUpdateProgress.cs - Importer: ScriptedImporter/UnityEditor.QuickSearchModule:UnityEditor.Search:ASIAI0B
Importing 'GUID: f111698d5aafb61479afc143e389a014 - Path: Packages/com.unity.collab-proxy/Editor/Headless/HeadlessGluonUpdateProgress.cs - Importer: ScriptedImporter/UnityEditor.QuickSearchModule:UnityEditor.Search:ASIAI0B' with importer (ScriptedImporter : UnityEditor.QuickSearchModule:UnityEditor.Search:ASIAI0B)
Imported 'GUID: f111698d5aafb61479afc143e389a014' -> (Import Result ID: 'c677e385ef7e76ab495361f746a613a5') in 0.004 seconds [static and dynamic dependencies]. Details - ImportResultOutputID=9c8f8ed41cc9ece740d2d6fd50734a98 DependenciesID=57fb24075adac80c5cbb068d43e10d0d StaticDependenciesID=b050cc0b3342f4cb88ce3a0a64e2830c 
Number of updated asset objects reloaded before import = 0
Number of asset objects unloaded after import = 0
========================================================================
Received Import Request.
  Time of request: 2026-09-04T15:32:00.6065427Z
  Time since last request: 0.0002956 seconds.
  importAddress: GUID: edf8d7a4bab748b4a77c198d33394e58 - Path: Packages/com.unity.collab-proxy/Editor/Configuration/ClientConfiguration.cs - Importer: ScriptedImporter/UnityEditor.QuickSearchModule:UnityEditor.Search:ASIAI0B
Importing 'GUID: edf8d7a4bab748b4a77c198d33394e58 - Path: Packages/com.unity.collab-proxy/Editor/Configuration/ClientConfiguration.cs - Importer: ScriptedImporter/UnityEditor.QuickSearchModule:UnityEditor.Search:ASIAI0B' with importer (ScriptedImporter : UnityEditor.QuickSearchModule:UnityEditor.Search:ASIAI0B)
Imported 'GUID: edf8d7a4bab748b4a77c198d33394e58' -> (Import Result ID: 'e2f1264c067381855b62cbab307a15e6') in 0.003 seconds [static and dynamic dependencies]. Details - ImportResultOutputID=c1498bf363793211540a1c4e0921d1af DependenciesID=c64536dc8d62653dfdd6fce6e0170d55 StaticDependenciesID=1f12642aac49573822f56ae654dd606a 
Number of updated asset objects reloaded before import = 0
Number of asset objects unloaded after import = 0
========================================================================
Received Import Request.
  Time of request: 2026-09-04T15:32:00.6162482Z
  Time since last request: 0.0002532 seconds.
  importAddress: GUID: 9203e3f44c0ecfd42953709384a56c4d - Path: Packages/com.unity.collab-proxy/Editor/AssetsUtils/RepaintEditor.cs - Importer: ScriptedImporter/UnityEditor.QuickSearchModule:UnityEditor.Search:ASIAI0B
Importing 'GUID: 9203e3f44c0ecfd42953709384a56c4d - Path: Packages/com.unity.collab-proxy/Editor/AssetsUtils/RepaintEditor.cs - Importer: ScriptedImporter/UnityEditor.QuickSearchModule:UnityEditor.Search:ASIAI0B' with importer (ScriptedImporter : UnityEditor.QuickSearchModule:UnityEditor.Search:ASIAI0B)
Imported 'GUID: 9203e3f44c0ecfd42953709384a56c4d' -> (Import Result ID: 'b61d71ed5d859879f931b8fcbc0195f7') in 0.003 seconds [static and dynamic dependencies]. Details - ImportResultOutputID=0f0eac6aed165cb3ba9dc9d2ae183f8d DependenciesID=aa099ffbb088b3d4b238057a3d429d8b StaticDependenciesID=d18d843c24fc414c9bcf2a0b48170244 
Number of updated asset objects reloaded before import = 0
Number of asset objects unloaded after import = 0
========================================================================
Received Import Request.
  Time of request: 2026-09-04T15:32:00.6317677Z
  Time since last request: 0.0058892 seconds.
  importAddress: GUID: c00693f5365e54a4eb5f9ac96da13749 - Path: Packages/com.unity.collab-proxy/Editor/Headless/HeadlessWorkspaceStatusChangeListener.cs - Importer: ScriptedImporter/UnityEditor.QuickSearchModule:UnityEditor.Search:ASIAI0B
Importing 'GUID: c00693f5365e54a4eb5f9ac96da13749 - Path: Packages/com.unity.collab-proxy/Editor/Headless/HeadlessWorkspaceStatusChangeListener.cs - Importer: ScriptedImporter/UnityEditor.QuickSearchModule:UnityEditor.Search:ASIAI0B' with importer (ScriptedImporter : UnityEditor.QuickSearchModule:UnityEditor.Search:ASIAI0B)
Imported 'GUID: c00693f5365e54a4eb5f9ac96da13749' -> (Import Result ID: '7b7a0c7d54d69e3637935cb1456ee708') in 0.005 seconds [static and dynamic dependencies]. Details - ImportResultOutputID=f6b153dc183aa4c52e5840b7b43e6740 DependenciesID=0214251c19794c423d676395e69841bd StaticDependenciesID=afaff9238d6f81c0c41ac1c99261a48f 
Number of updated asset objects reloaded before import = 0
Number of asset objects unloaded after import = 0
========================================================================
Received Import Request.
  Time of request: 2026-09-04T15:32:00.6425492Z
  Time since last request: 0.0002673 seconds.
  importAddress: GUID: fd582245e61fe1f4dba625a9ba7ec139 - Path: Packages/com.unity.collab-proxy/Editor/Headless/HeadlessWorkspaceWindow.cs - Importer: ScriptedImporter/UnityEditor.QuickSearchModule:UnityEditor.Search:ASIAI0B
Importing 'GUID: fd582245e61fe1f4dba625a9ba7ec139 - Path: Packages/com.unity.collab-proxy/Editor/Headless/HeadlessWorkspaceWindow.cs - Importer: ScriptedImporter/UnityEditor.QuickSearchModule:UnityEditor.Search:ASIAI0B' with importer (ScriptedImporter : UnityEditor.QuickSearchModule:UnityEditor.Search:ASIAI0B)
Imported 'GUID: fd582245e61fe1f4dba625a9ba7ec139' -> (Import Result ID: '9823241a281acaf10d938c8f1d006e18') in 0.003 seconds [static and dynamic dependencies]. Details - ImportResultOutputID=7e14934f0137427595686cb8affdf408 DependenciesID=9a3729d6d94638278221293b47cb8e31 StaticDependenciesID=34165efcea6af5de2fb7e52192797cb1 
Number of updated asset objects reloaded before import = 0
Number of asset objects unloaded after import = 0
========================================================================
Received Import Request.
  Time of request: 2026-09-04T15:32:00.6527343Z
  Time since last request: 0.0002456 seconds.
  importAddress: GUID: 25e3b426e5be4f64db3f9184fd625379 - Path: Packages/com.unity.collab-proxy/Editor/UI/CloseWindowIfOpened.cs - Importer: ScriptedImporter/UnityEditor.QuickSearchModule:UnityEditor.Search:ASIAI0B
Importing 'GUID: 25e3b426e5be4f64db3f9184fd625379 - Path: Packages/com.unity.collab-proxy/Editor/UI/CloseWindowIfOpened.cs - Importer: ScriptedImporter/UnityEditor.QuickSearchModule:UnityEditor.Search:ASIAI0B' with importer (ScriptedImporter : UnityEditor.QuickSearchModule:UnityEditor.Search:ASIAI0B)
Imported 'GUID: 25e3b426e5be4f64db3f9184fd625379' -> (Import Result ID: 'ec060eca7f58e3238e068ca454eb812d') in 0.004 seconds [static and dynamic dependencies]. Details - ImportResultOutputID=1a214d5b2eda4140ea296b5a55a77d22 DependenciesID=48fccb00383797a4994c826b622e83b7 StaticDependenciesID=9d0e27d4cca403643c5e9038048dbf0b 
Number of updated asset objects reloaded before import = 0
Number of asset objects unloaded after import = 0
========================================================================
Received Import Request.
  Time of request: 2026-09-04T15:32:00.6631788Z
  Time since last request: 0.000243 seconds.
  importAddress: GUID: f8b61564d80f4d16b3bf68e8dfe87c89 - Path: Packages/com.unity.collab-proxy/Editor/Tool/PlasticExeLauncher.cs - Importer: ScriptedImporter/UnityEditor.QuickSearchModule:UnityEditor.Search:ASIAI0B
Importing 'GUID: f8b61564d80f4d16b3bf68e8dfe87c89 - Path: Packages/com.unity.collab-proxy/Editor/Tool/PlasticExeLauncher.cs - Importer: ScriptedImporter/UnityEditor.QuickSearchModule:UnityEditor.Search:ASIAI0B' with importer (ScriptedImporter : UnityEditor.QuickSearchModule:UnityEditor.Search:ASIAI0B)
Imported 'GUID: f8b61564d80f4d16b3bf68e8dfe87c89' -> (Import Result ID: '551e6bfef85ee1d18675aaa81b035bb0') in 0.004 seconds [static and dynamic dependencies]. Details - ImportResultOutputID=c9470fa0456c0ca3aca7aa518712f3d8 DependenciesID=f4e7be75bef7df4b2a622da01d8cf611 StaticDependenciesID=39231256859845eb0c94665f797ed12d 
Number of updated asset objects reloaded before import = 0
Number of asset objects unloaded after import = 0
========================================================================
Received Import Request.
  Time of request: 2026-09-04T15:32:00.6731807Z
  Time since last request: 0.0002274 seconds.
  importAddress: GUID: 4675673a75b20a14da0806d155b5680c - Path: Packages/com.unity.collab-proxy/Editor/Hub/CommandLineArguments.cs - Importer: ScriptedImporter/UnityEditor.QuickSearchModule:UnityEditor.Search:ASIAI0B
Importing 'GUID: 4675673a75b20a14da0806d155b5680c - Path: Packages/com.unity.collab-proxy/Editor/Hub/CommandLineArguments.cs - Importer: ScriptedImporter/UnityEditor.QuickSearchModule:UnityEditor.Search:ASIAI0B' with importer (ScriptedImporter : UnityEditor.QuickSearchModule:UnityEditor.Search:ASIAI0B)
Imported 'GUID: 4675673a75b20a14da0806d155b5680c' -> (Import Result ID: '33e7de2e72480cd42933d69ba547be88') in 0.003 seconds [static and dynamic dependencies]. Details - ImportResultOutputID=b3bd3b46f577ed832c5fffd835cd99f8 DependenciesID=1561e1b3575050d139538bedb57ec5a1 StaticDependenciesID=48fcb331eb01726534761386f899a319 
Number of updated asset objects reloaded before import = 0
Number of asset objects unloaded after import = 0
========================================================================
Received Import Request.
  Time of request: 2026-09-04T15:32:00.6824524Z
  Time since last request: 0.0001938 seconds.
  importAddress: GUID: 0e1e2d80d9c79b042ab42fdf0b5c0b65 - Path: Packages/com.unity.collab-proxy/Editor/UI/EditorVersion.cs - Importer: ScriptedImporter/UnityEditor.QuickSearchModule:UnityEditor.Search:ASIAI0B
Importing 'GUID: 0e1e2d80d9c79b042ab42fdf0b5c0b65 - Path: Packages/com.unity.collab-proxy/Editor/UI/EditorVersion.cs - Importer: ScriptedImporter/UnityEditor.QuickSearchModule:UnityEditor.Search:ASIAI0B' with importer (ScriptedImporter : UnityEditor.QuickSearchModule:UnityEditor.Search:ASIAI0B)
Imported 'GUID: 0e1e2d80d9c79b042ab42fdf0b5c0b65' -> (Import Result ID: '808f2628757026a63bbb594aed4f880c') in 0.003 seconds [static and dynamic dependencies]. Details - ImportResultOutputID=cffb8c07021e92000e2f45ed2f140e25 DependenciesID=ed769d76996cdb0e25b83986c77199d0 StaticDependenciesID=1187412ed5e982eb77b4b96c6d5477b2 
Number of updated asset objects reloaded before import = 0
Number of asset objects unloaded after import = 0
========================================================================
Received Import Request.
  Time of request: 2026-09-04T15:32:00.6926721Z
  Time since last request: 0.0003022 seconds.
  importAddress: GUID: f8fb5a27b8554a74b8c566355a3c50f9 - Path: Packages/com.unity.collab-proxy/Editor/StatusBar/NotificationBar.cs - Importer: ScriptedImporter/UnityEditor.QuickSearchModule:UnityEditor.Search:ASIAI0B
Importing 'GUID: f8fb5a27b8554a74b8c566355a3c50f9 - Path: Packages/com.unity.collab-proxy/Editor/StatusBar/NotificationBar.cs - Importer: ScriptedImporter/UnityEditor.QuickSearchModule:UnityEditor.Search:ASIAI0B' with importer (ScriptedImporter : UnityEditor.QuickSearchModule:UnityEditor.Search:ASIAI0B)
Imported 'GUID: f8fb5a27b8554a74b8c566355a3c50f9' -> (Import Result ID: '2c5aec89685e5807c59b8313eb375180') in 0.003 seconds [static and dynamic dependencies]. Details - ImportResultOutputID=7665d6264ae4e13c5cece39ffa9aeca3 DependenciesID=dc75e4b0a6e4b9c235eb843cc9d39b9c StaticDependenciesID=6a0554146b98ebae6a755b7555dbbd5b 
Number of updated asset objects reloaded before import = 0
Number of asset objects unloaded after import = 0
========================================================================
Received Import Request.
  Time of request: 2026-09-04T15:32:00.7012918Z
  Time since last request: 0.0002298 seconds.
  importAddress: GUID: 3320b7341e4731842a6fd50ae97c96f5 - Path: Packages/com.unity.collab-proxy/Editor/UI/GetWindowIfOpened.cs - Importer: ScriptedImporter/UnityEditor.QuickSearchModule:UnityEditor.Search:ASIAI0B
Importing 'GUID: 3320b7341e4731842a6fd50ae97c96f5 - Path: Packages/com.unity.collab-proxy/Editor/UI/GetWindowIfOpened.cs - Importer: ScriptedImporter/UnityEditor.QuickSearchModule:UnityEditor.Search:ASIAI0B' with importer (ScriptedImporter : UnityEditor.QuickSearchModule:UnityEditor.Search:ASIAI0B)
Imported 'GUID: 3320b7341e4731842a6fd50ae97c96f5' -> (Import Result ID: '06b4e85e8f2fde5be924192ee061c211') in 0.004 seconds [static and dynamic dependencies]. Details - ImportResultOutputID=bec113672c8586eb45e44a1366ab40da DependenciesID=993d9ca3ea2a519c0f5010aab76c570f StaticDependenciesID=f344050520a7326b14b671b34c338e94 
Number of updated asset objects reloaded before import = 0
Number of asset objects unloaded after import = 0
========================================================================
Received Import Request.
  Time of request: 2026-09-04T15:32:00.7123462Z
  Time since last request: 0.0002535 seconds.
  importAddress: GUID: 2dae17e8419667e46a2a476dd2cd18e0 - Path: Packages/com.unity.collab-proxy/Editor/StatusBar/WindowStatusBar.cs - Importer: ScriptedImporter/UnityEditor.QuickSearchModule:UnityEditor.Search:ASIAI0B
Importing 'GUID: 2dae17e8419667e46a2a476dd2cd18e0 - Path: Packages/com.unity.collab-proxy/Editor/StatusBar/WindowStatusBar.cs - Importer: ScriptedImporter/UnityEditor.QuickSearchModule:UnityEditor.Search:ASIAI0B' with importer (ScriptedImporter : UnityEditor.QuickSearchModule:UnityEditor.Search:ASIAI0B)
Imported 'GUID: 2dae17e8419667e46a2a476dd2cd18e0' -> (Import Result ID: '72223d41d8b0de9782301701729420a8') in 0.003 seconds [static and dynamic dependencies]. Details - ImportResultOutputID=a9f265e15266a2632b86a8839af4aa0b DependenciesID=dc464e76c9f417bb9627131147e8bb09 StaticDependenciesID=829e6cd019ccbe615539f0385ca39be1 
Number of updated asset objects reloaded before import = 0
Number of asset objects unloaded after import = 0
========================================================================
Received Import Request.
  Time of request: 2026-09-04T15:32:00.7230574Z
  Time since last request: 0.0001955 seconds.
  importAddress: GUID: c0faad526f5548c1a53c288b045580b0 - Path: Packages/com.unity.collab-proxy/Editor/UI/DelayedActionByFramesRunner.cs - Importer: ScriptedImporter/UnityEditor.QuickSearchModule:UnityEditor.Search:ASIAI0B
Importing 'GUID: c0faad526f5548c1a53c288b045580b0 - Path: Packages/com.unity.collab-proxy/Editor/UI/DelayedActionByFramesRunner.cs - Importer: ScriptedImporter/UnityEditor.QuickSearchModule:UnityEditor.Search:ASIAI0B' with importer (ScriptedImporter : UnityEditor.QuickSearchModule:UnityEditor.Search:ASIAI0B)
Imported 'GUID: c0faad526f5548c1a53c288b045580b0' -> (Import Result ID: 'f5454a584461fd59ded31d218c58523c') in 0.003 seconds [static and dynamic dependencies]. Details - ImportResultOutputID=8d83c1f9c09b7135232a8d357585f55e DependenciesID=25612eca72ac880bac605abb2ec5d59f StaticDependenciesID=f7abbd2fa2ac14d8aa42c8255dd132ce 
Number of updated asset objects reloaded before import = 0
Number of asset objects unloaded after import = 0
========================================================================
Received Import Request.
  Time of request: 2026-09-04T15:32:00.7325163Z
  Time since last request: 0.0002661 seconds.
  importAddress: GUID: de6e8913aefd69d4ca90a7216d225d3a - Path: Packages/com.unity.collab-proxy/Editor/Tool/ToolConstants.cs - Importer: ScriptedImporter/UnityEditor.QuickSearchModule:UnityEditor.Search:ASIAI0B
Importing 'GUID: de6e8913aefd69d4ca90a7216d225d3a - Path: Packages/com.unity.collab-proxy/Editor/Tool/ToolConstants.cs - Importer: ScriptedImporter/UnityEditor.QuickSearchModule:UnityEditor.Search:ASIAI0B' with importer (ScriptedImporter : UnityEditor.QuickSearchModule:UnityEditor.Search:ASIAI0B)
Imported 'GUID: de6e8913aefd69d4ca90a7216d225d3a' -> (Import Result ID: '9bd052062f1b176e5960cad65e511eb8') in 0.004 seconds [static and dynamic dependencies]. Details - ImportResultOutputID=994bca7bc26f9aae997d8e666b4e3458 DependenciesID=f3cc8794a93c039a1dc72b944b9407a3 StaticDependenciesID=ea847baa125ea625e15719b20204f91d 
Number of updated asset objects reloaded before import = 0
Number of asset objects unloaded after import = 0
========================================================================
Received Import Request.
  Time of request: 2026-09-04T15:32:00.7431703Z
  Time since last request: 0.0003462 seconds.
  importAddress: GUID: 640fd06dff6f43498693eeda77683e6e - Path: Packages/com.unity.collab-proxy/Editor/UI/DrawActionButtonWithMenu.cs - Importer: ScriptedImporter/UnityEditor.QuickSearchModule:UnityEditor.Search:ASIAI0B
Importing 'GUID: 640fd06dff6f43498693eeda77683e6e - Path: Packages/com.unity.collab-proxy/Editor/UI/DrawActionButtonWithMenu.cs - Importer: ScriptedImporter/UnityEditor.QuickSearchModule:UnityEditor.Search:ASIAI0B' with importer (ScriptedImporter : UnityEditor.QuickSearchModule:UnityEditor.Search:ASIAI0B)
Imported 'GUID: 640fd06dff6f43498693eeda77683e6e' -> (Import Result ID: '6d3f84e6ffb1acbf98a6fc04a7fd3e0a') in 0.004 seconds [static and dynamic dependencies]. Details - ImportResultOutputID=109252937de96f5bae96f27f8ed3884f DependenciesID=5f5c1a3fd4c4fde39f84ec33c0d5a324 StaticDependenciesID=0e3b8bf8cabc76f8e10201bd8610774d 
Number of updated asset objects reloaded before import = 0
Number of asset objects unloaded after import = 0
========================================================================
Received Import Request.
  Time of request: 2026-09-04T15:32:00.754174Z
  Time since last request: 0.0002311 seconds.
  importAddress: GUID: 8b6dfd14d4f1481994014ade2c68e7b9 - Path: Packages/com.unity.collab-proxy/Editor/UI/ColorFromText.cs - Importer: ScriptedImporter/UnityEditor.QuickSearchModule:UnityEditor.Search:ASIAI0B
Importing 'GUID: 8b6dfd14d4f1481994014ade2c68e7b9 - Path: Packages/com.unity.collab-proxy/Editor/UI/ColorFromText.cs - Importer: ScriptedImporter/UnityEditor.QuickSearchModule:UnityEditor.Search:ASIAI0B' with importer (ScriptedImporter : UnityEditor.QuickSearchModule:UnityEditor.Search:ASIAI0B)
Imported 'GUID: 8b6dfd14d4f1481994014ade2c68e7b9' -> (Import Result ID: '7e07b34598cbac06bc0ae11f121c4582') in 0.003 seconds [static and dynamic dependencies]. Details - ImportResultOutputID=7acb141e8b43f09dd3e5326f7b63f32c DependenciesID=8b332ba738a82b7aeda3a8365631448c StaticDependenciesID=0ab4f4c77d56e7000b9949b10f95f0e0 
Number of updated asset objects reloaded before import = 0
Number of asset objects unloaded after import = 0
========================================================================
Received Import Request.
  Time of request: 2026-09-04T15:32:00.7664967Z
  Time since last request: 0.0029175 seconds.
  importAddress: GUID: e86abcad326bbd44a9f3c0516899ce75 - Path: Packages/com.unity.collab-proxy/Editor/WebApi/ErrorResponse.cs - Importer: ScriptedImporter/UnityEditor.QuickSearchModule:UnityEditor.Search:ASIAI0B
Importing 'GUID: e86abcad326bbd44a9f3c0516899ce75 - Path: Packages/com.unity.collab-proxy/Editor/WebApi/ErrorResponse.cs - Importer: ScriptedImporter/UnityEditor.QuickSearchModule:UnityEditor.Search:ASIAI0B' with importer (ScriptedImporter : UnityEditor.QuickSearchModule:UnityEditor.Search:ASIAI0B)
Imported 'GUID: e86abcad326bbd44a9f3c0516899ce75' -> (Import Result ID: '37670ac989481610be3203edf32f0033') in 0.003 seconds [static and dynamic dependencies]. Details - ImportResultOutputID=19b87644db0259634bedb2947f51ae5c DependenciesID=bb50662aebbaa72a58f69c385b0e0d56 StaticDependenciesID=7afde2d565b0cc207b5658d992acf58f 
Number of updated asset objects reloaded before import = 0
Number of asset objects unloaded after import = 0
========================================================================
Received Import Request.
  Time of request: 2026-09-04T15:32:00.7768614Z
  Time since last request: 0.0002074 seconds.
  importAddress: GUID: c8d9f1a2b3e4f5a6b7c8d9e0f1a2b3c4 - Path: Packages/com.unity.collab-proxy/Editor/AssetMenu/Dialogs/AddToCloudDriveDialog.cs - Importer: ScriptedImporter/UnityEditor.QuickSearchModule:UnityEditor.Search:ASIAI0B
Importing 'GUID: c8d9f1a2b3e4f5a6b7c8d9e0f1a2b3c4 - Path: Packages/com.unity.collab-proxy/Editor/AssetMenu/Dialogs/AddToCloudDriveDialog.cs - Importer: ScriptedImporter/UnityEditor.QuickSearchModule:UnityEditor.Search:ASIAI0B' with importer (ScriptedImporter : UnityEditor.QuickSearchModule:UnityEditor.Search:ASIAI0B)
Imported 'GUID: c8d9f1a2b3e4f5a6b7c8d9e0f1a2b3c4' -> (Import Result ID: '3877e5741ad8b8eb149137b87d9b386e') in 0.003 seconds [static and dynamic dependencies]. Details - ImportResultOutputID=e3a428fb97073aacb709668e790a5089 DependenciesID=b6e2d55adddfbff45ac981706a5d78c7 StaticDependenciesID=457020a0c56e5bf592a83275e4c505ac 
Number of updated asset objects reloaded before import = 0
Number of asset objects unloaded after import = 0
========================================================================
Received Import Request.
  Time of request: 2026-09-04T15:32:00.786715Z
  Time since last request: 0.0002306 seconds.
  importAddress: GUID: 074a5a5f34697b64c9b36dc09f6f7c32 - Path: Packages/com.unity.collab-proxy/Lib/Editor/lz4x64Plastic.dll - Importer: ScriptedImporter/UnityEditor.QuickSearchModule:UnityEditor.Search:ASIAI0B
Importing 'GUID: 074a5a5f34697b64c9b36dc09f6f7c32 - Path: Packages/com.unity.collab-proxy/Lib/Editor/lz4x64Plastic.dll - Importer: ScriptedImporter/UnityEditor.QuickSearchModule:UnityEditor.Search:ASIAI0B' with importer (ScriptedImporter : UnityEditor.QuickSearchModule:UnityEditor.Search:ASIAI0B)
Imported 'GUID: 074a5a5f34697b64c9b36dc09f6f7c32' -> (Import Result ID: '15cbf51edac645b86f132fca32bbb0e0') in 0.004 seconds [static and dynamic dependencies]. Details - ImportResultOutputID=01c8c24e37c12ad24baa37925d7efd5f DependenciesID=7b28b3f58c0d2bd73b9a740c38c54d05 StaticDependenciesID=e9ccf1672588cfc59bbe45f7c0511655 
Number of updated asset objects reloaded before import = 0
Number of asset objects unloaded after import = 0
========================================================================
Received Import Request.
  Time of request: 2026-09-04T15:32:00.79873Z
  Time since last request: 0.0003197 seconds.
  importAddress: GUID: c44a2ac668da0a04d9e567739215b2eb - Path: Packages/com.unity.collab-proxy/Editor/AssetMenu/Dialogs/CheckinDialogOperations.cs - Importer: ScriptedImporter/UnityEditor.QuickSearchModule:UnityEditor.Search:ASIAI0B
Importing 'GUID: c44a2ac668da0a04d9e567739215b2eb - Path: Packages/com.unity.collab-proxy/Editor/AssetMenu/Dialogs/CheckinDialogOperations.cs - Importer: ScriptedImporter/UnityEditor.QuickSearchModule:UnityEditor.Search:ASIAI0B' with importer (ScriptedImporter : UnityEditor.QuickSearchModule:UnityEditor.Search:ASIAI0B)
Imported 'GUID: c44a2ac668da0a04d9e567739215b2eb' -> (Import Result ID: '0273e819622fc24262177eae0ae12b85') in 0.004 seconds [static and dynamic dependencies]. Details - ImportResultOutputID=74340f64f5fa1df09b803226c91af9ad DependenciesID=0d5780b01d7549ef47ed4010c34ce263 StaticDependenciesID=6f4ef2d3cea7e4ec954550883d6d879b 
Number of updated asset objects reloaded before import = 0
Number of asset objects unloaded after import = 0
========================================================================
Received Import Request.
  Time of request: 2026-09-04T15:32:00.8090673Z
  Time since last request: 0.0002429 seconds.
  importAddress: GUID: f5eff45d4f0cc5e478e6724c378098eb - Path: Packages/com.unity.collab-proxy/Editor/Views/FileSystemOperation.cs - Importer: ScriptedImporter/UnityEditor.QuickSearchModule:UnityEditor.Search:ASIAI0B
Importing 'GUID: f5eff45d4f0cc5e478e6724c378098eb - Path: Packages/com.unity.collab-proxy/Editor/Views/FileSystemOperation.cs - Importer: ScriptedImporter/UnityEditor.QuickSearchModule:UnityEditor.Search:ASIAI0B' with importer (ScriptedImporter : UnityEditor.QuickSearchModule:UnityEditor.Search:ASIAI0B)
Imported 'GUID: f5eff45d4f0cc5e478e6724c378098eb' -> (Import Result ID: '9487f0a4223ba785bebe9078b97da866') in 0.005 seconds [static and dynamic dependencies]. Details - ImportResultOutputID=035bafa9d89ef81e2a68d233d7767afb DependenciesID=eafab72f239e4dd0078ee50623e85e4a StaticDependenciesID=28f496ebb0ce0d8c67ecd02621dfedf0 
Number of updated asset objects reloaded before import = 0
Number of asset objects unloaded after import = 0
========================================================================
Received Import Request.
  Time of request: 2026-09-04T15:32:00.821599Z
  Time since last request: 0.0000134 seconds.
  importAddress: GUID: e57a1c5d3e1c8844eb3893fed51c9727 - Path: Packages/com.unity.collab-proxy/Editor/WebApi/WebRestApiClient.cs - Importer: ScriptedImporter/UnityEditor.QuickSearchModule:UnityEditor.Search:ASIAI0B
Importing 'GUID: e57a1c5d3e1c8844eb3893fed51c9727 - Path: Packages/com.unity.collab-proxy/Editor/WebApi/WebRestApiClient.cs - Importer: ScriptedImporter/UnityEditor.QuickSearchModule:UnityEditor.Search:ASIAI0B' with importer (ScriptedImporter : UnityEditor.QuickSearchModule:UnityEditor.Search:ASIAI0B)
Imported 'GUID: e57a1c5d3e1c8844eb3893fed51c9727' -> (Import Result ID: '3532ef311df210187fab07db39ade1f8') in 0.003 seconds [static and dynamic dependencies]. Details - ImportResultOutputID=ca94715394f95d3facdc4dcbca35d32d DependenciesID=9d36d73201fb3822099d98c06e9cb83b StaticDependenciesID=690de6178e51438efb57f3c07de32a58 
Number of updated asset objects reloaded before import = 0
Number of asset objects unloaded after import = 0
========================================================================
Received Import Request.
  Time of request: 2026-09-04T15:32:00.8330587Z
  Time since last request: 0.0002505 seconds.
  importAddress: GUID: 6483fd05e8bf42a47aee5e11dbf6db8a - Path: Packages/com.unity.collab-proxy/Editor/Views/LaunchDiffOperations.cs - Importer: ScriptedImporter/UnityEditor.QuickSearchModule:UnityEditor.Search:ASIAI0B
Importing 'GUID: 6483fd05e8bf42a47aee5e11dbf6db8a - Path: Packages/com.unity.collab-proxy/Editor/Views/LaunchDiffOperations.cs - Importer: ScriptedImporter/UnityEditor.QuickSearchModule:UnityEditor.Search:ASIAI0B' with importer (ScriptedImporter : UnityEditor.QuickSearchModule:UnityEditor.Search:ASIAI0B)
Imported 'GUID: 6483fd05e8bf42a47aee5e11dbf6db8a' -> (Import Result ID: 'e1dedc392d4a54367b6258a1715a135b') in 0.003 seconds [static and dynamic dependencies]. Details - ImportResultOutputID=7b2a8df8957b39713e051bc5fed8712f DependenciesID=6db555621afc0379e2b74d6889c06ae1 StaticDependenciesID=6d4eff345958771f92222dbf242fb7fd 
Number of updated asset objects reloaded before import = 0
Number of asset objects unloaded after import = 0
========================================================================
Received Import Request.
  Time of request: 2026-09-04T15:32:00.8440995Z
  Time since last request: 0.0002439 seconds.
  importAddress: GUID: 923089d9a5486b545bfc5f70e781d4e1 - Path: Packages/com.unity.collab-proxy/Editor/UI/SortOrderComparer.cs - Importer: ScriptedImporter/UnityEditor.QuickSearchModule:UnityEditor.Search:ASIAI0B
Importing 'GUID: 923089d9a5486b545bfc5f70e781d4e1 - Path: Packages/com.unity.collab-proxy/Editor/UI/SortOrderComparer.cs - Importer: ScriptedImporter/UnityEditor.QuickSearchModule:UnityEditor.Search:ASIAI0B' with importer (ScriptedImporter : UnityEditor.QuickSearchModule:UnityEditor.Search:ASIAI0B)
Imported 'GUID: 923089d9a5486b545bfc5f70e781d4e1' -> (Import Result ID: '4ae238acd8c99e726437a0c35d5ca595') in 0.008 seconds [static and dynamic dependencies]. Details - ImportResultOutputID=4d6d86870a955af61d3063217862a707 DependenciesID=e642c026b3a9c526c9cd13583a6be410 StaticDependenciesID=d25f34295222738072716db2ffa7aea4 
Number of updated asset objects reloaded before import = 0
Number of asset objects unloaded after import = 0
========================================================================
Received Import Request.
  Time of request: 2026-09-04T15:32:00.8577664Z
  Time since last request: 0.0002517 seconds.
  importAddress: GUID: a55fcf87e0ee4d5a83d10fab9c9407fe - Path: Packages/com.unity.collab-proxy/Editor/Views/SelectNewCodeReviewBehavior.cs - Importer: ScriptedImporter/UnityEditor.QuickSearchModule:UnityEditor.Search:ASIAI0B
Importing 'GUID: a55fcf87e0ee4d5a83d10fab9c9407fe - Path: Packages/com.unity.collab-proxy/Editor/Views/SelectNewCodeReviewBehavior.cs - Importer: ScriptedImporter/UnityEditor.QuickSearchModule:UnityEditor.Search:ASIAI0B' with importer (ScriptedImporter : UnityEditor.QuickSearchModule:UnityEditor.Search:ASIAI0B)
Imported 'GUID: a55fcf87e0ee4d5a83d10fab9c9407fe' -> (Import Result ID: 'fc4d4fbac252d70bdf7bbbab5d0c9c10') in 0.004 seconds [static and dynamic dependencies]. Details - ImportResultOutputID=48765229c677d8efeda08640098dabea DependenciesID=4b23e29491b6d54aaa3a84bd0ce7e450 StaticDependenciesID=f48b2bac30af86743b1c65cf9922d7f6 
Number of updated asset objects reloaded before import = 0
Number of asset objects unloaded after import = 0
========================================================================
Received Import Request.
  Time of request: 2026-09-04T15:32:00.8681493Z
  Time since last request: 0.0002766 seconds.
  importAddress: GUID: 678db227e4ffec949980d309c0532b08 - Path: Packages/com.unity.collab-proxy/Editor/AssetMenu/Dialogs/CheckinDialog.cs - Importer: ScriptedImporter/UnityEditor.QuickSearchModule:UnityEditor.Search:ASIAI0B
Importing 'GUID: 678db227e4ffec949980d309c0532b08 - Path: Packages/com.unity.collab-proxy/Editor/AssetMenu/Dialogs/CheckinDialog.cs - Importer: ScriptedImporter/UnityEditor.QuickSearchModule:UnityEditor.Search:ASIAI0B' with importer (ScriptedImporter : UnityEditor.QuickSearchModule:UnityEditor.Search:ASIAI0B)
Imported 'GUID: 678db227e4ffec949980d309c0532b08' -> (Import Result ID: '887e19e69a321522ef09a49e28eb8d22') in 0.003 seconds [static and dynamic dependencies]. Details - ImportResultOutputID=78c8420c051e4b6c7026cd382da7bca7 DependenciesID=bdf0ab353c555af15bd76a7a4a38886c StaticDependenciesID=cd7966b159c1f6f090191700d56e6cbb 
Number of updated asset objects reloaded before import = 0
Number of asset objects unloaded after import = 0
========================================================================
Received Import Request.
  Time of request: 2026-09-04T15:32:00.8786248Z
  Time since last request: 0.000181 seconds.
  importAddress: GUID: 217d1c918b0005940b43c6099bbad952 - Path: Packages/com.unity.collab-proxy/Editor/UnityInternals/UVCSToolbarBoostrap_Legacy.cs - Importer: ScriptedImporter/UnityEditor.QuickSearchModule:UnityEditor.Search:ASIAI0B
Importing 'GUID: 217d1c918b0005940b43c6099bbad952 - Path: Packages/com.unity.collab-proxy/Editor/UnityInternals/UVCSToolbarBoostrap_Legacy.cs - Importer: ScriptedImporter/UnityEditor.QuickSearchModule:UnityEditor.Search:ASIAI0B' with importer (ScriptedImporter : UnityEditor.QuickSearchModule:UnityEditor.Search:ASIAI0B)
Imported 'GUID: 217d1c918b0005940b43c6099bbad952' -> (Import Result ID: 'ced6d3769402a8d6f52d38ad021edda4') in 0.002 seconds [static and dynamic dependencies]. Details - ImportResultOutputID=7fdd5353c2074b6a79001e2b2c886459 DependenciesID=30c58b73b1fd983161f9d99b097d8475 StaticDependenciesID=846f40e82a57fc7c48738c675040c833 
Number of updated asset objects reloaded before import = 0
Number of asset objects unloaded after import = 0
========================================================================
Received Import Request.
  Time of request: 2026-09-04T15:32:00.8864843Z
  Time since last request: 0.0002285 seconds.
  importAddress: GUID: 1b769279d1324508b645aea1a29bae8c - Path: Packages/com.unity.collab-proxy/Editor/UnityInternals/UVCSToolbarButton_Legacy.cs - Importer: ScriptedImporter/UnityEditor.QuickSearchModule:UnityEditor.Search:ASIAI0B
Importing 'GUID: 1b769279d1324508b645aea1a29bae8c - Path: Packages/com.unity.collab-proxy/Editor/UnityInternals/UVCSToolbarButton_Legacy.cs - Importer: ScriptedImporter/UnityEditor.QuickSearchModule:UnityEditor.Search:ASIAI0B' with importer (ScriptedImporter : UnityEditor.QuickSearchModule:UnityEditor.Search:ASIAI0B)
Imported 'GUID: 1b769279d1324508b645aea1a29bae8c' -> (Import Result ID: '71d8023691001c5cacf0e581c2336bdf') in 0.003 seconds [static and dynamic dependencies]. Details - ImportResultOutputID=722e6a7b195325348f1ee05657f09f3d DependenciesID=03f629e0ea4c0843d34ee9f7a5e67c9e StaticDependenciesID=3b06cc8fa2cec37fc67f04e340313530 
Number of updated asset objects reloaded before import = 0
Number of asset objects unloaded after import = 0
========================================================================
Received Import Request.
  Time of request: 2026-09-04T15:32:00.8957079Z
  Time since last request: 0.0002249 seconds.
  importAddress: GUID: 992242bf8b23e574bbc95a128844c481 - Path: Packages/com.unity.collab-proxy/Lib/Editor/FileSystemWatcherLicense.txt - Importer: ScriptedImporter/UnityEditor.QuickSearchModule:UnityEditor.Search:ASIAI0B
Importing 'GUID: 992242bf8b23e574bbc95a128844c481 - Path: Packages/com.unity.collab-proxy/Lib/Editor/FileSystemWatcherLicense.txt - Importer: ScriptedImporter/UnityEditor.QuickSearchModule:UnityEditor.Search:ASIAI0B' with importer (ScriptedImporter : UnityEditor.QuickSearchModule:UnityEditor.Search:ASIAI0B)
Imported 'GUID: 992242bf8b23e574bbc95a128844c481' -> (Import Result ID: '058c8ceec7b4788ae831f77ccd677836') in 0.007 seconds [static and dynamic dependencies]. Details - ImportResultOutputID=f83a3ff54b3dec124a8476c029b0d9f1 DependenciesID=dc3100a220ab7256fce1d9bc0a052efc StaticDependenciesID=5b7bcab65670b1c12d530108d044d64c 
Number of updated asset objects reloaded before import = 0
Number of asset objects unloaded after import = 1
========================================================================
Received Import Request.
  Time of request: 2026-09-04T15:32:00.916201Z
  Time since last request: 0.0066065 seconds.
  importAddress: GUID: 3086d66a563317b40a20a20da2c64ac0 - Path: Packages/com.unity.collab-proxy/Editor/Assets/Images/d_buttonssosigninemail.png - Importer: ScriptedImporter/UnityEditor.QuickSearchModule:UnityEditor.Search:ASIAI0B
Importing 'GUID: 3086d66a563317b40a20a20da2c64ac0 - Path: Packages/com.unity.collab-proxy/Editor/Assets/Images/d_buttonssosigninemail.png - Importer: ScriptedImporter/UnityEditor.QuickSearchModule:UnityEditor.Search:ASIAI0B' with importer (ScriptedImporter : UnityEditor.QuickSearchModule:UnityEditor.Search:ASIAI0B)
Imported 'GUID: 3086d66a563317b40a20a20da2c64ac0' -> (Import Result ID: '70d337b3890ee406223146c08c41bb30') in 0.005 seconds [static and dynamic dependencies]. Details - ImportResultOutputID=38b649cb36a17ba51acb07cf7a3e9f5a DependenciesID=a69ed422724b395357c2fd19a74ebd39 StaticDependenciesID=5b2b38c0d434c2373e0b2f7da114b361 
Number of updated asset objects reloaded before import = 0
Number of asset objects unloaded after import = 1
========================================================================
Received Import Request.
  Time of request: 2026-09-04T15:32:00.9267436Z
  Time since last request: 0.000222 seconds.
  importAddress: GUID: 144aa74618b85974a9a50f612c2fa8fd - Path: Packages/com.unity.collab-proxy/Editor/Assets/Images/d_buttonssosigninemail@2x.png - Importer: ScriptedImporter/UnityEditor.QuickSearchModule:UnityEditor.Search:ASIAI0B
Importing 'GUID: 144aa74618b85974a9a50f612c2fa8fd - Path: Packages/com.unity.collab-proxy/Editor/Assets/Images/d_buttonssosigninemail@2x.png - Importer: ScriptedImporter/UnityEditor.QuickSearchModule:UnityEditor.Search:ASIAI0B' with importer (ScriptedImporter : UnityEditor.QuickSearchModule:UnityEditor.Search:ASIAI0B)
Imported 'GUID: 144aa74618b85974a9a50f612c2fa8fd' -> (Import Result ID: '9a58c3982773105d075cccd8c94e598c') in 0.006 seconds [static and dynamic dependencies]. Details - ImportResultOutputID=132151c744193050d34466c5377d0707 DependenciesID=7f24b0794a125340fc7f04c2d6dbef08 StaticDependenciesID=5450d725b17ca6286e2939c2c3caf2d4 
Number of updated asset objects reloaded before import = 0
Number of asset objects unloaded after import = 1
========================================================================
Received Import Request.
  Time of request: 2026-09-04T15:32:00.9398735Z
  Time since last request: 0.0001981 seconds.
  importAddress: GUID: 9229ae5dbc38f488d921156ff75869e9 - Path: Packages/com.unity.collab-proxy/Editor/Assets/Fonts/Cascadia.ttf - Importer: ScriptedImporter/UnityEditor.QuickSearchModule:UnityEditor.Search:ASIAI0B
Importing 'GUID: 9229ae5dbc38f488d921156ff75869e9 - Path: Packages/com.unity.collab-proxy/Editor/Assets/Fonts/Cascadia.ttf - Importer: ScriptedImporter/UnityEditor.QuickSearchModule:UnityEditor.Search:ASIAI0B' with importer (ScriptedImporter : UnityEditor.QuickSearchModule:UnityEditor.Search:ASIAI0B)
Imported 'GUID: 9229ae5dbc38f488d921156ff75869e9' -> (Import Result ID: '6c0a8b054777b32662ed74cbf73f5513') in 0.012 seconds [static and dynamic dependencies]. Details - ImportResultOutputID=16599d97bc91c7afb1488d23fa3b03f2 DependenciesID=9281c9bdbcfda852e391052f33b055bf StaticDependenciesID=e1b325a48c81d1db5c107f7accad2f66 
Number of updated asset objects reloaded before import = 0
Number of asset objects unloaded after import = 3
========================================================================
Received Import Request.
  Time of request: 2026-09-04T15:32:00.957594Z
  Time since last request: 0.0001618 seconds.
  importAddress: GUID: 9e60047ccc6b8422193b170d51796ed2 - Path: Packages/com.unity.collab-proxy/Editor/Assets/Images/ArrowCaretLeft@2x.png - Importer: ScriptedImporter/UnityEditor.QuickSearchModule:UnityEditor.Search:ASIAI0B
Importing 'GUID: 9e60047ccc6b8422193b170d51796ed2 - Path: Packages/com.unity.collab-proxy/Editor/Assets/Images/ArrowCaretLeft@2x.png - Importer: ScriptedImporter/UnityEditor.QuickSearchModule:UnityEditor.Search:ASIAI0B' with importer (ScriptedImporter : UnityEditor.QuickSearchModule:UnityEditor.Search:ASIAI0B)
Imported 'GUID: 9e60047ccc6b8422193b170d51796ed2' -> (Import Result ID: '96b67ea0e0140b5dc9e44a836940062a') in 0.009 seconds [static and dynamic dependencies]. Details - ImportResultOutputID=80d961907503d30e76226470814df823 DependenciesID=e402a23b60a201bae0a5db63ce848b93 StaticDependenciesID=92b6b6114335ecf90da85c7e3241edaf 
Number of updated asset objects reloaded before import = 0
Number of asset objects unloaded after import = 3
========================================================================
Received Import Request.
  Time of request: 2026-09-04T15:32:00.973979Z
  Time since last request: 0.000232 seconds.
  importAddress: GUID: ddf2e76e8a1f88f46ae1e42277850b48 - Path: Packages/com.unity.collab-proxy/Editor/Assets/Images/buttonssosigninemail@2x.png - Importer: ScriptedImporter/UnityEditor.QuickSearchModule:UnityEditor.Search:ASIAI0B
Importing 'GUID: ddf2e76e8a1f88f46ae1e42277850b48 - Path: Packages/com.unity.collab-proxy/Editor/Assets/Images/buttonssosigninemail@2x.png - Importer: ScriptedImporter/UnityEditor.QuickSearchModule:UnityEditor.Search:ASIAI0B' with importer (ScriptedImporter : UnityEditor.QuickSearchModule:UnityEditor.Search:ASIAI0B)
Imported 'GUID: ddf2e76e8a1f88f46ae1e42277850b48' -> (Import Result ID: '8caa9568c786f81f0189ab7a8f39e898') in 0.005 seconds [static and dynamic dependencies]. Details - ImportResultOutputID=822afcb55ea4d54e7bc10ef8a40000db DependenciesID=3cc441acbba84148d1dc73b3e8de9cc2 StaticDependenciesID=a4d113423b82eab29627f7aefe80b14a 
Number of updated asset objects reloaded before import = 0
Number of asset objects unloaded after import = 1
========================================================================
Received Import Request.
  Time of request: 2026-09-04T15:32:00.9847398Z
  Time since last request: 0.0002769 seconds.
  importAddress: GUID: be2e0deab40f1478a99038fcbc19219d - Path: Packages/com.unity.collab-proxy/Editor/Assets/Images/ArrowCaretRight@2x.png - Importer: ScriptedImporter/UnityEditor.QuickSearchModule:UnityEditor.Search:ASIAI0B
Importing 'GUID: be2e0deab40f1478a99038fcbc19219d - Path: Packages/com.unity.collab-proxy/Editor/Assets/Images/ArrowCaretRight@2x.png - Importer: ScriptedImporter/UnityEditor.QuickSearchModule:UnityEditor.Search:ASIAI0B' with importer (ScriptedImporter : UnityEditor.QuickSearchModule:UnityEditor.Search:ASIAI0B)
Imported 'GUID: be2e0deab40f1478a99038fcbc19219d' -> (Import Result ID: '89ae86ccaac561c6a705fd8714bfa511') in 0.006 seconds [static and dynamic dependencies]. Details - ImportResultOutputID=f6c6695025139c45d39f32d6467e6993 DependenciesID=b906638ff630f45bba16f8a19ae5dc56 StaticDependenciesID=0e4b0632598bb4b47925523e402ae3a7 
Number of updated asset objects reloaded before import = 0
Number of asset objects unloaded after import = 3
========================================================================
Received Import Request.
  Time of request: 2026-09-04T15:32:00.9966906Z
  Time since last request: 0.0002491 seconds.
  importAddress: GUID: ee8ce5cd9c0883f4182b5cfd43cfd7fe - Path: Packages/com.unity.collab-proxy/Editor/Assets/Images/buttonssosigninunity@2x.png - Importer: ScriptedImporter/UnityEditor.QuickSearchModule:UnityEditor.Search:ASIAI0B
Importing 'GUID: ee8ce5cd9c0883f4182b5cfd43cfd7fe - Path: Packages/com.unity.collab-proxy/Editor/Assets/Images/buttonssosigninunity@2x.png - Importer: ScriptedImporter/UnityEditor.QuickSearchModule:UnityEditor.Search:ASIAI0B' with importer (ScriptedImporter : UnityEditor.QuickSearchModule:UnityEditor.Search:ASIAI0B)
Imported 'GUID: ee8ce5cd9c0883f4182b5cfd43cfd7fe' -> (Import Result ID: 'd5e7f231fee7efa7aaa230ebc41ec4d4') in 0.006 seconds [static and dynamic dependencies]. Details - ImportResultOutputID=4362ea8a58c40a5be6034fdad67b6a85 DependenciesID=e614227e0dd374a1c88ad7c31cf5750a StaticDependenciesID=db9ac600ed18789c377cce6aafaa045f 
Number of updated asset objects reloaded before import = 0
Number of asset objects unloaded after import = 3
========================================================================
Received Import Request.
  Time of request: 2026-09-04T15:32:01.0097466Z
  Time since last request: 0.0002088 seconds.
  importAddress: GUID: 4da274d970a82a943ae3979e7833f3dd - Path: Packages/com.unity.collab-proxy/Editor/Assets/Images/d_icondeletedlocaloverlay.png - Importer: ScriptedImporter/UnityEditor.QuickSearchModule:UnityEditor.Search:ASIAI0B
Importing 'GUID: 4da274d970a82a943ae3979e7833f3dd - Path: Packages/com.unity.collab-proxy/Editor/Assets/Images/d_icondeletedlocaloverlay.png - Importer: ScriptedImporter/UnityEditor.QuickSearchModule:UnityEditor.Search:ASIAI0B' with importer (ScriptedImporter : UnityEditor.QuickSearchModule:UnityEditor.Search:ASIAI0B)
Imported 'GUID: 4da274d970a82a943ae3979e7833f3dd' -> (Import Result ID: '65bf550471c2cf5ca6d7103a29286fa9') in 0.009 seconds [static and dynamic dependencies]. Details - ImportResultOutputID=90d1a799450b0b5946b3db6e72da96d2 DependenciesID=a145b89fdc4aa32cfc57d2668cb24d23 StaticDependenciesID=e319efbd97bbb34f5a646236b7354d91 
Number of updated asset objects reloaded before import = 0
Number of asset objects unloaded after import = 1
========================================================================
Received Import Request.
  Time of request: 2026-09-04T15:32:01.0254084Z
  Time since last request: 0.0002205 seconds.
  importAddress: GUID: 02800fb9cff14da47a04572790384d8b - Path: Packages/com.unity.collab-proxy/Editor/Assets/Images/d_iconaddedlocal@2x.png - Importer: ScriptedImporter/UnityEditor.QuickSearchModule:UnityEditor.Search:ASIAI0B
Importing 'GUID: 02800fb9cff14da47a04572790384d8b - Path: Packages/com.unity.collab-proxy/Editor/Assets/Images/d_iconaddedlocal@2x.png - Importer: ScriptedImporter/UnityEditor.QuickSearchModule:UnityEditor.Search:ASIAI0B' with importer (ScriptedImporter : UnityEditor.QuickSearchModule:UnityEditor.Search:ASIAI0B)
Imported 'GUID: 02800fb9cff14da47a04572790384d8b' -> (Import Result ID: '8352996d2e1c14270f494b86810c5d1d') in 0.005 seconds [static and dynamic dependencies]. Details - ImportResultOutputID=832ba287eb06181d77605a993a429d3d DependenciesID=fe1fb148994f83f1f7bdc3d4b2008c94 StaticDependenciesID=38392aea9c178c86b5050f9afe6dce21 
Number of updated asset objects reloaded before import = 0
Number of asset objects unloaded after import = 1
========================================================================
Received Import Request.
  Time of request: 2026-09-04T15:32:01.0378776Z
  Time since last request: 0.0001857 seconds.
  importAddress: GUID: 8d98ab6168c3e91439339f1908b8fe97 - Path: Packages/com.unity.collab-proxy/Editor/Assets/Images/d_iconcheckedoutlocaloverlay@2x.png - Importer: ScriptedImporter/UnityEditor.QuickSearchModule:UnityEditor.Search:ASIAI0B
Importing 'GUID: 8d98ab6168c3e91439339f1908b8fe97 - Path: Packages/com.unity.collab-proxy/Editor/Assets/Images/d_iconcheckedoutlocaloverlay@2x.png - Importer: ScriptedImporter/UnityEditor.QuickSearchModule:UnityEditor.Search:ASIAI0B' with importer (ScriptedImporter : UnityEditor.QuickSearchModule:UnityEditor.Search:ASIAI0B)
Imported 'GUID: 8d98ab6168c3e91439339f1908b8fe97' -> (Import Result ID: '9f7e8d181b6cd571e95d0356e718c827') in 0.006 seconds [static and dynamic dependencies]. Details - ImportResultOutputID=023397d399552915bc31b8fc924257fa DependenciesID=e3fd286483b71a477319fab5a7ff1632 StaticDependenciesID=9505d92d11fbf2012cd13042e7b79207 
Number of updated asset objects reloaded before import = 0
Number of asset objects unloaded after import = 1
========================================================================
Received Import Request.
  Time of request: 2026-09-04T15:32:01.0514504Z
  Time since last request: 0.0002693 seconds.
  importAddress: GUID: 78de972b7bcb2424e8560a8c310a6d10 - Path: Packages/com.unity.collab-proxy/Editor/Assets/Images/d_exclusionrule@2x.png - Importer: ScriptedImporter/UnityEditor.QuickSearchModule:UnityEditor.Search:ASIAI0B
Importing 'GUID: 78de972b7bcb2424e8560a8c310a6d10 - Path: Packages/com.unity.collab-proxy/Editor/Assets/Images/d_exclusionrule@2x.png - Importer: ScriptedImporter/UnityEditor.QuickSearchModule:UnityEditor.Search:ASIAI0B' with importer (ScriptedImporter : UnityEditor.QuickSearchModule:UnityEditor.Search:ASIAI0B)
Imported 'GUID: 78de972b7bcb2424e8560a8c310a6d10' -> (Import Result ID: '4c7c0774c73af0b841cd5a51e9a48862') in 0.005 seconds [static and dynamic dependencies]. Details - ImportResultOutputID=94ec6f5b64eea91a5df6335e21f8e45c DependenciesID=8ab8de58c320de4bf98b232f4e46793e StaticDependenciesID=16fd22b1f6e5deb8edb69ba5f21c4697 
Number of updated asset objects reloaded before import = 0
Number of asset objects unloaded after import = 3
========================================================================
Received Import Request.
  Time of request: 2026-09-04T15:32:01.0623769Z
  Time since last request: 0.0001812 seconds.
  importAddress: GUID: a9acb575a60d7e045ad7fadd3e3e137d - Path: Packages/com.unity.collab-proxy/Editor/AssetOverlays/Cache/RemoteStatusCache.cs - Importer: ScriptedImporter/UnityEditor.QuickSearchModule:UnityEditor.Search:ASIAI0B
Importing 'GUID: a9acb575a60d7e045ad7fadd3e3e137d - Path: Packages/com.unity.collab-proxy/Editor/AssetOverlays/Cache/RemoteStatusCache.cs - Importer: ScriptedImporter/UnityEditor.QuickSearchModule:UnityEditor.Search:ASIAI0B' with importer (ScriptedImporter : UnityEditor.QuickSearchModule:UnityEditor.Search:ASIAI0B)
Imported 'GUID: a9acb575a60d7e045ad7fadd3e3e137d' -> (Import Result ID: 'd2fb1300ddbf39bc8f6bb7d26edce03e') in 0.003 seconds [static and dynamic dependencies]. Details - ImportResultOutputID=9e867a79c5834382a5ce98ce18c534e5 DependenciesID=e7e345b04b403013fcb9e95fc0467d66 StaticDependenciesID=775764a3f9f6f1c6733d8bfe1c79b344 
Number of updated asset objects reloaded before import = 0
Number of asset objects unloaded after import = 0
========================================================================
Received Import Request.
  Time of request: 2026-09-04T15:32:01.0714248Z
  Time since last request: 0.0002124 seconds.
  importAddress: GUID: 4da398eacd0c045bebf576a9f11339b0 - Path: Packages/com.unity.collab-proxy/Editor/Assets/Images/d_iconchangesets.png - Importer: ScriptedImporter/UnityEditor.QuickSearchModule:UnityEditor.Search:ASIAI0B
Importing 'GUID: 4da398eacd0c045bebf576a9f11339b0 - Path: Packages/com.unity.collab-proxy/Editor/Assets/Images/d_iconchangesets.png - Importer: ScriptedImporter/UnityEditor.QuickSearchModule:UnityEditor.Search:ASIAI0B' with importer (ScriptedImporter : UnityEditor.QuickSearchModule:UnityEditor.Search:ASIAI0B)
Imported 'GUID: 4da398eacd0c045bebf576a9f11339b0' -> (Import Result ID: '4185ce0f72416f8528572727006c1579') in 0.006 seconds [static and dynamic dependencies]. Details - ImportResultOutputID=13250f3ec08d3390d172f82bff81e028 DependenciesID=953f0acc2ae5789e9a0fbd3298b7115f StaticDependenciesID=9b7ac0e2f3bdc3a640d7ae340836258e 
Number of updated asset objects reloaded before import = 0
Number of asset objects unloaded after import = 3
========================================================================
Received Import Request.
  Time of request: 2026-09-04T15:32:01.0831803Z
  Time since last request: 0.0002308 seconds.
  importAddress: GUID: c1516142c0a669b42aecce30a3459017 - Path: Packages/com.unity.collab-proxy/Editor/Assets/Images/d_iconbranch.png - Importer: ScriptedImporter/UnityEditor.QuickSearchModule:UnityEditor.Search:ASIAI0B
Importing 'GUID: c1516142c0a669b42aecce30a3459017 - Path: Packages/com.unity.collab-proxy/Editor/Assets/Images/d_iconbranch.png - Importer: ScriptedImporter/UnityEditor.QuickSearchModule:UnityEditor.Search:ASIAI0B' with importer (ScriptedImporter : UnityEditor.QuickSearchModule:UnityEditor.Search:ASIAI0B)
Imported 'GUID: c1516142c0a669b42aecce30a3459017' -> (Import Result ID: '1b27ac5e3852e3b61c1e44d1c21c29ba') in 0.005 seconds [static and dynamic dependencies]. Details - ImportResultOutputID=0f3e9e0c917115dad1bc04a719621747 DependenciesID=93e9bab2aaa037be23e08547aeef9ca1 StaticDependenciesID=a19bd13218d6c1ce72af5f7a2d0a91f3 
Number of updated asset objects reloaded before import = 0
Number of asset objects unloaded after import = 3
========================================================================
Received Import Request.
  Time of request: 2026-09-04T15:32:01.0947339Z
  Time since last request: 0.000234 seconds.
  importAddress: GUID: f4d4cddc7d40e49e18d2253e661465b2 - Path: Packages/com.unity.collab-proxy/Editor/Assets/Images/d_ArrowCaretRight.png - Importer: ScriptedImporter/UnityEditor.QuickSearchModule:UnityEditor.Search:ASIAI0B
Importing 'GUID: f4d4cddc7d40e49e18d2253e661465b2 - Path: Packages/com.unity.collab-proxy/Editor/Assets/Images/d_ArrowCaretRight.png - Importer: ScriptedImporter/UnityEditor.QuickSearchModule:UnityEditor.Search:ASIAI0B' with importer (ScriptedImporter : UnityEditor.QuickSearchModule:UnityEditor.Search:ASIAI0B)
Imported 'GUID: f4d4cddc7d40e49e18d2253e661465b2' -> (Import Result ID: '739b61531e690f9a86bb6d8ef14a75a2') in 0.005 seconds [static and dynamic dependencies]. Details - ImportResultOutputID=90c732bd0a5d3e22622a05a5fab34fcb DependenciesID=d9833956d3756eec858e716e49b58edd StaticDependenciesID=4f746954826e5d1ea05a6d3feff54734 
Number of updated asset objects reloaded before import = 0
Number of asset objects unloaded after import = 3
========================================================================
Received Import Request.
  Time of request: 2026-09-04T15:32:01.1058585Z
  Time since last request: 0.0002033 seconds.
  importAddress: GUID: 626b9cddb29049e4cac50cd87b419945 - Path: Packages/com.unity.collab-proxy/Editor/Assets/Images/d_icondeletedremote@2x.png - Importer: ScriptedImporter/UnityEditor.QuickSearchModule:UnityEditor.Search:ASIAI0B
Importing 'GUID: 626b9cddb29049e4cac50cd87b419945 - Path: Packages/com.unity.collab-proxy/Editor/Assets/Images/d_icondeletedremote@2x.png - Importer: ScriptedImporter/UnityEditor.QuickSearchModule:UnityEditor.Search:ASIAI0B' with importer (ScriptedImporter : UnityEditor.QuickSearchModule:UnityEditor.Search:ASIAI0B)
Imported 'GUID: 626b9cddb29049e4cac50cd87b419945' -> (Import Result ID: '02ea187053aef2391f91f211e21333d5') in 0.006 seconds [static and dynamic dependencies]. Details - ImportResultOutputID=bce05f47997ffacd3bd4621e0d3aed2e DependenciesID=2c7d9e355afeaba79c185327df160dff StaticDependenciesID=2aff79cbff94b76c4b764583cd435da6 
Number of updated asset objects reloaded before import = 0
Number of asset objects unloaded after import = 1
========================================================================
Received Import Request.
  Time of request: 2026-09-04T15:32:01.1310947Z
  Time since last request: 0.0133182 seconds.
  importAddress: GUID: eb56188e070e442c4b93b8856b5c1ab0 - Path: Packages/com.unity.collab-proxy/Editor/Assets/Images/d_iconprivateoverlay@2x.png - Importer: ScriptedImporter/UnityEditor.QuickSearchModule:UnityEditor.Search:ASIAI0B
Importing 'GUID: eb56188e070e442c4b93b8856b5c1ab0 - Path: Packages/com.unity.collab-proxy/Editor/Assets/Images/d_iconprivateoverlay@2x.png - Importer: ScriptedImporter/UnityEditor.QuickSearchModule:UnityEditor.Search:ASIAI0B' with importer (ScriptedImporter : UnityEditor.QuickSearchModule:UnityEditor.Search:ASIAI0B)
Imported 'GUID: eb56188e070e442c4b93b8856b5c1ab0' -> (Import Result ID: 'ca13f872d9cfec397cf628c8f0883fae') in 0.009 seconds [static and dynamic dependencies]. Details - ImportResultOutputID=0b72626e1420cd332997eae9b2485520 DependenciesID=6fd6c8bb122d4f045545cc37ce4f4c82 StaticDependenciesID=7599827741034fc87e705c9752d63f41 
Number of updated asset objects reloaded before import = 0
Number of asset objects unloaded after import = 3
========================================================================
Received Import Request.
  Time of request: 2026-09-04T15:32:01.1449586Z
  Time since last request: 0.0001898 seconds.
  importAddress: GUID: 4aa4898734bfdbc4dbd410de4141e533 - Path: Packages/com.unity.collab-proxy/Editor/Assets/Images/d_iconpendingchanges.png - Importer: ScriptedImporter/UnityEditor.QuickSearchModule:UnityEditor.Search:ASIAI0B
Importing 'GUID: 4aa4898734bfdbc4dbd410de4141e533 - Path: Packages/com.unity.collab-proxy/Editor/Assets/Images/d_iconpendingchanges.png - Importer: ScriptedImporter/UnityEditor.QuickSearchModule:UnityEditor.Search:ASIAI0B' with importer (ScriptedImporter : UnityEditor.QuickSearchModule:UnityEditor.Search:ASIAI0B)
Imported 'GUID: 4aa4898734bfdbc4dbd410de4141e533' -> (Import Result ID: 'cb8df577bdcfc0353c98af58926592c4') in 0.006 seconds [static and dynamic dependencies]. Details - ImportResultOutputID=84f2e2251176e0d84f58a2728ac72244 DependenciesID=2cbc0ec624d5fdc68f709741618910be StaticDependenciesID=8ff519286bcd3baeacaa292d829cd3af 
Number of updated asset objects reloaded before import = 0
Number of asset objects unloaded after import = 3
========================================================================
Received Import Request.
  Time of request: 2026-09-04T15:32:01.1563142Z
  Time since last request: 0.0001979 seconds.
  importAddress: GUID: 6d6088174bb906b49ad8428526ee337b - Path: Packages/com.unity.collab-proxy/Editor/Assets/Images/d_iconundo@2x.png - Importer: ScriptedImporter/UnityEditor.QuickSearchModule:UnityEditor.Search:ASIAI0B
Importing 'GUID: 6d6088174bb906b49ad8428526ee337b - Path: Packages/com.unity.collab-proxy/Editor/Assets/Images/d_iconundo@2x.png - Importer: ScriptedImporter/UnityEditor.QuickSearchModule:UnityEditor.Search:ASIAI0B' with importer (ScriptedImporter : UnityEditor.QuickSearchModule:UnityEditor.Search:ASIAI0B)
Imported 'GUID: 6d6088174bb906b49ad8428526ee337b' -> (Import Result ID: '4b09e9cd92c73a9b43bead29171bb855') in 0.005 seconds [static and dynamic dependencies]. Details - ImportResultOutputID=a915f7d312ef8a1875bc7bb34a4ad1e2 DependenciesID=a38f22a5d23367914ee8757d6712dde6 StaticDependenciesID=31863cbf30997f902a7f1e0a09500571 
Number of updated asset objects reloaded before import = 0
Number of asset objects unloaded after import = 1
========================================================================
Received Import Request.
  Time of request: 2026-09-04T15:32:01.1687786Z
  Time since last request: 0.0002166 seconds.
  importAddress: GUID: 73d87bc3a27171144985c68fbbd54380 - Path: Packages/com.unity.collab-proxy/Editor/Assets/Images/d_iconzoomin@2x.png - Importer: ScriptedImporter/UnityEditor.QuickSearchModule:UnityEditor.Search:ASIAI0B
Importing 'GUID: 73d87bc3a27171144985c68fbbd54380 - Path: Packages/com.unity.collab-proxy/Editor/Assets/Images/d_iconzoomin@2x.png - Importer: ScriptedImporter/UnityEditor.QuickSearchModule:UnityEditor.Search:ASIAI0B' with importer (ScriptedImporter : UnityEditor.QuickSearchModule:UnityEditor.Search:ASIAI0B)
Imported 'GUID: 73d87bc3a27171144985c68fbbd54380' -> (Import Result ID: '1b391229c9fc7e078b2820ce6a7cf406') in 0.006 seconds [static and dynamic dependencies]. Details - ImportResultOutputID=5816c9982f84dde6f54f00e1d9a4fe9f DependenciesID=611f852f2010a822a6ff2361f04f9aa2 StaticDependenciesID=4a5e308af062bea8d106a56ebf7ceeb0 
Number of updated asset objects reloaded before import = 0
Number of asset objects unloaded after import = 3
========================================================================
Received Import Request.
  Time of request: 2026-09-04T15:32:01.1806457Z
  Time since last request: 0.0002331 seconds.
  importAddress: GUID: 292bae633fda01e41b8847fad37495c2 - Path: Packages/com.unity.collab-proxy/Editor/Assets/Images/d_iconshelve.png - Importer: ScriptedImporter/UnityEditor.QuickSearchModule:UnityEditor.Search:ASIAI0B
Importing 'GUID: 292bae633fda01e41b8847fad37495c2 - Path: Packages/com.unity.collab-proxy/Editor/Assets/Images/d_iconshelve.png - Importer: ScriptedImporter/UnityEditor.QuickSearchModule:UnityEditor.Search:ASIAI0B' with importer (ScriptedImporter : UnityEditor.QuickSearchModule:UnityEditor.Search:ASIAI0B)
Imported 'GUID: 292bae633fda01e41b8847fad37495c2' -> (Import Result ID: 'ef2ab9448a7d206ef7474c2a2b45b6ed') in 0.005 seconds [static and dynamic dependencies]. Details - ImportResultOutputID=1efd2d5d42e9017b0bcf0c0984358e9b DependenciesID=623db044d7f8d616b5c8733efea2a76c StaticDependenciesID=4f6de62bf1976acf480a7bd654a5bb5c 
Number of updated asset objects reloaded before import = 0
Number of asset objects unloaded after import = 3
========================================================================
Received Import Request.
  Time of request: 2026-09-04T15:32:01.1917008Z
  Time since last request: 0.0001813 seconds.
  importAddress: GUID: 3094096a150921c409ef35579f2ada0f - Path: Packages/com.unity.collab-proxy/Editor/Assets/Images/d_iconinviteusers.png - Importer: ScriptedImporter/UnityEditor.QuickSearchModule:UnityEditor.Search:ASIAI0B
Importing 'GUID: 3094096a150921c409ef35579f2ada0f - Path: Packages/com.unity.collab-proxy/Editor/Assets/Images/d_iconinviteusers.png - Importer: ScriptedImporter/UnityEditor.QuickSearchModule:UnityEditor.Search:ASIAI0B' with importer (ScriptedImporter : UnityEditor.QuickSearchModule:UnityEditor.Search:ASIAI0B)
Imported 'GUID: 3094096a150921c409ef35579f2ada0f' -> (Import Result ID: 'fe775e43366bdb07a4df9e6ad8067181') in 0.006 seconds [static and dynamic dependencies]. Details - ImportResultOutputID=4ca523e57af2bc5bd4cf9dfb63ea884e DependenciesID=e049244cc4ff039f89cf672d06aa7571 StaticDependenciesID=5238f380213407d35a811eaf1b347ff2 
Number of updated asset objects reloaded before import = 0
Number of asset objects unloaded after import = 3
========================================================================
Received Import Request.
  Time of request: 2026-09-04T15:32:01.2033263Z
  Time since last request: 0.0001787 seconds.
  importAddress: GUID: 9aebd705574f9e642aef1e5f59b3e4d8 - Path: Packages/com.unity.collab-proxy/Editor/Assets/Images/d_iconemptygravatar.png - Importer: ScriptedImporter/UnityEditor.QuickSearchModule:UnityEditor.Search:ASIAI0B
Importing 'GUID: 9aebd705574f9e642aef1e5f59b3e4d8 - Path: Packages/com.unity.collab-proxy/Editor/Assets/Images/d_iconemptygravatar.png - Importer: ScriptedImporter/UnityEditor.QuickSearchModule:UnityEditor.Search:ASIAI0B' with importer (ScriptedImporter : UnityEditor.QuickSearchModule:UnityEditor.Search:ASIAI0B)
Imported 'GUID: 9aebd705574f9e642aef1e5f59b3e4d8' -> (Import Result ID: 'a428f30305c23db9d51d90beb48f7ff0') in 0.007 seconds [static and dynamic dependencies]. Details - ImportResultOutputID=dc6a53dd5ab4f910e23fb5dc38efd679 DependenciesID=fe95802aa0096c5ee48eca979544bb1e StaticDependenciesID=71a653963ec8cce1cd704b05f3b3df9e 
Number of updated asset objects reloaded before import = 0
Number of asset objects unloaded after import = 1
========================================================================
Received Import Request.
  Time of request: 2026-09-04T15:32:01.2165131Z
  Time since last request: 0.0002535 seconds.
  importAddress: GUID: 71c45f80bffdb9145ad2c456254c862e - Path: Packages/com.unity.collab-proxy/Editor/Assets/Images/d_iconlockedlocaloverlay.png - Importer: ScriptedImporter/UnityEditor.QuickSearchModule:UnityEditor.Search:ASIAI0B
Importing 'GUID: 71c45f80bffdb9145ad2c456254c862e - Path: Packages/com.unity.collab-proxy/Editor/Assets/Images/d_iconlockedlocaloverlay.png - Importer: ScriptedImporter/UnityEditor.QuickSearchModule:UnityEditor.Search:ASIAI0B' with importer (ScriptedImporter : UnityEditor.QuickSearchModule:UnityEditor.Search:ASIAI0B)
Imported 'GUID: 71c45f80bffdb9145ad2c456254c862e' -> (Import Result ID: 'd892b19101b34d693fc244dd49a208d9') in 0.006 seconds [static and dynamic dependencies]. Details - ImportResultOutputID=1ce3d6dc9080eff9ba099cb96974310f DependenciesID=9595ac25a3096a09d8d40fc786df33d8 StaticDependenciesID=8dfe1f1255fba8197614565c56beb9a1 
Number of updated asset objects reloaded before import = 0
Number of asset objects unloaded after import = 1
========================================================================
Received Import Request.
  Time of request: 2026-09-04T15:32:01.2285588Z
  Time since last request: 0.0002671 seconds.
  importAddress: GUID: 16e2437bc79d04055b65b968f4eba9c0 - Path: Packages/com.unity.collab-proxy/Editor/Assets/Images/d_iconpendingchangesview@2x.png - Importer: ScriptedImporter/UnityEditor.QuickSearchModule:UnityEditor.Search:ASIAI0B
Importing 'GUID: 16e2437bc79d04055b65b968f4eba9c0 - Path: Packages/com.unity.collab-proxy/Editor/Assets/Images/d_iconpendingchangesview@2x.png - Importer: ScriptedImporter/UnityEditor.QuickSearchModule:UnityEditor.Search:ASIAI0B' with importer (ScriptedImporter : UnityEditor.QuickSearchModule:UnityEditor.Search:ASIAI0B)
Imported 'GUID: 16e2437bc79d04055b65b968f4eba9c0' -> (Import Result ID: 'be15234e66bc41b94bf57dab03657b44') in 0.007 seconds [static and dynamic dependencies]. Details - ImportResultOutputID=271789d44c3d01f90851c7334e8baeec DependenciesID=5fe7c0c97a773cacaf6c752ed8f49144 StaticDependenciesID=0be7d46a388806fc7e3a0413746f6ea9 
Number of updated asset objects reloaded before import = 0
Number of asset objects unloaded after import = 3
========================================================================
Received Import Request.
  Time of request: 2026-09-04T15:32:01.242312Z
  Time since last request: 0.0002167 seconds.
  importAddress: GUID: 4d7e6e570e9d65a4c9a994783a0652e2 - Path: Packages/com.unity.collab-proxy/Editor/Assets/Images/d_iconoutofsyncoverlay@2x.png - Importer: ScriptedImporter/UnityEditor.QuickSearchModule:UnityEditor.Search:ASIAI0B
Importing 'GUID: 4d7e6e570e9d65a4c9a994783a0652e2 - Path: Packages/com.unity.collab-proxy/Editor/Assets/Images/d_iconoutofsyncoverlay@2x.png - Importer: ScriptedImporter/UnityEditor.QuickSearchModule:UnityEditor.Search:ASIAI0B' with importer (ScriptedImporter : UnityEditor.QuickSearchModule:UnityEditor.Search:ASIAI0B)
Imported 'GUID: 4d7e6e570e9d65a4c9a994783a0652e2' -> (Import Result ID: 'ba5a6b57c92ee3c7f9fc6d42403c8a1d') in 0.009 seconds [static and dynamic dependencies]. Details - ImportResultOutputID=0b077b236727b9ecc1dad7ef09dca01d DependenciesID=94f0d1c9ac8639c78a2d19dab3edbe1a StaticDependenciesID=7f793e27f33d30412b02d70433fde62b 
Number of updated asset objects reloaded before import = 0
Number of asset objects unloaded after import = 1
========================================================================
Received Import Request.
  Time of request: 2026-09-04T15:32:01.2581671Z
  Time since last request: 0.000246 seconds.
  importAddress: GUID: f0c047e73e3b41341822a9e31da81877 - Path: Packages/com.unity.collab-proxy/Editor/Assets/Images/d_iconplasticnotifypendingchanges@2x.png - Importer: ScriptedImporter/UnityEditor.QuickSearchModule:UnityEditor.Search:ASIAI0B
Importing 'GUID: f0c047e73e3b41341822a9e31da81877 - Path: Packages/com.unity.collab-proxy/Editor/Assets/Images/d_iconplasticnotifypendingchanges@2x.png - Importer: ScriptedImporter/UnityEditor.QuickSearchModule:UnityEditor.Search:ASIAI0B' with importer (ScriptedImporter : UnityEditor.QuickSearchModule:UnityEditor.Search:ASIAI0B)
Imported 'GUID: f0c047e73e3b41341822a9e31da81877' -> (Import Result ID: '180792ed5370c76bb9f24bd48d24dacc') in 0.007 seconds [static and dynamic dependencies]. Details - ImportResultOutputID=246767770d33cd8d539955a1121c60a4 DependenciesID=112562c4b5f40479b4652295195fedc6 StaticDependenciesID=98542086bbe423b597084c8ed9c197cd 
Number of updated asset objects reloaded before import = 0
Number of asset objects unloaded after import = 3
========================================================================
Received Import Request.
  Time of request: 2026-09-04T15:32:01.2725771Z
  Time since last request: 0.0002125 seconds.
  importAddress: GUID: a36e66e044a5fd94ca570351917c6bda - Path: Packages/com.unity.collab-proxy/Editor/Assets/Images/d_iconedit@2x.png - Importer: ScriptedImporter/UnityEditor.QuickSearchModule:UnityEditor.Search:ASIAI0B
Importing 'GUID: a36e66e044a5fd94ca570351917c6bda - Path: Packages/com.unity.collab-proxy/Editor/Assets/Images/d_iconedit@2x.png - Importer: ScriptedImporter/UnityEditor.QuickSearchModule:UnityEditor.Search:ASIAI0B' with importer (ScriptedImporter : UnityEditor.QuickSearchModule:UnityEditor.Search:ASIAI0B)
Imported 'GUID: a36e66e044a5fd94ca570351917c6bda' -> (Import Result ID: '9f4517d8c8d9cac7b2a1ee90ae2ed2c3') in 0.007 seconds [static and dynamic dependencies]. Details - ImportResultOutputID=cc1587573e142ff36f16a9f3cc7fe922 DependenciesID=e888416817e4cb3ffc5bf1b3953312cb StaticDependenciesID=a4d8ac2abe4e95bc43d30965429e3798 
Number of updated asset objects reloaded before import = 0
Number of asset objects unloaded after import = 3
========================================================================
Received Import Request.
  Time of request: 2026-09-04T15:32:01.2865627Z
  Time since last request: 0.0001778 seconds.
  importAddress: GUID: 43fe0cd0da17e47fc9e56f08a2415f65 - Path: Packages/com.unity.collab-proxy/Editor/Assets/Images/d_iconincomingchangesview@2x.png - Importer: ScriptedImporter/UnityEditor.QuickSearchModule:UnityEditor.Search:ASIAI0B
Importing 'GUID: 43fe0cd0da17e47fc9e56f08a2415f65 - Path: Packages/com.unity.collab-proxy/Editor/Assets/Images/d_iconincomingchangesview@2x.png - Importer: ScriptedImporter/UnityEditor.QuickSearchModule:UnityEditor.Search:ASIAI0B' with importer (ScriptedImporter : UnityEditor.QuickSearchModule:UnityEditor.Search:ASIAI0B)
Imported 'GUID: 43fe0cd0da17e47fc9e56f08a2415f65' -> (Import Result ID: 'a5b9b56fce7a2c177fc38170c5a562f6') in 0.007 seconds [static and dynamic dependencies]. Details - ImportResultOutputID=b1d50b16dda51a458eedd8c107e5d289 DependenciesID=e46a7b9af13cea4813b1f730703e44f1 StaticDependenciesID=4106ab51c959070cba97161e2a626d60 
Number of updated asset objects reloaded before import = 0
Number of asset objects unloaded after import = 3
========================================================================
Received Import Request.
  Time of request: 2026-09-04T15:32:01.2993421Z
  Time since last request: 0.0002201 seconds.
  importAddress: GUID: 320a7c2756434dc43b9ecca2585168b2 - Path: Packages/com.unity.collab-proxy/Editor/Assets/Images/d_iconzoomout@2x.png - Importer: ScriptedImporter/UnityEditor.QuickSearchModule:UnityEditor.Search:ASIAI0B
Importing 'GUID: 320a7c2756434dc43b9ecca2585168b2 - Path: Packages/com.unity.collab-proxy/Editor/Assets/Images/d_iconzoomout@2x.png - Importer: ScriptedImporter/UnityEditor.QuickSearchModule:UnityEditor.Search:ASIAI0B' with importer (ScriptedImporter : UnityEditor.QuickSearchModule:UnityEditor.Search:ASIAI0B)
Imported 'GUID: 320a7c2756434dc43b9ecca2585168b2' -> (Import Result ID: '1f623e34c81945e665a50de1c994c3dc') in 0.007 seconds [static and dynamic dependencies]. Details - ImportResultOutputID=c3f60a6ec31ae34ca8c0e73f9486ce45 DependenciesID=523168e3d1b966636f93ee0307a8ace5 StaticDependenciesID=6bcd5ff0767687a9114a0429a5dbf512 
Number of updated asset objects reloaded before import = 0
Number of asset objects unloaded after import = 3
========================================================================
Received Import Request.
  Time of request: 2026-09-04T15:32:01.3135081Z
  Time since last request: 0.0002396 seconds.
  importAddress: GUID: bcc1ec3ffeb1c46f7abd19daa3e05f49 - Path: Packages/com.unity.collab-proxy/Editor/Assets/Images/d_inclusionrule@2x.png - Importer: ScriptedImporter/UnityEditor.QuickSearchModule:UnityEditor.Search:ASIAI0B
Importing 'GUID: bcc1ec3ffeb1c46f7abd19daa3e05f49 - Path: Packages/com.unity.collab-proxy/Editor/Assets/Images/d_inclusionrule@2x.png - Importer: ScriptedImporter/UnityEditor.QuickSearchModule:UnityEditor.Search:ASIAI0B' with importer (ScriptedImporter : UnityEditor.QuickSearchModule:UnityEditor.Search:ASIAI0B)
Imported 'GUID: bcc1ec3ffeb1c46f7abd19daa3e05f49' -> (Import Result ID: '691353436483ced56152c9f7191108f2') in 0.006 seconds [static and dynamic dependencies]. Details - ImportResultOutputID=c97fb1f8d513ebff8c6a39d9057b36a3 DependenciesID=403ba1e64098e8b43e1ba749a4906721 StaticDependenciesID=51e424ee5dab5f32e6e1ab0c1d288ed9 
Number of updated asset objects reloaded before import = 0
Number of asset objects unloaded after import = 3
========================================================================
Received Import Request.
  Time of request: 2026-09-04T15:32:01.3261925Z
  Time since last request: 0.0002386 seconds.
  importAddress: GUID: 4a652ffb5816840768619c35903cb1fa - Path: Packages/com.unity.collab-proxy/Editor/Assets/Images/d_iconprivateoverlay.png - Importer: ScriptedImporter/UnityEditor.QuickSearchModule:UnityEditor.Search:ASIAI0B
Importing 'GUID: 4a652ffb5816840768619c35903cb1fa - Path: Packages/com.unity.collab-proxy/Editor/Assets/Images/d_iconprivateoverlay.png - Importer: ScriptedImporter/UnityEditor.QuickSearchModule:UnityEditor.Search:ASIAI0B' with importer (ScriptedImporter : UnityEditor.QuickSearchModule:UnityEditor.Search:ASIAI0B)
Imported 'GUID: 4a652ffb5816840768619c35903cb1fa' -> (Import Result ID: '1e69ccec3591dec091af8e5dac73a020') in 0.006 seconds [static and dynamic dependencies]. Details - ImportResultOutputID=dd56fd95c68c81035f9db2ca3df27462 DependenciesID=ed9790e31fa6d2b4ce67fb7d99ddf5c2 StaticDependenciesID=13850f6a9ddc8d6ca86ee0ec3bc087f3 
Number of updated asset objects reloaded before import = 0
Number of asset objects unloaded after import = 3
========================================================================
Received Import Request.
  Time of request: 2026-09-04T15:32:01.3388694Z
  Time since last request: 0.0002351 seconds.
  importAddress: GUID: e27bb56b83f03421880673ee2b951102 - Path: Packages/com.unity.collab-proxy/Editor/Assets/Images/d_iconmovedoverlay@2x.png - Importer: ScriptedImporter/UnityEditor.QuickSearchModule:UnityEditor.Search:ASIAI0B
Importing 'GUID: e27bb56b83f03421880673ee2b951102 - Path: Packages/com.unity.collab-proxy/Editor/Assets/Images/d_iconmovedoverlay@2x.png - Importer: ScriptedImporter/UnityEditor.QuickSearchModule:UnityEditor.Search:ASIAI0B' with importer (ScriptedImporter : UnityEditor.QuickSearchModule:UnityEditor.Search:ASIAI0B)
Imported 'GUID: e27bb56b83f03421880673ee2b951102' -> (Import Result ID: '48a85bbcfbbe52f488ec8c030c7a2f1e') in 0.006 seconds [static and dynamic dependencies]. Details - ImportResultOutputID=e880912f0080c66d82eaf296712a2993 DependenciesID=ca9769a7eeccfa94d7b9ab53e63cd788 StaticDependenciesID=771515194d2b33c1f4392f03d34f2e59 
Number of updated asset objects reloaded before import = 0
Number of asset objects unloaded after import = 3
========================================================================
Received Import Request.
  Time of request: 2026-09-04T15:32:01.3678467Z
  Time since last request: 0.0170366 seconds.
  importAddress: GUID: 897c3a3f5c4038345a7143573bbb4a40 - Path: Packages/com.unity.collab-proxy/Editor/Assets/Images/d_step2.png - Importer: ScriptedImporter/UnityEditor.QuickSearchModule:UnityEditor.Search:ASIAI0B
Importing 'GUID: 897c3a3f5c4038345a7143573bbb4a40 - Path: Packages/com.unity.collab-proxy/Editor/Assets/Images/d_step2.png - Importer: ScriptedImporter/UnityEditor.QuickSearchModule:UnityEditor.Search:ASIAI0B' with importer (ScriptedImporter : UnityEditor.QuickSearchModule:UnityEditor.Search:ASIAI0B)
Imported 'GUID: 897c3a3f5c4038345a7143573bbb4a40' -> (Import Result ID: '7bc50f195cb952927f50b8968af9f7f4') in 0.008 seconds [static and dynamic dependencies]. Details - ImportResultOutputID=dfc2c47d2a215e3f4c4b795d5abdc7d8 DependenciesID=d5ba56e55ef0be1df488e0f9ac60dd0c StaticDependenciesID=cd1ebd5054b7b8562fe0ab2ed03b1f6f 
Number of updated asset objects reloaded before import = 0
Number of asset objects unloaded after import = 1
========================================================================
Received Import Request.
  Time of request: 2026-09-04T15:32:01.382983Z
  Time since last request: 0.0002289 seconds.
  importAddress: GUID: b85a4b2ec6433d04895612d791edc260 - Path: Packages/com.unity.collab-proxy/Editor/Assets/Images/icondeletedremote.png - Importer: ScriptedImporter/UnityEditor.QuickSearchModule:UnityEditor.Search:ASIAI0B
Importing 'GUID: b85a4b2ec6433d04895612d791edc260 - Path: Packages/com.unity.collab-proxy/Editor/Assets/Images/icondeletedremote.png - Importer: ScriptedImporter/UnityEditor.QuickSearchModule:UnityEditor.Search:ASIAI0B' with importer (ScriptedImporter : UnityEditor.QuickSearchModule:UnityEditor.Search:ASIAI0B)
Imported 'GUID: b85a4b2ec6433d04895612d791edc260' -> (Import Result ID: 'abf2d16e99cad90315cb763a173ba23a') in 0.006 seconds [static and dynamic dependencies]. Details - ImportResultOutputID=5787bd66559fec4149cc5ff2902de45b DependenciesID=d872cdf2d13bed579b117576786cc354 StaticDependenciesID=157dce3327b9ccfdd6ad0f211432fe35 
Number of updated asset objects reloaded before import = 0
Number of asset objects unloaded after import = 1
========================================================================
Received Import Request.
  Time of request: 2026-09-04T15:32:01.3945427Z
  Time since last request: 0.0002077 seconds.
  importAddress: GUID: cdb88fdb0cf46b244a667edaff21c7df - Path: Packages/com.unity.collab-proxy/Editor/Assets/Images/d_step2@2x.png - Importer: ScriptedImporter/UnityEditor.QuickSearchModule:UnityEditor.Search:ASIAI0B
Importing 'GUID: cdb88fdb0cf46b244a667edaff21c7df - Path: Packages/com.unity.collab-proxy/Editor/Assets/Images/d_step2@2x.png - Importer: ScriptedImporter/UnityEditor.QuickSearchModule:UnityEditor.Search:ASIAI0B' with importer (ScriptedImporter : UnityEditor.QuickSearchModule:UnityEditor.Search:ASIAI0B)
Imported 'GUID: cdb88fdb0cf46b244a667edaff21c7df' -> (Import Result ID: '3264ccc31a1adcda4681bc8a4ef7c656') in 0.005 seconds [static and dynamic dependencies]. Details - ImportResultOutputID=5d95630df834c40b180e8e669740097e DependenciesID=d00b3ac2722d2d175c71cadf008fd390 StaticDependenciesID=8e6d5efe54b928722fea2328ec52ccf3 
Number of updated asset objects reloaded before import = 0
Number of asset objects unloaded after import = 1
========================================================================
Received Import Request.
  Time of request: 2026-09-04T15:32:01.4053037Z
  Time since last request: 0.0002474 seconds.
  importAddress: GUID: 0e3e607c04fbd4d4090157ea31abb634 - Path: Packages/com.unity.collab-proxy/Editor/Assets/Images/iconedit@2x.png - Importer: ScriptedImporter/UnityEditor.QuickSearchModule:UnityEditor.Search:ASIAI0B
Importing 'GUID: 0e3e607c04fbd4d4090157ea31abb634 - Path: Packages/com.unity.collab-proxy/Editor/Assets/Images/iconedit@2x.png - Importer: ScriptedImporter/UnityEditor.QuickSearchModule:UnityEditor.Search:ASIAI0B' with importer (ScriptedImporter : UnityEditor.QuickSearchModule:UnityEditor.Search:ASIAI0B)
Imported 'GUID: 0e3e607c04fbd4d4090157ea31abb634' -> (Import Result ID: '7a05cc2411288b44dc6a26d20795fd3e') in 0.007 seconds [static and dynamic dependencies]. Details - ImportResultOutputID=3fd888d511fea7f38f28fd12645e9373 DependenciesID=2ee6505ff511d088c8ccdcb35f745fde StaticDependenciesID=7d5db82774873ca6ae646e4ca7b1c05a 
Number of updated asset objects reloaded before import = 0
Number of asset objects unloaded after import = 3
========================================================================
Received Import Request.
  Time of request: 2026-09-04T15:32:01.4180919Z
  Time since last request: 0.0002233 seconds.
  importAddress: GUID: a57d0bc93481bd844af3c2236db044f2 - Path: Packages/com.unity.collab-proxy/Editor/Assets/Images/iconaddedoverlay.png - Importer: ScriptedImporter/UnityEditor.QuickSearchModule:UnityEditor.Search:ASIAI0B
Importing 'GUID: a57d0bc93481bd844af3c2236db044f2 - Path: Packages/com.unity.collab-proxy/Editor/Assets/Images/iconaddedoverlay.png - Importer: ScriptedImporter/UnityEditor.QuickSearchModule:UnityEditor.Search:ASIAI0B' with importer (ScriptedImporter : UnityEditor.QuickSearchModule:UnityEditor.Search:ASIAI0B)
Imported 'GUID: a57d0bc93481bd844af3c2236db044f2' -> (Import Result ID: '2bda9ef96b79498be0f93d77cd4014e1') in 0.006 seconds [static and dynamic dependencies]. Details - ImportResultOutputID=39a448357d1344e9f88600bf7e0d3783 DependenciesID=8cef0753cbbd7625a699bb3df5c882f6 StaticDependenciesID=ab91f1cb0fa5cf9c9de868a3cba1e24c 
Number of updated asset objects reloaded before import = 0
Number of asset objects unloaded after import = 3
========================================================================
Received Import Request.
  Time of request: 2026-09-04T15:32:01.431555Z
  Time since last request: 0.0002545 seconds.
  importAddress: GUID: 13527793884104b46b7446fd7464c3ed - Path: Packages/com.unity.collab-proxy/Editor/Assets/Images/iconclosebutton.png - Importer: ScriptedImporter/UnityEditor.QuickSearchModule:UnityEditor.Search:ASIAI0B
Importing 'GUID: 13527793884104b46b7446fd7464c3ed - Path: Packages/com.unity.collab-proxy/Editor/Assets/Images/iconclosebutton.png - Importer: ScriptedImporter/UnityEditor.QuickSearchModule:UnityEditor.Search:ASIAI0B' with importer (ScriptedImporter : UnityEditor.QuickSearchModule:UnityEditor.Search:ASIAI0B)
Imported 'GUID: 13527793884104b46b7446fd7464c3ed' -> (Import Result ID: '6496c941763e82958a1ee463cb10d3b9') in 0.005 seconds [static and dynamic dependencies]. Details - ImportResultOutputID=e9111ed1e2bcf6c5e08b7acbbe372bde DependenciesID=0e0f5d0b496da6d1dbd5dd0ac08ac4b1 StaticDependenciesID=d7b7969fceb00cf263a934ad3753f43d 
Number of updated asset objects reloaded before import = 0
Number of asset objects unloaded after import = 1
========================================================================
Received Import Request.
  Time of request: 2026-09-04T15:32:01.6683612Z
  Time since last request: 0.2252566 seconds.
  importAddress: GUID: fcbeb36f6ab89fb498ccbbc3bc2ef51c - Path: Packages/com.unity.collab-proxy/Editor/Assets/Images/iconignoredoverlay@2x.png - Importer: ScriptedImporter/UnityEditor.QuickSearchModule:UnityEditor.Search:ASIAI0B
Importing 'GUID: fcbeb36f6ab89fb498ccbbc3bc2ef51c - Path: Packages/com.unity.collab-proxy/Editor/Assets/Images/iconignoredoverlay@2x.png - Importer: ScriptedImporter/UnityEditor.QuickSearchModule:UnityEditor.Search:ASIAI0B' with importer (ScriptedImporter : UnityEditor.QuickSearchModule:UnityEditor.Search:ASIAI0B)
Imported 'GUID: fcbeb36f6ab89fb498ccbbc3bc2ef51c' -> (Import Result ID: '8f6637f6ae7a0f549e51ddda84cbce0a') in 0.006 seconds [static and dynamic dependencies]. Details - ImportResultOutputID=4226a5e2eac929074532d1b431373f2b DependenciesID=30ad8c5c714fedcce8508f34ef7e029e StaticDependenciesID=51214c127680c96dd6f9eb38c4b7a7e3 
Number of updated asset objects reloaded before import = 0
Number of asset objects unloaded after import = 3
========================================================================
Received Import Request.
  Time of request: 2026-09-04T15:32:01.6940116Z
  Time since last request: 0.0139662 seconds.
  importAddress: GUID: 7ee48c5fba4919649a8a6094cbead669 - Path: Packages/com.unity.collab-proxy/Editor/Assets/Images/d_loading@2x.png - Importer: ScriptedImporter/UnityEditor.QuickSearchModule:UnityEditor.Search:ASIAI0B
Importing 'GUID: 7ee48c5fba4919649a8a6094cbead669 - Path: Packages/com.unity.collab-proxy/Editor/Assets/Images/d_loading@2x.png - Importer: ScriptedImporter/UnityEditor.QuickSearchModule:UnityEditor.Search:ASIAI0B' with importer (ScriptedImporter : UnityEditor.QuickSearchModule:UnityEditor.Search:ASIAI0B)
Imported 'GUID: 7ee48c5fba4919649a8a6094cbead669' -> (Import Result ID: '33e62c3d14a4554cd7271ea2e98e96f1') in 0.005 seconds [static and dynamic dependencies]. Details - ImportResultOutputID=b4f09be1bb75e860dfbd7699c8e76bcd DependenciesID=13ea358a4b2c582d3e9ded49100d8704 StaticDependenciesID=3af25833efc91d063e53d594ccd06570 
Number of updated asset objects reloaded before import = 0
Number of asset objects unloaded after import = 1
========================================================================
Received Import Request.
  Time of request: 2026-09-04T15:32:01.704711Z
  Time since last request: 0.0002672 seconds.
  importAddress: GUID: c5d82e0b4fbcf42539ceffc642e631ce - Path: Packages/com.unity.collab-proxy/Editor/Assets/Images/iconchangesets.png - Importer: ScriptedImporter/UnityEditor.QuickSearchModule:UnityEditor.Search:ASIAI0B
Importing 'GUID: c5d82e0b4fbcf42539ceffc642e631ce - Path: Packages/com.unity.collab-proxy/Editor/Assets/Images/iconchangesets.png - Importer: ScriptedImporter/UnityEditor.QuickSearchModule:UnityEditor.Search:ASIAI0B' with importer (ScriptedImporter : UnityEditor.QuickSearchModule:UnityEditor.Search:ASIAI0B)
Imported 'GUID: c5d82e0b4fbcf42539ceffc642e631ce' -> (Import Result ID: 'a39196db50ad64fc861d5dea28dad67c') in 0.007 seconds [static and dynamic dependencies]. Details - ImportResultOutputID=372ae755587bde5bba5e315ce4d0da0d DependenciesID=48a51a1821bd30f8eb177310f02df07a StaticDependenciesID=817121c47d89c3b0c7878afefa1de5ee 
Number of updated asset objects reloaded before import = 0
Number of asset objects unloaded after import = 3
========================================================================
Received Import Request.
  Time of request: 2026-09-04T15:32:01.7203394Z
  Time since last request: 0.000195 seconds.
  importAddress: GUID: d5c3277b1dbad9448b46c2ec87a2cef8 - Path: Packages/com.unity.collab-proxy/Editor/Assets/Images/icondeletedremoteoverlay@2x.png - Importer: ScriptedImporter/UnityEditor.QuickSearchModule:UnityEditor.Search:ASIAI0B
Importing 'GUID: d5c3277b1dbad9448b46c2ec87a2cef8 - Path: Packages/com.unity.collab-proxy/Editor/Assets/Images/icondeletedremoteoverlay@2x.png - Importer: ScriptedImporter/UnityEditor.QuickSearchModule:UnityEditor.Search:ASIAI0B' with importer (ScriptedImporter : UnityEditor.QuickSearchModule:UnityEditor.Search:ASIAI0B)
Imported 'GUID: d5c3277b1dbad9448b46c2ec87a2cef8' -> (Import Result ID: '887961326fe3f9f88d6c918feaeca6de') in 0.010 seconds [static and dynamic dependencies]. Details - ImportResultOutputID=f4097cab4046d4d6473d048c79540b0a DependenciesID=21f5305bb2cbb9b43487960e7658eb90 StaticDependenciesID=4365714f2d24d6c7df10181e63de0b9d 
Number of updated asset objects reloaded before import = 0
Number of asset objects unloaded after import = 1
========================================================================
Received Import Request.
  Time of request: 2026-09-04T15:32:01.7369251Z
  Time since last request: 0.0002358 seconds.
  importAddress: GUID: 0a08fa9ec51507e488400cee024073a7 - Path: Packages/com.unity.collab-proxy/Editor/Assets/Images/hideversioncontrol.png - Importer: ScriptedImporter/UnityEditor.QuickSearchModule:UnityEditor.Search:ASIAI0B
Importing 'GUID: 0a08fa9ec51507e488400cee024073a7 - Path: Packages/com.unity.collab-proxy/Editor/Assets/Images/hideversioncontrol.png - Importer: ScriptedImporter/UnityEditor.QuickSearchModule:UnityEditor.Search:ASIAI0B' with importer (ScriptedImporter : UnityEditor.QuickSearchModule:UnityEditor.Search:ASIAI0B)
Imported 'GUID: 0a08fa9ec51507e488400cee024073a7' -> (Import Result ID: '0cda5335e852c79dcb26177d7d4e9ec1') in 0.005 seconds [static and dynamic dependencies]. Details - ImportResultOutputID=0f7af370d8ef15a8e31bedb61ccc3bd2 DependenciesID=ad3f8e4874b2685e304b5b9a4f441148 StaticDependenciesID=cfa973d372b0b84394b44dd10b24ecb9 
Number of updated asset objects reloaded before import = 0
Number of asset objects unloaded after import = 3
========================================================================
Received Import Request.
  Time of request: 2026-09-04T15:32:01.7477652Z
  Time since last request: 0.0002351 seconds.
  importAddress: GUID: a6219d44b6fc910449f7c3fee45db5c5 - Path: Packages/com.unity.collab-proxy/Editor/Assets/Images/iconbranches.png - Importer: ScriptedImporter/UnityEditor.QuickSearchModule:UnityEditor.Search:ASIAI0B
Importing 'GUID: a6219d44b6fc910449f7c3fee45db5c5 - Path: Packages/com.unity.collab-proxy/Editor/Assets/Images/iconbranches.png - Importer: ScriptedImporter/UnityEditor.QuickSearchModule:UnityEditor.Search:ASIAI0B' with importer (ScriptedImporter : UnityEditor.QuickSearchModule:UnityEditor.Search:ASIAI0B)
Imported 'GUID: a6219d44b6fc910449f7c3fee45db5c5' -> (Import Result ID: '98ed1daedcae2cd421bbe1042e9b5714') in 0.005 seconds [static and dynamic dependencies]. Details - ImportResultOutputID=d877f4a14517f060b452137c47ccc224 DependenciesID=f8c5696e24f5f16429d38ce54910870f StaticDependenciesID=8bb5a5e2f1708b71792fb6cd144e5e56 
Number of updated asset objects reloaded before import = 0
Number of asset objects unloaded after import = 1
========================================================================
Received Import Request.
  Time of request: 2026-09-04T15:32:01.7588181Z
  Time since last request: 0.0002468 seconds.
  importAddress: GUID: 87480bc179519ff4da25283c61c2573b - Path: Packages/com.unity.collab-proxy/Editor/Assets/Images/iconbrex.png - Importer: ScriptedImporter/UnityEditor.QuickSearchModule:UnityEditor.Search:ASIAI0B
Importing 'GUID: 87480bc179519ff4da25283c61c2573b - Path: Packages/com.unity.collab-proxy/Editor/Assets/Images/iconbrex.png - Importer: ScriptedImporter/UnityEditor.QuickSearchModule:UnityEditor.Search:ASIAI0B' with importer (ScriptedImporter : UnityEditor.QuickSearchModule:UnityEditor.Search:ASIAI0B)
Imported 'GUID: 87480bc179519ff4da25283c61c2573b' -> (Import Result ID: 'f52f3cfadcc5be38888f7ba771820915') in 0.006 seconds [static and dynamic dependencies]. Details - ImportResultOutputID=da28786f4a0e7a8f96a7633c108af1c3 DependenciesID=dd1ca49fc43cb33b013d740c2cc494ce StaticDependenciesID=794a601343f304c76ecef0f9309c192c 
Number of updated asset objects reloaded before import = 0
Number of asset objects unloaded after import = 3
========================================================================
Received Import Request.
  Time of request: 2026-09-04T15:32:01.7710567Z
  Time since last request: 0.0001981 seconds.
  importAddress: GUID: 92b8c447daf4d4b41a0ec148d1091261 - Path: Packages/com.unity.collab-proxy/Editor/Assets/Images/d_refresh.png - Importer: ScriptedImporter/UnityEditor.QuickSearchModule:UnityEditor.Search:ASIAI0B
Importing 'GUID: 92b8c447daf4d4b41a0ec148d1091261 - Path: Packages/com.unity.collab-proxy/Editor/Assets/Images/d_refresh.png - Importer: ScriptedImporter/UnityEditor.QuickSearchModule:UnityEditor.Search:ASIAI0B' with importer (ScriptedImporter : UnityEditor.QuickSearchModule:UnityEditor.Search:ASIAI0B)
Imported 'GUID: 92b8c447daf4d4b41a0ec148d1091261' -> (Import Result ID: 'dce539594602f3bbf8d413c6415eff18') in 0.005 seconds [static and dynamic dependencies]. Details - ImportResultOutputID=73a8bbe68e6cda4fe5615b9bea391366 DependenciesID=0b76022281bd7148cdeb6db6060d3481 StaticDependenciesID=ccea8555374db0e5932d0f7ca90aa5ac 
Number of updated asset objects reloaded before import = 0
Number of asset objects unloaded after import = 1
========================================================================
Received Import Request.
  Time of request: 2026-09-04T15:32:01.781206Z
  Time since last request: 0.0002494 seconds.
  importAddress: GUID: 8d91317e8f7610f41a30fcb9c0d99196 - Path: Packages/com.unity.collab-proxy/Editor/Assets/Images/iconclipboard.png - Importer: ScriptedImporter/UnityEditor.QuickSearchModule:UnityEditor.Search:ASIAI0B
Importing 'GUID: 8d91317e8f7610f41a30fcb9c0d99196 - Path: Packages/com.unity.collab-proxy/Editor/Assets/Images/iconclipboard.png - Importer: ScriptedImporter/UnityEditor.QuickSearchModule:UnityEditor.Search:ASIAI0B' with importer (ScriptedImporter : UnityEditor.QuickSearchModule:UnityEditor.Search:ASIAI0B)
Imported 'GUID: 8d91317e8f7610f41a30fcb9c0d99196' -> (Import Result ID: '45f69d0c50929d9d3ac48044ae33c047') in 0.007 seconds [static and dynamic dependencies]. Details - ImportResultOutputID=1a23cb1004b1b1f6a95ab546d5a34979 DependenciesID=54246e3a56ff5d120ab8c31b2f8f82bd StaticDependenciesID=207dd4883f8a210e1708d41729f55db5 
Number of updated asset objects reloaded before import = 0
Number of asset objects unloaded after import = 3
========================================================================
Received Import Request.
  Time of request: 2026-09-04T15:32:01.7938081Z
  Time since last request: 0.0002191 seconds.
  importAddress: GUID: 74ef721fef79c44489d4e3edb0ab0c01 - Path: Packages/com.unity.collab-proxy/Editor/Assets/Images/iconaddedoverlay@2x.png - Importer: ScriptedImporter/UnityEditor.QuickSearchModule:UnityEditor.Search:ASIAI0B
Importing 'GUID: 74ef721fef79c44489d4e3edb0ab0c01 - Path: Packages/com.unity.collab-proxy/Editor/Assets/Images/iconaddedoverlay@2x.png - Importer: ScriptedImporter/UnityEditor.QuickSearchModule:UnityEditor.Search:ASIAI0B' with importer (ScriptedImporter : UnityEditor.QuickSearchModule:UnityEditor.Search:ASIAI0B)
Imported 'GUID: 74ef721fef79c44489d4e3edb0ab0c01' -> (Import Result ID: 'fbd908d5219ea1490d2750e562124443') in 0.005 seconds [static and dynamic dependencies]. Details - ImportResultOutputID=f39a503084ff8b5a3a5e1e7583baf799 DependenciesID=de20c9c7f5aac7fc21a8087397c9abe9 StaticDependenciesID=eb87e71b71363a04899d791179b52c0e 
Number of updated asset objects reloaded before import = 0
Number of asset objects unloaded after import = 1
========================================================================
Received Import Request.
  Time of request: 2026-09-04T15:32:01.8257268Z
  Time since last request: 0.0214044 seconds.
  importAddress: GUID: 4cffcba66879d7a4a9da8554709e9825 - Path: Packages/com.unity.collab-proxy/Editor/Assets/Images/iconlockedremoteoverlay.png - Importer: ScriptedImporter/UnityEditor.QuickSearchModule:UnityEditor.Search:ASIAI0B
Importing 'GUID: 4cffcba66879d7a4a9da8554709e9825 - Path: Packages/com.unity.collab-proxy/Editor/Assets/Images/iconlockedremoteoverlay.png - Importer: ScriptedImporter/UnityEditor.QuickSearchModule:UnityEditor.Search:ASIAI0B' with importer (ScriptedImporter : UnityEditor.QuickSearchModule:UnityEditor.Search:ASIAI0B)
Imported 'GUID: 4cffcba66879d7a4a9da8554709e9825' -> (Import Result ID: 'accf36d025f660b4bfcd61f5b665ed20') in 0.007 seconds [static and dynamic dependencies]. Details - ImportResultOutputID=bd7bfeb10d23ce74393710f0b68036c0 DependenciesID=58649e7008663ee4b5378cc87eb7f269 StaticDependenciesID=7b10d4321501502428bc650d39fde91a 
Number of updated asset objects reloaded before import = 0
Number of asset objects unloaded after import = 3
========================================================================
Received Import Request.
  Time of request: 2026-09-04T15:32:01.8414699Z
  Time since last request: 0.0005103 seconds.
  importAddress: GUID: c6b1bcaa3f4767141acd747384dbb276 - Path: Packages/com.unity.collab-proxy/Editor/Assets/Images/loading.png - Importer: ScriptedImporter/UnityEditor.QuickSearchModule:UnityEditor.Search:ASIAI0B
Importing 'GUID: c6b1bcaa3f4767141acd747384dbb276 - Path: Packages/com.unity.collab-proxy/Editor/Assets/Images/loading.png - Importer: ScriptedImporter/UnityEditor.QuickSearchModule:UnityEditor.Search:ASIAI0B' with importer (ScriptedImporter : UnityEditor.QuickSearchModule:UnityEditor.Search:ASIAI0B)
Imported 'GUID: c6b1bcaa3f4767141acd747384dbb276' -> (Import Result ID: '77b567735601b6b81b0633e34f644854') in 0.010 seconds [static and dynamic dependencies]. Details - ImportResultOutputID=a82cab0b39d421d442dab5edf63a365f DependenciesID=b40b372384d1cc65d10df56da0d4bb6d StaticDependenciesID=bee132749d4187ec080b272a09360ac3 
Number of updated asset objects reloaded before import = 0
Number of asset objects unloaded after import = 1
========================================================================
Received Import Request.
  Time of request: 2026-09-04T15:32:01.8601569Z
  Time since last request: 0.0003057 seconds.
  importAddress: GUID: b1b37c2733b68854ba004ff712ef849f - Path: Packages/com.unity.collab-proxy/Editor/Assets/Images/iconshelve.png - Importer: ScriptedImporter/UnityEditor.QuickSearchModule:UnityEditor.Search:ASIAI0B
Importing 'GUID: b1b37c2733b68854ba004ff712ef849f - Path: Packages/com.unity.collab-proxy/Editor/Assets/Images/iconshelve.png - Importer: ScriptedImporter/UnityEditor.QuickSearchModule:UnityEditor.Search:ASIAI0B' with importer (ScriptedImporter : UnityEditor.QuickSearchModule:UnityEditor.Search:ASIAI0B)
Imported 'GUID: b1b37c2733b68854ba004ff712ef849f' -> (Import Result ID: '3187c8f399f01ae8efacf5e6b5208de6') in 0.007 seconds [static and dynamic dependencies]. Details - ImportResultOutputID=7c7b84bcaa736aa6e314eb384cf023b9 DependenciesID=7f9c7e09c50cfabe579197900e9138c6 StaticDependenciesID=5cef98f7a2b18d7516f712a55535e007 
Number of updated asset objects reloaded before import = 0
Number of asset objects unloaded after import = 3
========================================================================
Received Import Request.
  Time of request: 2026-09-04T15:32:01.8741583Z
  Time since last request: 0.0001544 seconds.
  importAddress: GUID: 96967b3953faf48f6885b45aed76490f - Path: Packages/com.unity.collab-proxy/Editor/Assets/Images/iconplasticnotifypendingchangesandincoming.png - Importer: ScriptedImporter/UnityEditor.QuickSearchModule:UnityEditor.Search:ASIAI0B
Importing 'GUID: 96967b3953faf48f6885b45aed76490f - Path: Packages/com.unity.collab-proxy/Editor/Assets/Images/iconplasticnotifypendingchangesandincoming.png - Importer: ScriptedImporter/UnityEditor.QuickSearchModule:UnityEditor.Search:ASIAI0B' with importer (ScriptedImporter : UnityEditor.QuickSearchModule:UnityEditor.Search:ASIAI0B)
Imported 'GUID: 96967b3953faf48f6885b45aed76490f' -> (Import Result ID: '3b3fda5816c1375c33bd9016409152ee') in 0.007 seconds [static and dynamic dependencies]. Details - ImportResultOutputID=940b1fa5fdcf525cd5a8f8fa5ddd243c DependenciesID=2e48b16f8220fbb869b73cda9b9acb8d StaticDependenciesID=91e1da8370b856a01dde862002f11a01 
Number of updated asset objects reloaded before import = 0
Number of asset objects unloaded after import = 3
========================================================================
Received Import Request.
  Time of request: 2026-09-04T15:32:01.8869529Z
  Time since last request: 0.0002289 seconds.
  importAddress: GUID: 84f696eaa6e195043b22f318aa59b058 - Path: Packages/com.unity.collab-proxy/Editor/Assets/Images/iconrepository@2x.png - Importer: ScriptedImporter/UnityEditor.QuickSearchModule:UnityEditor.Search:ASIAI0B
Importing 'GUID: 84f696eaa6e195043b22f318aa59b058 - Path: Packages/com.unity.collab-proxy/Editor/Assets/Images/iconrepository@2x.png - Importer: ScriptedImporter/UnityEditor.QuickSearchModule:UnityEditor.Search:ASIAI0B' with importer (ScriptedImporter : UnityEditor.QuickSearchModule:UnityEditor.Search:ASIAI0B)
Imported 'GUID: 84f696eaa6e195043b22f318aa59b058' -> (Import Result ID: 'fe2da3e85f157d7375b1e9dc187b885f') in 0.006 seconds [static and dynamic dependencies]. Details - ImportResultOutputID=0a992563c6bfbc427a67105fb7c42ee3 DependenciesID=ce7bb67520ca40eec35670e4e6b36c51 StaticDependenciesID=3139bfc8411605a925111d22c2307288 
Number of updated asset objects reloaded before import = 0
Number of asset objects unloaded after import = 3
========================================================================
Received Import Request.
  Time of request: 2026-09-04T15:32:01.8992883Z
  Time since last request: 0.0002104 seconds.
  importAddress: GUID: b528c1b33a65cf94ea74f830b54c9acb - Path: Packages/com.unity.collab-proxy/Editor/Assets/Images/iconlockedlocaloverlay@2x.png - Importer: ScriptedImporter/UnityEditor.QuickSearchModule:UnityEditor.Search:ASIAI0B
Importing 'GUID: b528c1b33a65cf94ea74f830b54c9acb - Path: Packages/com.unity.collab-proxy/Editor/Assets/Images/iconlockedlocaloverlay@2x.png - Importer: ScriptedImporter/UnityEditor.QuickSearchModule:UnityEditor.Search:ASIAI0B' with importer (ScriptedImporter : UnityEditor.QuickSearchModule:UnityEditor.Search:ASIAI0B)
Imported 'GUID: b528c1b33a65cf94ea74f830b54c9acb' -> (Import Result ID: '7494c91157916bb9b1172556c48dddeb') in 0.006 seconds [static and dynamic dependencies]. Details - ImportResultOutputID=1ab214ae2fb35cac35f08023a90d688b DependenciesID=16d2d724261f42a319a1d26c2a161faa StaticDependenciesID=0edfb9e6742b8df5285db2c1829f37c5 
Number of updated asset objects reloaded before import = 0
Number of asset objects unloaded after import = 1
========================================================================
Received Import Request.
  Time of request: 2026-09-04T15:32:01.9131183Z
  Time since last request: 0.0002161 seconds.
  importAddress: GUID: 0dfbb2b6ddcdd254da80e3418498b3a6 - Path: Packages/com.unity.collab-proxy/Editor/Assets/Images/iconundo@2x.png - Importer: ScriptedImporter/UnityEditor.QuickSearchModule:UnityEditor.Search:ASIAI0B
Importing 'GUID: 0dfbb2b6ddcdd254da80e3418498b3a6 - Path: Packages/com.unity.collab-proxy/Editor/Assets/Images/iconundo@2x.png - Importer: ScriptedImporter/UnityEditor.QuickSearchModule:UnityEditor.Search:ASIAI0B' with importer (ScriptedImporter : UnityEditor.QuickSearchModule:UnityEditor.Search:ASIAI0B)
Imported 'GUID: 0dfbb2b6ddcdd254da80e3418498b3a6' -> (Import Result ID: '5d6c62daf21dafd9d6a12b1cbb4ae2f4') in 0.008 seconds [static and dynamic dependencies]. Details - ImportResultOutputID=887be736cb39cb7e270bfb1cccef3672 DependenciesID=d188210447e30c32c117abc47c6b25d1 StaticDependenciesID=b3a0fe107a52cf0239c2b9f12535d303 
Number of updated asset objects reloaded before import = 0
Number of asset objects unloaded after import = 1
========================================================================
Received Import Request.
  Time of request: 2026-09-04T15:32:01.9289581Z
  Time since last request: 0.0002095 seconds.
  importAddress: GUID: 3728580c149181a44b359e89f6edacae - Path: Packages/com.unity.collab-proxy/Editor/Assets/Images/iconoutofsyncoverlay@2x.png - Importer: ScriptedImporter/UnityEditor.QuickSearchModule:UnityEditor.Search:ASIAI0B
Importing 'GUID: 3728580c149181a44b359e89f6edacae - Path: Packages/com.unity.collab-proxy/Editor/Assets/Images/iconoutofsyncoverlay@2x.png - Importer: ScriptedImporter/UnityEditor.QuickSearchModule:UnityEditor.Search:ASIAI0B' with importer (ScriptedImporter : UnityEditor.QuickSearchModule:UnityEditor.Search:ASIAI0B)
Imported 'GUID: 3728580c149181a44b359e89f6edacae' -> (Import Result ID: '7fda0dacace866c40f0a48da3db8a7a1') in 0.007 seconds [static and dynamic dependencies]. Details - ImportResultOutputID=ee93e06be0eff75cf795a4e053d9d74f DependenciesID=841499eac55cea41347b901a13e04ca9 StaticDependenciesID=503d1fc85dd1136f1d85b5ace3409616 
Number of updated asset objects reloaded before import = 0
Number of asset objects unloaded after import = 1
========================================================================
Received Import Request.
  Time of request: 2026-09-04T15:32:01.9419312Z
  Time since last request: 0.0001943 seconds.
  importAddress: GUID: 830164d71b9d60c40b606822b957d10b - Path: Packages/com.unity.collab-proxy/Editor/Assets/Images/iconinfobellnotification@2x.png - Importer: ScriptedImporter/UnityEditor.QuickSearchModule:UnityEditor.Search:ASIAI0B
Importing 'GUID: 830164d71b9d60c40b606822b957d10b - Path: Packages/com.unity.collab-proxy/Editor/Assets/Images/iconinfobellnotification@2x.png - Importer: ScriptedImporter/UnityEditor.QuickSearchModule:UnityEditor.Search:ASIAI0B' with importer (ScriptedImporter : UnityEditor.QuickSearchModule:UnityEditor.Search:ASIAI0B)
Imported 'GUID: 830164d71b9d60c40b606822b957d10b' -> (Import Result ID: 'bef77d5270de90d8bcc079d57cbda3ce') in 0.006 seconds [static and dynamic dependencies]. Details - ImportResultOutputID=3e7672b95356caf52a193e8bd75c5417 DependenciesID=c2906c553c2d9cbd2cd350ac65c4e134 StaticDependenciesID=86d8a5ad2101cd4b6ef5fde31ae71963 
Number of updated asset objects reloaded before import = 0
Number of asset objects unloaded after import = 3
========================================================================
Received Import Request.
  Time of request: 2026-09-04T15:32:01.9533104Z
  Time since last request: 0.000235 seconds.
  importAddress: GUID: 40e23f4f2fddc724db517c63f4d8990d - Path: Packages/com.unity.collab-proxy/Editor/Assets/Images/iconinviteusers.png - Importer: ScriptedImporter/UnityEditor.QuickSearchModule:UnityEditor.Search:ASIAI0B
Importing 'GUID: 40e23f4f2fddc724db517c63f4d8990d - Path: Packages/com.unity.collab-proxy/Editor/Assets/Images/iconinviteusers.png - Importer: ScriptedImporter/UnityEditor.QuickSearchModule:UnityEditor.Search:ASIAI0B' with importer (ScriptedImporter : UnityEditor.QuickSearchModule:UnityEditor.Search:ASIAI0B)
Imported 'GUID: 40e23f4f2fddc724db517c63f4d8990d' -> (Import Result ID: 'eb966e1cf788be2547436c480afdfa12') in 0.007 seconds [static and dynamic dependencies]. Details - ImportResultOutputID=79fb50ebcd597291d3dc2b0160c01335 DependenciesID=ab0f9a489dd07d59417408524e05d4b5 StaticDependenciesID=34e9ef8730133667f0eb8b8fcc3c627f 
Number of updated asset objects reloaded before import = 0
Number of asset objects unloaded after import = 3
========================================================================
Received Import Request.
  Time of request: 2026-09-04T15:32:01.9664656Z
  Time since last request: 0.0002341 seconds.
  importAddress: GUID: e4517bb2f521d99439ec9981a44a87ec - Path: Packages/com.unity.collab-proxy/Editor/Assets/Images/iconoutofsyncoverlay.png - Importer: ScriptedImporter/UnityEditor.QuickSearchModule:UnityEditor.Search:ASIAI0B
Importing 'GUID: e4517bb2f521d99439ec9981a44a87ec - Path: Packages/com.unity.collab-proxy/Editor/Assets/Images/iconoutofsyncoverlay.png - Importer: ScriptedImporter/UnityEditor.QuickSearchModule:UnityEditor.Search:ASIAI0B' with importer (ScriptedImporter : UnityEditor.QuickSearchModule:UnityEditor.Search:ASIAI0B)
Imported 'GUID: e4517bb2f521d99439ec9981a44a87ec' -> (Import Result ID: 'a66752b7345cdf2f90b66a3dfd60d29f') in 0.011 seconds [static and dynamic dependencies]. Details - ImportResultOutputID=7b5223fd155e52cd1ae7daf5e2ec75d6 DependenciesID=95b9b184408a3d7e987ad032a865286d StaticDependenciesID=b40654f80057f41e91f88364e42a2e10 
Number of updated asset objects reloaded before import = 0
Number of asset objects unloaded after import = 3
========================================================================
Received Import Request.
  Time of request: 2026-09-04T15:32:01.9829356Z
  Time since last request: 0.0002271 seconds.
  importAddress: GUID: 59571f82a0dc1a14da606dc0df6f8ea7 - Path: Packages/com.unity.collab-proxy/Editor/Assets/Images/refresh@2x.png - Importer: ScriptedImporter/UnityEditor.QuickSearchModule:UnityEditor.Search:ASIAI0B
Importing 'GUID: 59571f82a0dc1a14da606dc0df6f8ea7 - Path: Packages/com.unity.collab-proxy/Editor/Assets/Images/refresh@2x.png - Importer: ScriptedImporter/UnityEditor.QuickSearchModule:UnityEditor.Search:ASIAI0B' with importer (ScriptedImporter : UnityEditor.QuickSearchModule:UnityEditor.Search:ASIAI0B)
Imported 'GUID: 59571f82a0dc1a14da606dc0df6f8ea7' -> (Import Result ID: 'a827c2885b7a3376f26ec87353c16cd6') in 0.007 seconds [static and dynamic dependencies]. Details - ImportResultOutputID=632da68a72a4f21b00c69b5b8d861ad4 DependenciesID=4e27c3d52d94e35f005b5b170f7c7db2 StaticDependenciesID=50fa41881b535e793145045ede3f70df 
Number of updated asset objects reloaded before import = 0
Number of asset objects unloaded after import = 1
========================================================================
Received Import Request.
  Time of request: 2026-09-04T15:32:01.9955482Z
  Time since last request: 0.0002256 seconds.
  importAddress: GUID: ca9343b72095cb846be99d76d069dfc0 - Path: Packages/com.unity.collab-proxy/Editor/Assets/Images/iconinfobellnotification.png - Importer: ScriptedImporter/UnityEditor.QuickSearchModule:UnityEditor.Search:ASIAI0B
Importing 'GUID: ca9343b72095cb846be99d76d069dfc0 - Path: Packages/com.unity.collab-proxy/Editor/Assets/Images/iconinfobellnotification.png - Importer: ScriptedImporter/UnityEditor.QuickSearchModule:UnityEditor.Search:ASIAI0B' with importer (ScriptedImporter : UnityEditor.QuickSearchModule:UnityEditor.Search:ASIAI0B)
Imported 'GUID: ca9343b72095cb846be99d76d069dfc0' -> (Import Result ID: '6c1d725a245f55d0e3d470f938dc5859') in 0.006 seconds [static and dynamic dependencies]. Details - ImportResultOutputID=c77aa9e9d0b11ab4938207a146cbb21e DependenciesID=e244369d61e11281ae20bc2db9693556 StaticDependenciesID=0fe706738a3ef97e343c36d922dd0974 
Number of updated asset objects reloaded before import = 0
Number of asset objects unloaded after import = 3
========================================================================
Received Import Request.
  Time of request: 2026-09-04T15:32:02.0253577Z
  Time since last request: 0.0172774 seconds.
  importAddress: GUID: c53c624438663f74ab67fbdf8869ae18 - Path: Packages/com.unity.collab-proxy/Editor/AssetsUtils/Processor/UVCSAssetModificationProcessor.cs - Importer: ScriptedImporter/UnityEditor.QuickSearchModule:UnityEditor.Search:ASIAI0B
Importing 'GUID: c53c624438663f74ab67fbdf8869ae18 - Path: Packages/com.unity.collab-proxy/Editor/AssetsUtils/Processor/UVCSAssetModificationProcessor.cs - Importer: ScriptedImporter/UnityEditor.QuickSearchModule:UnityEditor.Search:ASIAI0B' with importer (ScriptedImporter : UnityEditor.QuickSearchModule:UnityEditor.Search:ASIAI0B)
Imported 'GUID: c53c624438663f74ab67fbdf8869ae18' -> (Import Result ID: '2604358e785ba2de3d01e92a1c82aa1b') in 0.003 seconds [static and dynamic dependencies]. Details - ImportResultOutputID=5c1e9df77a396b34dcd60b3a8b61d6d4 DependenciesID=f5fe198e8aa6aebce90cb2f92fce7693 StaticDependenciesID=95c6f0be2f2612c1bd1936c7e247f47a 
Number of updated asset objects reloaded before import = 0
Number of asset objects unloaded after import = 0
========================================================================
Received Import Request.
  Time of request: 2026-09-04T15:32:02.0351741Z
  Time since last request: 0.000268 seconds.
  importAddress: GUID: 0229db2477529f049aa3683cfba9d23b - Path: Packages/com.unity.collab-proxy/Editor/Assets/Layouts/SignInWithEmailPanel.uxml - Importer: ScriptedImporter/UnityEditor.QuickSearchModule:UnityEditor.Search:ASIAI0B
Importing 'GUID: 0229db2477529f049aa3683cfba9d23b - Path: Packages/com.unity.collab-proxy/Editor/Assets/Layouts/SignInWithEmailPanel.uxml - Importer: ScriptedImporter/UnityEditor.QuickSearchModule:UnityEditor.Search:ASIAI0B' with importer (ScriptedImporter : UnityEditor.QuickSearchModule:UnityEditor.Search:ASIAI0B)
Imported 'GUID: 0229db2477529f049aa3683cfba9d23b' -> (Import Result ID: '47f3fc6219db1708d69d285c987d3f0a') in 0.063 seconds [static and dynamic dependencies]. Details - ImportResultOutputID=cc1c04961688a1daeb228300c0dc440b DependenciesID=15117f4f8c1537f2af65bca23afd0afd StaticDependenciesID=23cda174eef87c675211756ea02cf7e3 
Number of updated asset objects reloaded before import = 0
Number of asset objects unloaded after import = 2
========================================================================
Received Import Request.
  Time of request: 2026-09-04T15:32:02.1054786Z
  Time since last request: 0.0002347 seconds.
  importAddress: GUID: a67a7d0865a447b49e842eac00d70833 - Path: Packages/com.unity.collab-proxy/Editor/CloudDrive/CreateWorkspace/CollaboratorsListViewHeaderState.cs - Importer: ScriptedImporter/UnityEditor.QuickSearchModule:UnityEditor.Search:ASIAI0B
Importing 'GUID: a67a7d0865a447b49e842eac00d70833 - Path: Packages/com.unity.collab-proxy/Editor/CloudDrive/CreateWorkspace/CollaboratorsListViewHeaderState.cs - Importer: ScriptedImporter/UnityEditor.QuickSearchModule:UnityEditor.Search:ASIAI0B' with importer (ScriptedImporter : UnityEditor.QuickSearchModule:UnityEditor.Search:ASIAI0B)
Imported 'GUID: a67a7d0865a447b49e842eac00d70833' -> (Import Result ID: '865ade57c55bb0b28d9be777a11de3dc') in 0.004 seconds [static and dynamic dependencies]. Details - ImportResultOutputID=5d489e83abebea93cde4cffdbf89ed79 DependenciesID=4a180cca6c41302701da0743a3c874f1 StaticDependenciesID=78a385e0793dc8fab576fe25219b128e 
Number of updated asset objects reloaded before import = 0
Number of asset objects unloaded after import = 0
========================================================================
Received Import Request.
  Time of request: 2026-09-04T15:32:02.1169736Z
  Time since last request: 0.0002196 seconds.
  importAddress: GUID: c63e2acf5cfd4816b950cf4bf6381b6f - Path: Packages/com.unity.collab-proxy/Editor/CloudDrive/Workspaces/CloudWorkspacesView.cs - Importer: ScriptedImporter/UnityEditor.QuickSearchModule:UnityEditor.Search:ASIAI0B
Importing 'GUID: c63e2acf5cfd4816b950cf4bf6381b6f - Path: Packages/com.unity.collab-proxy/Editor/CloudDrive/Workspaces/CloudWorkspacesView.cs - Importer: ScriptedImporter/UnityEditor.QuickSearchModule:UnityEditor.Search:ASIAI0B' with importer (ScriptedImporter : UnityEditor.QuickSearchModule:UnityEditor.Search:ASIAI0B)
Imported 'GUID: c63e2acf5cfd4816b950cf4bf6381b6f' -> (Import Result ID: 'ed21447ccf99b9f9340a51c89ef85888') in 0.003 seconds [static and dynamic dependencies]. Details - ImportResultOutputID=29baabcff9feaa6fea4f9f3d31cb0b02 DependenciesID=cf489916a50814d376139235f3e13347 StaticDependenciesID=0b1d28b61a4a6dfcfa348f8da220cde9 
Number of updated asset objects reloaded before import = 0
Number of asset objects unloaded after import = 0
========================================================================
Received Import Request.
  Time of request: 2026-09-04T15:32:02.1266316Z
  Time since last request: 0.0002547 seconds.
  importAddress: GUID: 0029170d14ce6c04c9f45c22cdae5559 - Path: Packages/com.unity.collab-proxy/Editor/Assets/Images/step2@2x.png - Importer: ScriptedImporter/UnityEditor.QuickSearchModule:UnityEditor.Search:ASIAI0B
Importing 'GUID: 0029170d14ce6c04c9f45c22cdae5559 - Path: Packages/com.unity.collab-proxy/Editor/Assets/Images/step2@2x.png - Importer: ScriptedImporter/UnityEditor.QuickSearchModule:UnityEditor.Search:ASIAI0B' with importer (ScriptedImporter : UnityEditor.QuickSearchModule:UnityEditor.Search:ASIAI0B)
Imported 'GUID: 0029170d14ce6c04c9f45c22cdae5559' -> (Import Result ID: 'f1e0f91d2790cfe52f378981cf266ec2') in 0.005 seconds [static and dynamic dependencies]. Details - ImportResultOutputID=c2d412fb0f8b5241bfcb3425ab77429e DependenciesID=84ff7acfa1e2ce98da16541d83672b22 StaticDependenciesID=e76413cfc12e6814244882f8957b4f7b 
Number of updated asset objects reloaded before import = 0
Number of asset objects unloaded after import = 1
========================================================================
Received Import Request.
  Time of request: 2026-09-04T15:32:02.1388303Z
  Time since last request: 0.0002289 seconds.
  importAddress: GUID: fdec637f96aaa6546ad88a90cae5dcf1 - Path: Packages/com.unity.collab-proxy/Editor/AssetsUtils/Processor/WorkspaceOperationsMonitor.cs - Importer: ScriptedImporter/UnityEditor.QuickSearchModule:UnityEditor.Search:ASIAI0B
Importing 'GUID: fdec637f96aaa6546ad88a90cae5dcf1 - Path: Packages/com.unity.collab-proxy/Editor/AssetsUtils/Processor/WorkspaceOperationsMonitor.cs - Importer: ScriptedImporter/UnityEditor.QuickSearchModule:UnityEditor.Search:ASIAI0B' with importer (ScriptedImporter : UnityEditor.QuickSearchModule:UnityEditor.Search:ASIAI0B)
Imported 'GUID: fdec637f96aaa6546ad88a90cae5dcf1' -> (Import Result ID: '19c86c3b79d2d5b7d68c9ec724fe0d60') in 0.004 seconds [static and dynamic dependencies]. Details - ImportResultOutputID=8268ea41af6cdcd996055e260143f46c DependenciesID=7d96a652f493244cad711f9454433fc6 StaticDependenciesID=d33fe6ad0f2f577d4dde2011b1170e84 
Number of updated asset objects reloaded before import = 0
Number of asset objects unloaded after import = 0
========================================================================
Received Import Request.
  Time of request: 2026-09-04T15:32:02.1510732Z
  Time since last request: 0.0002717 seconds.
  importAddress: GUID: 7d8e4407573404e26af41eacb660eb3e - Path: Packages/com.unity.collab-proxy/Editor/CodeEditor/Document/DocumentLineTree.cs - Importer: ScriptedImporter/UnityEditor.QuickSearchModule:UnityEditor.Search:ASIAI0B
Importing 'GUID: 7d8e4407573404e26af41eacb660eb3e - Path: Packages/com.unity.collab-proxy/Editor/CodeEditor/Document/DocumentLineTree.cs - Importer: ScriptedImporter/UnityEditor.QuickSearchModule:UnityEditor.Search:ASIAI0B' with importer (ScriptedImporter : UnityEditor.QuickSearchModule:UnityEditor.Search:ASIAI0B)
Imported 'GUID: 7d8e4407573404e26af41eacb660eb3e' -> (Import Result ID: '678e214971282af51ca93666569b24f5') in 0.003 seconds [static and dynamic dependencies]. Details - ImportResultOutputID=b86b67fef3cecdaf67723339ee8b5412 DependenciesID=1d93afd197d12678b6c7da97a049a50d StaticDependenciesID=4b41cb17ed21ed0134852df85b93aac1 
Number of updated asset objects reloaded before import = 0
Number of asset objects unloaded after import = 0
========================================================================
Received Import Request.
  Time of request: 2026-09-04T15:32:02.161526Z
  Time since last request: 0.0002026 seconds.
  importAddress: GUID: add4a8f16bfab4878bb29c08218cad07 - Path: Packages/com.unity.collab-proxy/Editor/CodeEditor/Document/DocumentLine.cs - Importer: ScriptedImporter/UnityEditor.QuickSearchModule:UnityEditor.Search:ASIAI0B
Importing 'GUID: add4a8f16bfab4878bb29c08218cad07 - Path: Packages/com.unity.collab-proxy/Editor/CodeEditor/Document/DocumentLine.cs - Importer: ScriptedImporter/UnityEditor.QuickSearchModule:UnityEditor.Search:ASIAI0B' with importer (ScriptedImporter : UnityEditor.QuickSearchModule:UnityEditor.Search:ASIAI0B)
Imported 'GUID: add4a8f16bfab4878bb29c08218cad07' -> (Import Result ID: '3e03d53304d99ebf52b8b8d19400f9c8') in 0.004 seconds [static and dynamic dependencies]. Details - ImportResultOutputID=6cad4b3b665c857d92a03346ab831a57 DependenciesID=9f9d1f225348a053b1417a1ef9d2403f StaticDependenciesID=73fac5ba88f57c18d4965e0b4f4f1193 
Number of updated asset objects reloaded before import = 0
Number of asset objects unloaded after import = 0
========================================================================
Received Import Request.
  Time of request: 2026-09-04T15:32:02.1729552Z
  Time since last request: 0.0002288 seconds.
  importAddress: GUID: 6fa7f4f386ba74571bc126c89255222e - Path: Packages/com.unity.collab-proxy/Editor/CodeEditor/Document/TextAnchor.cs - Importer: ScriptedImporter/UnityEditor.QuickSearchModule:UnityEditor.Search:ASIAI0B
Importing 'GUID: 6fa7f4f386ba74571bc126c89255222e - Path: Packages/com.unity.collab-proxy/Editor/CodeEditor/Document/TextAnchor.cs - Importer: ScriptedImporter/UnityEditor.QuickSearchModule:UnityEditor.Search:ASIAI0B' with importer (ScriptedImporter : UnityEditor.QuickSearchModule:UnityEditor.Search:ASIAI0B)
Imported 'GUID: 6fa7f4f386ba74571bc126c89255222e' -> (Import Result ID: '13c88654b1036fd8420cb4869260bccb') in 0.003 seconds [static and dynamic dependencies]. Details - ImportResultOutputID=161a1e7dafd4f36726616028a2c55103 DependenciesID=6afbb904b59c602b50350068d61d3064 StaticDependenciesID=36dc8721ca8575cd9234f22345c3982e 
Number of updated asset objects reloaded before import = 0
Number of asset objects unloaded after import = 0
========================================================================
Received Import Request.
  Time of request: 2026-09-04T15:32:02.1970799Z
  Time since last request: 0.0146169 seconds.
  importAddress: GUID: 757ba4d39d48487da6bb88c8f846b385 - Path: Packages/com.unity.collab-proxy/Editor/CodeEditor/Platform/KeyModifiers.cs - Importer: ScriptedImporter/UnityEditor.QuickSearchModule:UnityEditor.Search:ASIAI0B
Importing 'GUID: 757ba4d39d48487da6bb88c8f846b385 - Path: Packages/com.unity.collab-proxy/Editor/CodeEditor/Platform/KeyModifiers.cs - Importer: ScriptedImporter/UnityEditor.QuickSearchModule:UnityEditor.Search:ASIAI0B' with importer (ScriptedImporter : UnityEditor.QuickSearchModule:UnityEditor.Search:ASIAI0B)
Imported 'GUID: 757ba4d39d48487da6bb88c8f846b385' -> (Import Result ID: '00b321db470cc4a8ff2160e31ad90603') in 0.004 seconds [static and dynamic dependencies]. Details - ImportResultOutputID=c95566d3cda3f92f9967d1780252a42f DependenciesID=99800b201cdc72abae760710db77e3d0 StaticDependenciesID=d784ac5210f8d2a6b97ec03c951a0db0 
Number of updated asset objects reloaded before import = 0
Number of asset objects unloaded after import = 0
========================================================================
Received Import Request.
  Time of request: 2026-09-04T15:32:02.2083899Z
  Time since last request: 0.0005144 seconds.
  importAddress: GUID: fdc8bc956a06142009aad60c2e917c9b - Path: Packages/com.unity.collab-proxy/Editor/CodeEditor/Document/UndoStack.cs - Importer: ScriptedImporter/UnityEditor.QuickSearchModule:UnityEditor.Search:ASIAI0B
Importing 'GUID: fdc8bc956a06142009aad60c2e917c9b - Path: Packages/com.unity.collab-proxy/Editor/CodeEditor/Document/UndoStack.cs - Importer: ScriptedImporter/UnityEditor.QuickSearchModule:UnityEditor.Search:ASIAI0B' with importer (ScriptedImporter : UnityEditor.QuickSearchModule:UnityEditor.Search:ASIAI0B)
Imported 'GUID: fdc8bc956a06142009aad60c2e917c9b' -> (Import Result ID: 'c750f2b9e00c157c35b8f52a1198827b') in 0.005 seconds [static and dynamic dependencies]. Details - ImportResultOutputID=aeef93efa2f237133caca4927ea0d77c DependenciesID=ed1a90a9f56ad0fb25eb735100f2c499 StaticDependenciesID=8189c3643d56ab290fccbdbaeda9d3ab 
Number of updated asset objects reloaded before import = 0
Number of asset objects unloaded after import = 0
========================================================================
Received Import Request.
  Time of request: 2026-09-04T15:32:02.2271776Z
  Time since last request: 0.0002954 seconds.
  importAddress: GUID: e9659e74fbe8f46bdaded071ce191504 - Path: Packages/com.unity.collab-proxy/Editor/CodeEditor/Editing/SimpleSelection.cs - Importer: ScriptedImporter/UnityEditor.QuickSearchModule:UnityEditor.Search:ASIAI0B
Importing 'GUID: e9659e74fbe8f46bdaded071ce191504 - Path: Packages/com.unity.collab-proxy/Editor/CodeEditor/Editing/SimpleSelection.cs - Importer: ScriptedImporter/UnityEditor.QuickSearchModule:UnityEditor.Search:ASIAI0B' with importer (ScriptedImporter : UnityEditor.QuickSearchModule:UnityEditor.Search:ASIAI0B)
Imported 'GUID: e9659e74fbe8f46bdaded071ce191504' -> (Import Result ID: '6b60dcc161366ae3b2b9fb3cc40d2590') in 0.004 seconds [static and dynamic dependencies]. Details - ImportResultOutputID=a496da8a2bd2e97f327ac83998d7eb2b DependenciesID=e60946846bdbcb042ed590dda0e090a9 StaticDependenciesID=0d7291eb6a38c5e08601592da1b7199c 
Number of updated asset objects reloaded before import = 0
Number of asset objects unloaded after import = 0
========================================================================
Received Import Request.
  Time of request: 2026-09-04T15:32:02.2392709Z
  Time since last request: 0.0002561 seconds.
  importAddress: GUID: e76f45abe6dcffe438b00d78c0aca721 - Path: Packages/com.unity.collab-proxy/Editor/CodeEditor/Editing/CaretWeakEventHandler.cs - Importer: ScriptedImporter/UnityEditor.QuickSearchModule:UnityEditor.Search:ASIAI0B
Importing 'GUID: e76f45abe6dcffe438b00d78c0aca721 - Path: Packages/com.unity.collab-proxy/Editor/CodeEditor/Editing/CaretWeakEventHandler.cs - Importer: ScriptedImporter/UnityEditor.QuickSearchModule:UnityEditor.Search:ASIAI0B' with importer (ScriptedImporter : UnityEditor.QuickSearchModule:UnityEditor.Search:ASIAI0B)
Imported 'GUID: e76f45abe6dcffe438b00d78c0aca721' -> (Import Result ID: '7f058b9b1a4d5136c6820329f1710287') in 0.004 seconds [static and dynamic dependencies]. Details - ImportResultOutputID=acb836d81d5ffbd006456c1d8291acb3 DependenciesID=5f4f86e2695191c999a165fcae047512 StaticDependenciesID=26cbb4d6f48979bdf723eb259026fbbc 
Number of updated asset objects reloaded before import = 0
Number of asset objects unloaded after import = 0
========================================================================
Received Import Request.
  Time of request: 2026-09-04T15:32:02.2508736Z
  Time since last request: 0.0001525 seconds.
  importAddress: GUID: 804b447ae94d4867aaebc623b9e491f6 - Path: Packages/com.unity.collab-proxy/Editor/CodeEditor/Rendering/HeightTreeNode.cs - Importer: ScriptedImporter/UnityEditor.QuickSearchModule:UnityEditor.Search:ASIAI0B
Importing 'GUID: 804b447ae94d4867aaebc623b9e491f6 - Path: Packages/com.unity.collab-proxy/Editor/CodeEditor/Rendering/HeightTreeNode.cs - Importer: ScriptedImporter/UnityEditor.QuickSearchModule:UnityEditor.Search:ASIAI0B' with importer (ScriptedImporter : UnityEditor.QuickSearchModule:UnityEditor.Search:ASIAI0B)
Imported 'GUID: 804b447ae94d4867aaebc623b9e491f6' -> (Import Result ID: 'ebf6b583622264ef24cb63edf9571d89') in 0.003 seconds [static and dynamic dependencies]. Details - ImportResultOutputID=9da02f19aa87d48408f0084ce07cb5ef DependenciesID=305a6cca0628fdf49b579f3b9a50454b StaticDependenciesID=33eb620c24adaa28fea53ba2fb9bdb72 
Number of updated asset objects reloaded before import = 0
Number of asset objects unloaded after import = 0
========================================================================
Received Import Request.
  Time of request: 2026-09-04T15:32:02.2611128Z
  Time since last request: 0.0002278 seconds.
  importAddress: GUID: 17983278f10d4455a8b77556019ab3b1 - Path: Packages/com.unity.collab-proxy/Editor/CodeEditor/Rendering/VisualLinesInvalidException.cs - Importer: ScriptedImporter/UnityEditor.QuickSearchModule:UnityEditor.Search:ASIAI0B
Importing 'GUID: 17983278f10d4455a8b77556019ab3b1 - Path: Packages/com.unity.collab-proxy/Editor/CodeEditor/Rendering/VisualLinesInvalidException.cs - Importer: ScriptedImporter/UnityEditor.QuickSearchModule:UnityEditor.Search:ASIAI0B' with importer (ScriptedImporter : UnityEditor.QuickSearchModule:UnityEditor.Search:ASIAI0B)
Imported 'GUID: 17983278f10d4455a8b77556019ab3b1' -> (Import Result ID: 'a84f41de14d6fb9b99c2d971c40e11df') in 0.003 seconds [static and dynamic dependencies]. Details - ImportResultOutputID=5454277b29fe2a1061e4100ea879f605 DependenciesID=779dc3af94ddc4e6fc8fd664ed10c2d3 StaticDependenciesID=8d363e5a35eeea5b8e45e1c021b4037b 
Number of updated asset objects reloaded before import = 0
Number of asset objects unloaded after import = 0
========================================================================
Received Import Request.
  Time of request: 2026-09-04T15:32:02.2705119Z
  Time since last request: 0.0002561 seconds.
  importAddress: GUID: 8859344300b1c42c1a8d35405d42912a - Path: Packages/com.unity.collab-proxy/Editor/CodeEditor/Indentation/IIndentationStrategy.cs - Importer: ScriptedImporter/UnityEditor.QuickSearchModule:UnityEditor.Search:ASIAI0B
Importing 'GUID: 8859344300b1c42c1a8d35405d42912a - Path: Packages/com.unity.collab-proxy/Editor/CodeEditor/Indentation/IIndentationStrategy.cs - Importer: ScriptedImporter/UnityEditor.QuickSearchModule:UnityEditor.Search:ASIAI0B' with importer (ScriptedImporter : UnityEditor.QuickSearchModule:UnityEditor.Search:ASIAI0B)
Imported 'GUID: 8859344300b1c42c1a8d35405d42912a' -> (Import Result ID: 'a1f04bf9549b4643f4ca6c81fe409108') in 0.004 seconds [static and dynamic dependencies]. Details - ImportResultOutputID=a2c6bbeb36b26e08a7383be989bc5725 DependenciesID=24f5e3bb8c19be5150650529adb8d011 StaticDependenciesID=0d3f7e187388b4cd6bfe447ce1e1c542 
Number of updated asset objects reloaded before import = 0
Number of asset objects unloaded after import = 0
========================================================================
Received Import Request.
  Time of request: 2026-09-04T15:32:02.2831468Z
  Time since last request: 0.00024 seconds.
  importAddress: GUID: 17cae8c12182e4a88b5695b1b2eea5cd - Path: Packages/com.unity.collab-proxy/Editor/CodeEditor/Document/TextSourceVersionProvider.cs - Importer: ScriptedImporter/UnityEditor.QuickSearchModule:UnityEditor.Search:ASIAI0B
Importing 'GUID: 17cae8c12182e4a88b5695b1b2eea5cd - Path: Packages/com.unity.collab-proxy/Editor/CodeEditor/Document/TextSourceVersionProvider.cs - Importer: ScriptedImporter/UnityEditor.QuickSearchModule:UnityEditor.Search:ASIAI0B' with importer (ScriptedImporter : UnityEditor.QuickSearchModule:UnityEditor.Search:ASIAI0B)
Imported 'GUID: 17cae8c12182e4a88b5695b1b2eea5cd' -> (Import Result ID: '5fbc7cb5b4834e3797f8c9f9e8dc433a') in 0.004 seconds [static and dynamic dependencies]. Details - ImportResultOutputID=33916f87535490739f07e1c54280712f DependenciesID=e8cf8d59e2e4edf8b485203215fe92f5 StaticDependenciesID=5db78dabc953e88aca6758f775672ebc 
Number of updated asset objects reloaded before import = 0
Number of asset objects unloaded after import = 0
========================================================================
Received Import Request.
  Time of request: 2026-09-04T15:32:02.293941Z
  Time since last request: 0.0002545 seconds.
  importAddress: GUID: 76f83e4befc84169b2dab9ee2cc3545f - Path: Packages/com.unity.collab-proxy/Editor/CodeEditor/Editing/TextArea.cs - Importer: ScriptedImporter/UnityEditor.QuickSearchModule:UnityEditor.Search:ASIAI0B
Importing 'GUID: 76f83e4befc84169b2dab9ee2cc3545f - Path: Packages/com.unity.collab-proxy/Editor/CodeEditor/Editing/TextArea.cs - Importer: ScriptedImporter/UnityEditor.QuickSearchModule:UnityEditor.Search:ASIAI0B' with importer (ScriptedImporter : UnityEditor.QuickSearchModule:UnityEditor.Search:ASIAI0B)
Imported 'GUID: 76f83e4befc84169b2dab9ee2cc3545f' -> (Import Result ID: 'b9067fef3b1c5057dc58aa7b977bc90b') in 0.003 seconds [static and dynamic dependencies]. Details - ImportResultOutputID=7541bb1e18d2d520c3f0c3b401b17354 DependenciesID=f9a1cf570e7e043748e96530aeb8db85 StaticDependenciesID=de9afb1991e05ff561568545e47bcd8b 
Number of updated asset objects reloaded before import = 0
Number of asset objects unloaded after import = 0
========================================================================
Received Import Request.
  Time of request: 2026-09-04T15:32:02.3039296Z
  Time since last request: 0.000248 seconds.
  importAddress: GUID: 6c67e63daeb772a4ca7887f421833c0c - Path: Packages/com.unity.collab-proxy/Editor/CodeEditor/Editing/EditingCommandHandler.cs - Importer: ScriptedImporter/UnityEditor.QuickSearchModule:UnityEditor.Search:ASIAI0B
Importing 'GUID: 6c67e63daeb772a4ca7887f421833c0c - Path: Packages/com.unity.collab-proxy/Editor/CodeEditor/Editing/EditingCommandHandler.cs - Importer: ScriptedImporter/UnityEditor.QuickSearchModule:UnityEditor.Search:ASIAI0B' with importer (ScriptedImporter : UnityEditor.QuickSearchModule:UnityEditor.Search:ASIAI0B)
Imported 'GUID: 6c67e63daeb772a4ca7887f421833c0c' -> (Import Result ID: 'cfcd9bc3ab9cb782bc27d32eb608ab2b') in 0.004 seconds [static and dynamic dependencies]. Details - ImportResultOutputID=9f481a5650abed78e4e612e58ca5edda DependenciesID=8512a6ddd21eef6e3df158e6e0ba14f1 StaticDependenciesID=0b53ca2cfcd03bf4117824e9f79c1bdf 
Number of updated asset objects reloaded before import = 0
Number of asset objects unloaded after import = 0
========================================================================
Received Import Request.
  Time of request: 2026-09-04T15:32:02.3293405Z
  Time since last request: 0.0132112 seconds.
  importAddress: GUID: c95121e1e2d89e648b9d0aed259caad9 - Path: Packages/com.unity.collab-proxy/Editor/Configuration/TeamEdition/TeamEditionConfigurationWindow.cs - Importer: ScriptedImporter/UnityEditor.QuickSearchModule:UnityEditor.Search:ASIAI0B
Importing 'GUID: c95121e1e2d89e648b9d0aed259caad9 - Path: Packages/com.unity.collab-proxy/Editor/Configuration/TeamEdition/TeamEditionConfigurationWindow.cs - Importer: ScriptedImporter/UnityEditor.QuickSearchModule:UnityEditor.Search:ASIAI0B' with importer (ScriptedImporter : UnityEditor.QuickSearchModule:UnityEditor.Search:ASIAI0B)
Imported 'GUID: c95121e1e2d89e648b9d0aed259caad9' -> (Import Result ID: '5ba675834c03489d5880531cf6784e17') in 0.004 seconds [static and dynamic dependencies]. Details - ImportResultOutputID=2b87f0d8dba4fa97e21e4729dd20084a DependenciesID=97c88860ce15602ca1498ac85d2f4374 StaticDependenciesID=2e7e9f19df962ec060600efc64cb04da 
Number of updated asset objects reloaded before import = 0
Number of asset objects unloaded after import = 0
========================================================================
Received Import Request.
  Time of request: 2026-09-04T15:32:02.3399647Z
  Time since last request: 0.0002681 seconds.
  importAddress: GUID: db01cc38c298426b83c5ddd52dca39a5 - Path: Packages/com.unity.collab-proxy/Editor/CodeEditor/Rendering/VisualLineText.cs - Importer: ScriptedImporter/UnityEditor.QuickSearchModule:UnityEditor.Search:ASIAI0B
Importing 'GUID: db01cc38c298426b83c5ddd52dca39a5 - Path: Packages/com.unity.collab-proxy/Editor/CodeEditor/Rendering/VisualLineText.cs - Importer: ScriptedImporter/UnityEditor.QuickSearchModule:UnityEditor.Search:ASIAI0B' with importer (ScriptedImporter : UnityEditor.QuickSearchModule:UnityEditor.Search:ASIAI0B)
Imported 'GUID: db01cc38c298426b83c5ddd52dca39a5' -> (Import Result ID: 'b02c02c7ea74eef73d5a26c45a1b0574') in 0.003 seconds [static and dynamic dependencies]. Details - ImportResultOutputID=7124e4d867289ded695ff43691a24420 DependenciesID=9ca2fe8ee4eccbcac90b973c8b59c86b StaticDependenciesID=fddacd9ef5594ba658d475f08291a004 
Number of updated asset objects reloaded before import = 0
Number of asset objects unloaded after import = 0
========================================================================
Received Import Request.
  Time of request: 2026-09-04T15:32:02.3504399Z
  Time since last request: 0.0003268 seconds.
  importAddress: GUID: 2c80adc488044eddbad72e2e92f8bba2 - Path: Packages/com.unity.collab-proxy/Editor/Diff/Text/ContentControl.cs - Importer: ScriptedImporter/UnityEditor.QuickSearchModule:UnityEditor.Search:ASIAI0B
Importing 'GUID: 2c80adc488044eddbad72e2e92f8bba2 - Path: Packages/com.unity.collab-proxy/Editor/Diff/Text/ContentControl.cs - Importer: ScriptedImporter/UnityEditor.QuickSearchModule:UnityEditor.Search:ASIAI0B' with importer (ScriptedImporter : UnityEditor.QuickSearchModule:UnityEditor.Search:ASIAI0B)
Imported 'GUID: 2c80adc488044eddbad72e2e92f8bba2' -> (Import Result ID: 'a0f9474b6c7cdd43c918bc0db8d31334') in 0.003 seconds [static and dynamic dependencies]. Details - ImportResultOutputID=5e46b441b7d89b7b87de3ba4eb99dfbe DependenciesID=4a3f2288e231f4c553c00f61f46791f7 StaticDependenciesID=47eb33b2cf581a4035530c33f8615933 
Number of updated asset objects reloaded before import = 0
Number of asset objects unloaded after import = 0
========================================================================
Received Import Request.
  Time of request: 2026-09-04T15:32:02.3611272Z
  Time since last request: 0.0002443 seconds.
  importAddress: GUID: 036a88373b074a0cb5c99d4568e77563 - Path: Packages/com.unity.collab-proxy/Editor/CodeEditor/Utils/IFreezable.cs - Importer: ScriptedImporter/UnityEditor.QuickSearchModule:UnityEditor.Search:ASIAI0B
Importing 'GUID: 036a88373b074a0cb5c99d4568e77563 - Path: Packages/com.unity.collab-proxy/Editor/CodeEditor/Utils/IFreezable.cs - Importer: ScriptedImporter/UnityEditor.QuickSearchModule:UnityEditor.Search:ASIAI0B' with importer (ScriptedImporter : UnityEditor.QuickSearchModule:UnityEditor.Search:ASIAI0B)
Imported 'GUID: 036a88373b074a0cb5c99d4568e77563' -> (Import Result ID: '63f96fb590833cabf861a55ca1e8e0f6') in 0.004 seconds [static and dynamic dependencies]. Details - ImportResultOutputID=2b55a9b21cb69e54c40a915058717e6a DependenciesID=a660ee50b328c3055b2586d78abdda32 StaticDependenciesID=ccb2c1269794d71e8a585743f896c882 
Number of updated asset objects reloaded before import = 0
Number of asset objects unloaded after import = 0
========================================================================
Received Import Request.
  Time of request: 2026-09-04T15:32:02.3721782Z
  Time since last request: 0.0003285 seconds.
  importAddress: GUID: a2601a7e62a84d3e95fe8be6d25a7280 - Path: Packages/com.unity.collab-proxy/Editor/CodeEditor/Utils/BusyManager.cs - Importer: ScriptedImporter/UnityEditor.QuickSearchModule:UnityEditor.Search:ASIAI0B
Importing 'GUID: a2601a7e62a84d3e95fe8be6d25a7280 - Path: Packages/com.unity.collab-proxy/Editor/CodeEditor/Utils/BusyManager.cs - Importer: ScriptedImporter/UnityEditor.QuickSearchModule:UnityEditor.Search:ASIAI0B' with importer (ScriptedImporter : UnityEditor.QuickSearchModule:UnityEditor.Search:ASIAI0B)
Imported 'GUID: a2601a7e62a84d3e95fe8be6d25a7280' -> (Import Result ID: 'c7169e176aa63e95b9bfb1ed328b2632') in 0.004 seconds [static and dynamic dependencies]. Details - ImportResultOutputID=f9facca4d17d4c8cd6a80036cbf4d94b DependenciesID=7ac9d8a3dfbf81ea51a826658349ac9c StaticDependenciesID=2c2090ca3051d8818901beba2c8efd90 
Number of updated asset objects reloaded before import = 0
Number of asset objects unloaded after import = 0
========================================================================
Received Import Request.
  Time of request: 2026-09-04T15:32:02.3833824Z
  Time since last request: 0.0002361 seconds.
  importAddress: GUID: 0188683ab76112f4897348feb19a3b77 - Path: Packages/com.unity.collab-proxy/Editor/Gluon/UpdateReport/ErrorListViewItem.cs - Importer: ScriptedImporter/UnityEditor.QuickSearchModule:UnityEditor.Search:ASIAI0B
Importing 'GUID: 0188683ab76112f4897348feb19a3b77 - Path: Packages/com.unity.collab-proxy/Editor/Gluon/UpdateReport/ErrorListViewItem.cs - Importer: ScriptedImporter/UnityEditor.QuickSearchModule:UnityEditor.Search:ASIAI0B' with importer (ScriptedImporter : UnityEditor.QuickSearchModule:UnityEditor.Search:ASIAI0B)
Imported 'GUID: 0188683ab76112f4897348feb19a3b77' -> (Import Result ID: '5665735c6d7b121800d84e1ab113e33e') in 0.004 seconds [static and dynamic dependencies]. Details - ImportResultOutputID=4134c3ca412ddb63e9cc320982355c8c DependenciesID=a09c6b88239eb2d8a91c6942061463a6 StaticDependenciesID=570d3860f23431190a0315b581e8071f 
Number of updated asset objects reloaded before import = 0
Number of asset objects unloaded after import = 0
========================================================================
Received Import Request.
  Time of request: 2026-09-04T15:32:02.3942698Z
  Time since last request: 0.0003551 seconds.
  importAddress: GUID: 3fcf00e98ccc48b9beb80ae65c586683 - Path: Packages/com.unity.collab-proxy/Editor/CodeEditor/Utils/PixelSnapHelpers.cs - Importer: ScriptedImporter/UnityEditor.QuickSearchModule:UnityEditor.Search:ASIAI0B
Importing 'GUID: 3fcf00e98ccc48b9beb80ae65c586683 - Path: Packages/com.unity.collab-proxy/Editor/CodeEditor/Utils/PixelSnapHelpers.cs - Importer: ScriptedImporter/UnityEditor.QuickSearchModule:UnityEditor.Search:ASIAI0B' with importer (ScriptedImporter : UnityEditor.QuickSearchModule:UnityEditor.Search:ASIAI0B)
Imported 'GUID: 3fcf00e98ccc48b9beb80ae65c586683' -> (Import Result ID: '32b0d5623a50ce88c99be8a0c72ae0ce') in 0.008 seconds [static and dynamic dependencies]. Details - ImportResultOutputID=401ad5d53fc0a9296363c5b9b1ad609a DependenciesID=049937d6ba26d97ebdb02de556e8cb3c StaticDependenciesID=6ef06d231325d4066fd2ecddfc5c9dcd 
Number of updated asset objects reloaded before import = 0
Number of asset objects unloaded after import = 0
========================================================================
Received Import Request.
  Time of request: 2026-09-04T15:32:02.4086253Z
  Time since last request: 0.0001756 seconds.
  importAddress: GUID: 216ed3a0f59e467dabfeace5c550c123 - Path: Packages/com.unity.collab-proxy/Editor/Diff/Image/ImageContentControl.cs - Importer: ScriptedImporter/UnityEditor.QuickSearchModule:UnityEditor.Search:ASIAI0B
Importing 'GUID: 216ed3a0f59e467dabfeace5c550c123 - Path: Packages/com.unity.collab-proxy/Editor/Diff/Image/ImageContentControl.cs - Importer: ScriptedImporter/UnityEditor.QuickSearchModule:UnityEditor.Search:ASIAI0B' with importer (ScriptedImporter : UnityEditor.QuickSearchModule:UnityEditor.Search:ASIAI0B)
Imported 'GUID: 216ed3a0f59e467dabfeace5c550c123' -> (Import Result ID: '2536231b58b1d3fd7643b4e1316f9c46') in 0.005 seconds [static and dynamic dependencies]. Details - ImportResultOutputID=b0fec02dc29f736313b95325e824ca58 DependenciesID=8cb8a0a1b43f9c5cc4da91a8f5723edf StaticDependenciesID=ec15adbfe1cb0e3ffd32207887f19ea4 
Number of updated asset objects reloaded before import = 0
Number of asset objects unloaded after import = 0
========================================================================
Received Import Request.
  Time of request: 2026-09-04T15:32:02.4212322Z
  Time since last request: 0.0002358 seconds.
  importAddress: GUID: 5657a4950f10e4c4ebafc41e8539ef61 - Path: Packages/com.unity.collab-proxy/Editor/CodeEditor/Utils/RopeTextReader.cs - Importer: ScriptedImporter/UnityEditor.QuickSearchModule:UnityEditor.Search:ASIAI0B
Importing 'GUID: 5657a4950f10e4c4ebafc41e8539ef61 - Path: Packages/com.unity.collab-proxy/Editor/CodeEditor/Utils/RopeTextReader.cs - Importer: ScriptedImporter/UnityEditor.QuickSearchModule:UnityEditor.Search:ASIAI0B' with importer (ScriptedImporter : UnityEditor.QuickSearchModule:UnityEditor.Search:ASIAI0B)
Imported 'GUID: 5657a4950f10e4c4ebafc41e8539ef61' -> (Import Result ID: '2480ccb8972e99075646fac43c26f0ac') in 0.003 seconds [static and dynamic dependencies]. Details - ImportResultOutputID=facb7845840ece3f085145e0cccc0be3 DependenciesID=f716ca4ce16843d1b5ec7cc2e1e86740 StaticDependenciesID=c02ffb7b3c40bbada9e3a63abb8afca5 
Number of updated asset objects reloaded before import = 0
Number of asset objects unloaded after import = 0
========================================================================
Received Import Request.
  Time of request: 2026-09-04T15:32:02.4316351Z
  Time since last request: 0.0002682 seconds.
  importAddress: GUID: 7c0160d91d8eec24bbb43873243d2343 - Path: Packages/com.unity.collab-proxy/Editor/Gluon/UpdateReport/UpdateReportDialog.cs - Importer: ScriptedImporter/UnityEditor.QuickSearchModule:UnityEditor.Search:ASIAI0B
Importing 'GUID: 7c0160d91d8eec24bbb43873243d2343 - Path: Packages/com.unity.collab-proxy/Editor/Gluon/UpdateReport/UpdateReportDialog.cs - Importer: ScriptedImporter/UnityEditor.QuickSearchModule:UnityEditor.Search:ASIAI0B' with importer (ScriptedImporter : UnityEditor.QuickSearchModule:UnityEditor.Search:ASIAI0B)
Imported 'GUID: 7c0160d91d8eec24bbb43873243d2343' -> (Import Result ID: '4ea9e42f5c064ee16c4761abf6e7e551') in 0.004 seconds [static and dynamic dependencies]. Details - ImportResultOutputID=2b32e0be960c03c1b56945d108fb5c26 DependenciesID=a14c9f0866da574c1e4bee5d51c60524 StaticDependenciesID=df742fbae42646ce6f46c87878513a44 
Number of updated asset objects reloaded before import = 0
Number of asset objects unloaded after import = 0
========================================================================
Received Import Request.
  Time of request: 2026-09-04T15:32:02.466183Z
  Time since last request: 0.0240071 seconds.
  importAddress: GUID: f4a41e458bcb22946bcfa6b165c90288 - Path: Packages/com.unity.collab-proxy/Editor/Views/Branch/BranchesListHeaderState.cs - Importer: ScriptedImporter/UnityEditor.QuickSearchModule:UnityEditor.Search:ASIAI0B
Importing 'GUID: f4a41e458bcb22946bcfa6b165c90288 - Path: Packages/com.unity.collab-proxy/Editor/Views/Branch/BranchesListHeaderState.cs - Importer: ScriptedImporter/UnityEditor.QuickSearchModule:UnityEditor.Search:ASIAI0B' with importer (ScriptedImporter : UnityEditor.QuickSearchModule:UnityEditor.Search:ASIAI0B)
Imported 'GUID: f4a41e458bcb22946bcfa6b165c90288' -> (Import Result ID: 'd6baedc2f608cc7c9d7e78515628ae8f') in 0.004 seconds [static and dynamic dependencies]. Details - ImportResultOutputID=1a5245126a774d81a767653532adf4a8 DependenciesID=d2fad0f69fbbf68a0a0610165e29bafe StaticDependenciesID=3fa41ad27b172c6866579f1d2a43199d 
Number of updated asset objects reloaded before import = 0
Number of asset objects unloaded after import = 0
========================================================================
Received Import Request.
  Time of request: 2026-09-04T15:32:02.476559Z
  Time since last request: 0.0002938 seconds.
  importAddress: GUID: 0288f47d0c1f4195b1fdf2c90407c9c3 - Path: Packages/com.unity.collab-proxy/Editor/UI/UIElements/OverlayProgressControls.cs - Importer: ScriptedImporter/UnityEditor.QuickSearchModule:UnityEditor.Search:ASIAI0B
Importing 'GUID: 0288f47d0c1f4195b1fdf2c90407c9c3 - Path: Packages/com.unity.collab-proxy/Editor/UI/UIElements/OverlayProgressControls.cs - Importer: ScriptedImporter/UnityEditor.QuickSearchModule:UnityEditor.Search:ASIAI0B' with importer (ScriptedImporter : UnityEditor.QuickSearchModule:UnityEditor.Search:ASIAI0B)
Imported 'GUID: 0288f47d0c1f4195b1fdf2c90407c9c3' -> (Import Result ID: '0e1c154e4a02b4c4869c3650212dab6c') in 0.004 seconds [static and dynamic dependencies]. Details - ImportResultOutputID=b3fafcaa1d6da2925b8e5535d1b36f22 DependenciesID=e8498fe94ed9ccbd2b2c8b47d3817d55 StaticDependenciesID=007643848f57bf212861e36ace8504ba 
Number of updated asset objects reloaded before import = 0
Number of asset objects unloaded after import = 0
========================================================================
Received Import Request.
  Time of request: 2026-09-04T15:32:02.4870223Z
  Time since last request: 0.0002848 seconds.
  importAddress: GUID: ebbbce5f7ed39ab45b6f43340727ba5e - Path: Packages/com.unity.collab-proxy/Editor/Views/Branch/BranchListViewItem.cs - Importer: ScriptedImporter/UnityEditor.QuickSearchModule:UnityEditor.Search:ASIAI0B
Importing 'GUID: ebbbce5f7ed39ab45b6f43340727ba5e - Path: Packages/com.unity.collab-proxy/Editor/Views/Branch/BranchListViewItem.cs - Importer: ScriptedImporter/UnityEditor.QuickSearchModule:UnityEditor.Search:ASIAI0B' with importer (ScriptedImporter : UnityEditor.QuickSearchModule:UnityEditor.Search:ASIAI0B)
Imported 'GUID: ebbbce5f7ed39ab45b6f43340727ba5e' -> (Import Result ID: '50e40cb52bca2fd0814c1e31a7db411c') in 0.003 seconds [static and dynamic dependencies]. Details - ImportResultOutputID=447b277ce7e601b86d5eb4b6a6e8226c DependenciesID=f939e5518c92f137e346d28926ece8d6 StaticDependenciesID=df5f263f9ac94d233998801a3e8e5993 
Number of updated asset objects reloaded before import = 0
Number of asset objects unloaded after import = 0
========================================================================
Received Import Request.
  Time of request: 2026-09-04T15:32:02.4969345Z
  Time since last request: 0.0002462 seconds.
  importAddress: GUID: 1f51551c797bb44418a61b0f18e6c604 - Path: Packages/com.unity.collab-proxy/Editor/Views/BrowseRepository/BrowseRepositoryPanel.cs - Importer: ScriptedImporter/UnityEditor.QuickSearchModule:UnityEditor.Search:ASIAI0B
Importing 'GUID: 1f51551c797bb44418a61b0f18e6c604 - Path: Packages/com.unity.collab-proxy/Editor/Views/BrowseRepository/BrowseRepositoryPanel.cs - Importer: ScriptedImporter/UnityEditor.QuickSearchModule:UnityEditor.Search:ASIAI0B' with importer (ScriptedImporter : UnityEditor.QuickSearchModule:UnityEditor.Search:ASIAI0B)
Imported 'GUID: 1f51551c797bb44418a61b0f18e6c604' -> (Import Result ID: 'e8f3d6c7b804b6805258f6ad8931e53c') in 0.003 seconds [static and dynamic dependencies]. Details - ImportResultOutputID=77b0fcd606dc6082754addec90ff5536 DependenciesID=6897aaaf50523595941ec98a73d60015 StaticDependenciesID=f0bd4b9d3ed2f6bc87d84da0b05465c2 
Number of updated asset objects reloaded before import = 0
Number of asset objects unloaded after import = 0
========================================================================
Received Import Request.
  Time of request: 2026-09-04T15:32:02.5071002Z
  Time since last request: 0.0002028 seconds.
  importAddress: GUID: 732707d2b1ec963458b4ab9ffe539cbe - Path: Packages/com.unity.collab-proxy/Editor/Views/Branch/BranchesTab_Operations.cs - Importer: ScriptedImporter/UnityEditor.QuickSearchModule:UnityEditor.Search:ASIAI0B
Importing 'GUID: 732707d2b1ec963458b4ab9ffe539cbe - Path: Packages/com.unity.collab-proxy/Editor/Views/Branch/BranchesTab_Operations.cs - Importer: ScriptedImporter/UnityEditor.QuickSearchModule:UnityEditor.Search:ASIAI0B' with importer (ScriptedImporter : UnityEditor.QuickSearchModule:UnityEditor.Search:ASIAI0B)
Imported 'GUID: 732707d2b1ec963458b4ab9ffe539cbe' -> (Import Result ID: 'c3ae59e2fd495c554b1fb4ced026427f') in 0.006 seconds [static and dynamic dependencies]. Details - ImportResultOutputID=d2a80258ec0c64ef92d4e5b65b448f3f DependenciesID=d226dc2f700b0bdd9d358e69036f9507 StaticDependenciesID=c5e7b148df299aed348160373827570e 
Number of updated asset objects reloaded before import = 0
Number of asset objects unloaded after import = 0
========================================================================
Received Import Request.
  Time of request: 2026-09-04T15:32:02.5219745Z
  Time since last request: 0.000268 seconds.
  importAddress: GUID: 595175d7af8f8234a9336a60e33b4f32 - Path: Packages/com.unity.collab-proxy/Editor/UI/Tree/DrawTreeViewItem.cs - Importer: ScriptedImporter/UnityEditor.QuickSearchModule:UnityEditor.Search:ASIAI0B
Importing 'GUID: 595175d7af8f8234a9336a60e33b4f32 - Path: Packages/com.unity.collab-proxy/Editor/UI/Tree/DrawTreeViewItem.cs - Importer: ScriptedImporter/UnityEditor.QuickSearchModule:UnityEditor.Search:ASIAI0B' with importer (ScriptedImporter : UnityEditor.QuickSearchModule:UnityEditor.Search:ASIAI0B)
Imported 'GUID: 595175d7af8f8234a9336a60e33b4f32' -> (Import Result ID: '9594c37daf709bbcfb17d16c94bff4ed') in 0.004 seconds [static and dynamic dependencies]. Details - ImportResultOutputID=aed94f5e519aab04b4d1599538c9431b DependenciesID=0012dcc4bd46f207e51d920eed857912 StaticDependenciesID=66aeda43ebb365bfb80b7bce94c4be78 
Number of updated asset objects reloaded before import = 0
Number of asset objects unloaded after import = 0
========================================================================
Received Import Request.
  Time of request: 2026-09-04T15:32:02.5340952Z
  Time since last request: 0.0002536 seconds.
  importAddress: GUID: 56ea95e3e56f40af895e3479028feb82 - Path: Packages/com.unity.collab-proxy/Editor/Views/Attributes/CreateAttributeView.cs - Importer: ScriptedImporter/UnityEditor.QuickSearchModule:UnityEditor.Search:ASIAI0B
Importing 'GUID: 56ea95e3e56f40af895e3479028feb82 - Path: Packages/com.unity.collab-proxy/Editor/Views/Attributes/CreateAttributeView.cs - Importer: ScriptedImporter/UnityEditor.QuickSearchModule:UnityEditor.Search:ASIAI0B' with importer (ScriptedImporter : UnityEditor.QuickSearchModule:UnityEditor.Search:ASIAI0B)
Imported 'GUID: 56ea95e3e56f40af895e3479028feb82' -> (Import Result ID: '413ab47ba6810da59efe04443acc3811') in 0.004 seconds [static and dynamic dependencies]. Details - ImportResultOutputID=d48b5e26f778cc4bba6d7be8f3ba496e DependenciesID=2fb89133dfac8082c1a5ad466a77c244 StaticDependenciesID=714197e2ea6be4b51ea45ab9ac951fea 
Number of updated asset objects reloaded before import = 0
Number of asset objects unloaded after import = 0
========================================================================
Received Import Request.
  Time of request: 2026-09-04T15:32:02.5459458Z
  Time since last request: 0.0004169 seconds.
  importAddress: GUID: 3787875fc84246d0a47d8c123d4ea5fc - Path: Packages/com.unity.collab-proxy/Editor/UI/Tree/EmptyStatePanel.cs - Importer: ScriptedImporter/UnityEditor.QuickSearchModule:UnityEditor.Search:ASIAI0B
Importing 'GUID: 3787875fc84246d0a47d8c123d4ea5fc - Path: Packages/com.unity.collab-proxy/Editor/UI/Tree/EmptyStatePanel.cs - Importer: ScriptedImporter/UnityEditor.QuickSearchModule:UnityEditor.Search:ASIAI0B' with importer (ScriptedImporter : UnityEditor.QuickSearchModule:UnityEditor.Search:ASIAI0B)
Imported 'GUID: 3787875fc84246d0a47d8c123d4ea5fc' -> (Import Result ID: '80aba40714f4964dd3689e408c7f278a') in 0.003 seconds [static and dynamic dependencies]. Details - ImportResultOutputID=04e69f5d01c1695d4561b3b4f8a1c2f1 DependenciesID=cefc003b46f7412220dc1b052078e5e2 StaticDependenciesID=3237b28d1a86870fe436e646399f5eba 
Number of updated asset objects reloaded before import = 0
Number of asset objects unloaded after import = 0
========================================================================
Received Import Request.
  Time of request: 2026-09-04T15:32:02.5578488Z
  Time since last request: 0.0002686 seconds.
  importAddress: GUID: 8cee66aefde0415886a851167a19c933 - Path: Packages/com.unity.collab-proxy/Editor/UI/Progress/LoadingSpinner.cs - Importer: ScriptedImporter/UnityEditor.QuickSearchModule:UnityEditor.Search:ASIAI0B
Importing 'GUID: 8cee66aefde0415886a851167a19c933 - Path: Packages/com.unity.collab-proxy/Editor/UI/Progress/LoadingSpinner.cs - Importer: ScriptedImporter/UnityEditor.QuickSearchModule:UnityEditor.Search:ASIAI0B' with importer (ScriptedImporter : UnityEditor.QuickSearchModule:UnityEditor.Search:ASIAI0B)
Imported 'GUID: 8cee66aefde0415886a851167a19c933' -> (Import Result ID: 'bd4ceb2828adbddc09b6b9b0d48b295c') in 0.003 seconds [static and dynamic dependencies]. Details - ImportResultOutputID=061ff9f0460f122b20bce01874f0e7ac DependenciesID=af69286e5da825ee32eba7c4be975ad5 StaticDependenciesID=620e7f8074cb2f047ebd58e75f2280c3 
Number of updated asset objects reloaded before import = 0
Number of asset objects unloaded after import = 0
========================================================================
Received Import Request.
  Time of request: 2026-09-04T15:32:02.5680679Z
  Time since last request: 0.0001598 seconds.
  importAddress: GUID: ab0090fd6aa8c604a828244d4ba93c84 - Path: Packages/com.unity.collab-proxy/Editor/UI/Progress/DrawProgressForViews.cs - Importer: ScriptedImporter/UnityEditor.QuickSearchModule:UnityEditor.Search:ASIAI0B
Importing 'GUID: ab0090fd6aa8c604a828244d4ba93c84 - Path: Packages/com.unity.collab-proxy/Editor/UI/Progress/DrawProgressForViews.cs - Importer: ScriptedImporter/UnityEditor.QuickSearchModule:UnityEditor.Search:ASIAI0B' with importer (ScriptedImporter : UnityEditor.QuickSearchModule:UnityEditor.Search:ASIAI0B)
Imported 'GUID: ab0090fd6aa8c604a828244d4ba93c84' -> (Import Result ID: 'd69f117f5e3bd07a2d986cbf319acbcf') in 0.004 seconds [static and dynamic dependencies]. Details - ImportResultOutputID=950650887bea4eab3ee9cbb55c9fe89b DependenciesID=13863c82123587bd7329f306dddaf369 StaticDependenciesID=ce7c884917e981c2ab79e38c201703b8 
Number of updated asset objects reloaded before import = 0
Number of asset objects unloaded after import = 0
========================================================================
Received Import Request.
  Time of request: 2026-09-04T15:32:02.6000964Z
  Time since last request: 0.0211753 seconds.
  importAddress: GUID: aa38aeb612889ca428824f7e31a50747 - Path: Packages/com.unity.collab-proxy/Editor/Views/History/SerializableHistoryTabState.cs - Importer: ScriptedImporter/UnityEditor.QuickSearchModule:UnityEditor.Search:ASIAI0B
Importing 'GUID: aa38aeb612889ca428824f7e31a50747 - Path: Packages/com.unity.collab-proxy/Editor/Views/History/SerializableHistoryTabState.cs - Importer: ScriptedImporter/UnityEditor.QuickSearchModule:UnityEditor.Search:ASIAI0B' with importer (ScriptedImporter : UnityEditor.QuickSearchModule:UnityEditor.Search:ASIAI0B)
Imported 'GUID: aa38aeb612889ca428824f7e31a50747' -> (Import Result ID: '1a42bb6baf3a75eefd4bf88cf5704ba9') in 0.003 seconds [static and dynamic dependencies]. Details - ImportResultOutputID=b8ccdaa6cbe86d4ab4b744e0beb73173 DependenciesID=8be902440f94ad09f9e6dedc19153e0b StaticDependenciesID=09f59d73d978f1c03158363961b5144a 
Number of updated asset objects reloaded before import = 0
Number of asset objects unloaded after import = 0
========================================================================
Received Import Request.
  Time of request: 2026-09-04T15:32:02.6091773Z
  Time since last request: 0.0002613 seconds.
  importAddress: GUID: 3a49359b59c12b74386ca6816923ec2c - Path: Packages/com.unity.collab-proxy/Editor/Views/History/HistoryTab.cs - Importer: ScriptedImporter/UnityEditor.QuickSearchModule:UnityEditor.Search:ASIAI0B
Importing 'GUID: 3a49359b59c12b74386ca6816923ec2c - Path: Packages/com.unity.collab-proxy/Editor/Views/History/HistoryTab.cs - Importer: ScriptedImporter/UnityEditor.QuickSearchModule:UnityEditor.Search:ASIAI0B' with importer (ScriptedImporter : UnityEditor.QuickSearchModule:UnityEditor.Search:ASIAI0B)
Imported 'GUID: 3a49359b59c12b74386ca6816923ec2c' -> (Import Result ID: 'f4343112af4a7c3b87041f0f17deae0c') in 0.004 seconds [static and dynamic dependencies]. Details - ImportResultOutputID=775a606e40438331cc39a18c508592ab DependenciesID=6a2e3b26e969b2d36f6d3931c49b3174 StaticDependenciesID=8a9c54268999359d4218a5e37206c512 
Number of updated asset objects reloaded before import = 0
Number of asset objects unloaded after import = 0
========================================================================
Received Import Request.
  Time of request: 2026-09-04T15:32:02.6205086Z
  Time since last request: 0.0002425 seconds.
  importAddress: GUID: 6000865ce7fbfc643abdd3d085b4422e - Path: Packages/com.unity.collab-proxy/Editor/Views/Changesets/ChangesetListViewItem.cs - Importer: ScriptedImporter/UnityEditor.QuickSearchModule:UnityEditor.Search:ASIAI0B
Importing 'GUID: 6000865ce7fbfc643abdd3d085b4422e - Path: Packages/com.unity.collab-proxy/Editor/Views/Changesets/ChangesetListViewItem.cs - Importer: ScriptedImporter/UnityEditor.QuickSearchModule:UnityEditor.Search:ASIAI0B' with importer (ScriptedImporter : UnityEditor.QuickSearchModule:UnityEditor.Search:ASIAI0B)
Imported 'GUID: 6000865ce7fbfc643abdd3d085b4422e' -> (Import Result ID: '12f7e342f16b77f83f6d3aded8890423') in 0.004 seconds [static and dynamic dependencies]. Details - ImportResultOutputID=34ef0ef899fbc9ee7ecfd7d81700d113 DependenciesID=133d99773bdcfc66ccfab817aeeb9bad StaticDependenciesID=ea20378aa19a60802b1e90aa61d6794b 
Number of updated asset objects reloaded before import = 0
Number of asset objects unloaded after import = 0
========================================================================
Received Import Request.
  Time of request: 2026-09-04T15:32:02.631792Z
  Time since last request: 0.0002073 seconds.
  importAddress: GUID: 0ee79162e06c6984a97600b7c0680611 - Path: Packages/com.unity.collab-proxy/Editor/Views/Diff/DiffPanel.cs - Importer: ScriptedImporter/UnityEditor.QuickSearchModule:UnityEditor.Search:ASIAI0B
Importing 'GUID: 0ee79162e06c6984a97600b7c0680611 - Path: Packages/com.unity.collab-proxy/Editor/Views/Diff/DiffPanel.cs - Importer: ScriptedImporter/UnityEditor.QuickSearchModule:UnityEditor.Search:ASIAI0B' with importer (ScriptedImporter : UnityEditor.QuickSearchModule:UnityEditor.Search:ASIAI0B)
Imported 'GUID: 0ee79162e06c6984a97600b7c0680611' -> (Import Result ID: '56d8067d1d8c7b2a19072a2c350661b7') in 0.003 seconds [static and dynamic dependencies]. Details - ImportResultOutputID=a0dd2fc8745bfd620fc81ac82785de49 DependenciesID=df13e53317062c1d3622e44ddf6a0b7f StaticDependenciesID=23ad5932719258b56763983705e625c0 
Number of updated asset objects reloaded before import = 0
Number of asset objects unloaded after import = 0
========================================================================
Received Import Request.
  Time of request: 2026-09-04T15:32:02.6414189Z
  Time since last request: 0.0001042 seconds.
  importAddress: GUID: 13f8d9266e8b7224abeb0a7af444fd13 - Path: Packages/com.unity.collab-proxy/Editor/Views/Labels/LabelsSelection.cs - Importer: ScriptedImporter/UnityEditor.QuickSearchModule:UnityEditor.Search:ASIAI0B
Importing 'GUID: 13f8d9266e8b7224abeb0a7af444fd13 - Path: Packages/com.unity.collab-proxy/Editor/Views/Labels/LabelsSelection.cs - Importer: ScriptedImporter/UnityEditor.QuickSearchModule:UnityEditor.Search:ASIAI0B' with importer (ScriptedImporter : UnityEditor.QuickSearchModule:UnityEditor.Search:ASIAI0B)
Imported 'GUID: 13f8d9266e8b7224abeb0a7af444fd13' -> (Import Result ID: 'b405c9c6e12fce6be743243c21a389d7') in 0.003 seconds [static and dynamic dependencies]. Details - ImportResultOutputID=7674e28e4ee4b082f199e5cbae91953e DependenciesID=f1165ab595c336ef63dbed5f0ed8b017 StaticDependenciesID=66a0f45ca66e2c5250671456a78104f2 
Number of updated asset objects reloaded before import = 0
Number of asset objects unloaded after import = 0
========================================================================
Received Import Request.
  Time of request: 2026-09-04T15:32:02.6506644Z
  Time since last request: 0.0002497 seconds.
  importAddress: GUID: 471badd5c87fb154885f11cdf1b49a00 - Path: Packages/com.unity.collab-proxy/Editor/Views/Changesets/ChangesetsTab.cs - Importer: ScriptedImporter/UnityEditor.QuickSearchModule:UnityEditor.Search:ASIAI0B
Importing 'GUID: 471badd5c87fb154885f11cdf1b49a00 - Path: Packages/com.unity.collab-proxy/Editor/Views/Changesets/ChangesetsTab.cs - Importer: ScriptedImporter/UnityEditor.QuickSearchModule:UnityEditor.Search:ASIAI0B' with importer (ScriptedImporter : UnityEditor.QuickSearchModule:UnityEditor.Search:ASIAI0B)
Imported 'GUID: 471badd5c87fb154885f11cdf1b49a00' -> (Import Result ID: 'e0af9eaa697b01aa34a5e63dd5c83ee8') in 0.003 seconds [static and dynamic dependencies]. Details - ImportResultOutputID=1cde50494ac743a2622b21c280202576 DependenciesID=8722c4b20b746092fe6f1d878e873e75 StaticDependenciesID=7423cdb4487197c74c76898616dd46bc 
Number of updated asset objects reloaded before import = 0
Number of asset objects unloaded after import = 0
========================================================================
Received Import Request.
  Time of request: 2026-09-04T15:32:02.6612941Z
  Time since last request: 0.000204 seconds.
  importAddress: GUID: 9440337dae7b4ecebafa6249b257c940 - Path: Packages/com.unity.collab-proxy/Editor/Views/PendingChanges/CommentTextArea.cs - Importer: ScriptedImporter/UnityEditor.QuickSearchModule:UnityEditor.Search:ASIAI0B
Importing 'GUID: 9440337dae7b4ecebafa6249b257c940 - Path: Packages/com.unity.collab-proxy/Editor/Views/PendingChanges/CommentTextArea.cs - Importer: ScriptedImporter/UnityEditor.QuickSearchModule:UnityEditor.Search:ASIAI0B' with importer (ScriptedImporter : UnityEditor.QuickSearchModule:UnityEditor.Search:ASIAI0B)
Imported 'GUID: 9440337dae7b4ecebafa6249b257c940' -> (Import Result ID: '162009543fd228a81321f549bc0d5868') in 0.004 seconds [static and dynamic dependencies]. Details - ImportResultOutputID=ed3aea51017ae34a9117b0492f251fbd DependenciesID=12a4bb1bcef826b26dc899cba99b1765 StaticDependenciesID=fdf7aba1d47ea7a20de48e49626f098b 
Number of updated asset objects reloaded before import = 0
Number of asset objects unloaded after import = 0
========================================================================
Received Import Request.
  Time of request: 2026-09-04T15:32:02.6722948Z
  Time since last request: 0.0002604 seconds.
  importAddress: GUID: 0ee2845d0d4db9a4a9e8f4f6d0fa4e5e - Path: Packages/com.unity.collab-proxy/Editor/Views/History/HistoryListView.cs - Importer: ScriptedImporter/UnityEditor.QuickSearchModule:UnityEditor.Search:ASIAI0B
Importing 'GUID: 0ee2845d0d4db9a4a9e8f4f6d0fa4e5e - Path: Packages/com.unity.collab-proxy/Editor/Views/History/HistoryListView.cs - Importer: ScriptedImporter/UnityEditor.QuickSearchModule:UnityEditor.Search:ASIAI0B' with importer (ScriptedImporter : UnityEditor.QuickSearchModule:UnityEditor.Search:ASIAI0B)
Imported 'GUID: 0ee2845d0d4db9a4a9e8f4f6d0fa4e5e' -> (Import Result ID: 'aa03a8b4cf59621b934ba9ee7b1aa19c') in 0.003 seconds [static and dynamic dependencies]. Details - ImportResultOutputID=235182cc6cffff6768a30c600dbc2b71 DependenciesID=75303a1e8af4350e5c6a4b0f41216624 StaticDependenciesID=fb70c9dde703ade377437997aa76585c 
Number of updated asset objects reloaded before import = 0
Number of asset objects unloaded after import = 0
========================================================================
Received Import Request.
  Time of request: 2026-09-04T15:32:02.6819029Z
  Time since last request: 0.0002326 seconds.
  importAddress: GUID: 1448ee204d2f476b8b002dbf6a65436a - Path: Packages/com.unity.collab-proxy/Editor/Views/Diff/ChangesetByChangesetListView.cs - Importer: ScriptedImporter/UnityEditor.QuickSearchModule:UnityEditor.Search:ASIAI0B
Importing 'GUID: 1448ee204d2f476b8b002dbf6a65436a - Path: Packages/com.unity.collab-proxy/Editor/Views/Diff/ChangesetByChangesetListView.cs - Importer: ScriptedImporter/UnityEditor.QuickSearchModule:UnityEditor.Search:ASIAI0B' with importer (ScriptedImporter : UnityEditor.QuickSearchModule:UnityEditor.Search:ASIAI0B)
Imported 'GUID: 1448ee204d2f476b8b002dbf6a65436a' -> (Import Result ID: '53058b9eaab9389e54a8f4379377bc2c') in 0.003 seconds [static and dynamic dependencies]. Details - ImportResultOutputID=bc96e8e998c8911f7b1735d5f6e06c77 DependenciesID=ce585b4bc7000892ed62509eeba58582 StaticDependenciesID=c288676f24cb97084b953883c7ac4a43 
Number of updated asset objects reloaded before import = 0
Number of asset objects unloaded after import = 0
========================================================================
Received Import Request.
  Time of request: 2026-09-04T15:32:02.6927046Z
  Time since last request: 0.000256 seconds.
  importAddress: GUID: 156e16594aa6bd54cb77aa3f8eae5c82 - Path: Packages/com.unity.collab-proxy/Editor/Views/Diff/ChangeCategoryTreeViewItem.cs - Importer: ScriptedImporter/UnityEditor.QuickSearchModule:UnityEditor.Search:ASIAI0B
Importing 'GUID: 156e16594aa6bd54cb77aa3f8eae5c82 - Path: Packages/com.unity.collab-proxy/Editor/Views/Diff/ChangeCategoryTreeViewItem.cs - Importer: ScriptedImporter/UnityEditor.QuickSearchModule:UnityEditor.Search:ASIAI0B' with importer (ScriptedImporter : UnityEditor.QuickSearchModule:UnityEditor.Search:ASIAI0B)
Imported 'GUID: 156e16594aa6bd54cb77aa3f8eae5c82' -> (Import Result ID: 'ae6edfecfb0fc3f9822a910beff4d94f') in 0.004 seconds [static and dynamic dependencies]. Details - ImportResultOutputID=353a9d20db146827a104e86107ff3ca1 DependenciesID=423c710d4426da0911976e40d8fbb70e StaticDependenciesID=a88a6299bc8c8c2f29da11da030e2958 
Number of updated asset objects reloaded before import = 0
Number of asset objects unloaded after import = 0
========================================================================
Received Import Request.
  Time of request: 2026-09-04T15:32:02.7033526Z
  Time since last request: 0.0002535 seconds.
  importAddress: GUID: 05d31e83a4093e448b45616d62a12790 - Path: Packages/com.unity.collab-proxy/Editor/Views/PendingChanges/FilesFilterPatternsMenuBuilder.cs - Importer: ScriptedImporter/UnityEditor.QuickSearchModule:UnityEditor.Search:ASIAI0B
Importing 'GUID: 05d31e83a4093e448b45616d62a12790 - Path: Packages/com.unity.collab-proxy/Editor/Views/PendingChanges/FilesFilterPatternsMenuBuilder.cs - Importer: ScriptedImporter/UnityEditor.QuickSearchModule:UnityEditor.Search:ASIAI0B' with importer (ScriptedImporter : UnityEditor.QuickSearchModule:UnityEditor.Search:ASIAI0B)
Imported 'GUID: 05d31e83a4093e448b45616d62a12790' -> (Import Result ID: '9fa25d91828f65b5d4ba8abdca3a7cd9') in 0.003 seconds [static and dynamic dependencies]. Details - ImportResultOutputID=fc16e13d4ac01c6fa733a434a6e77bf3 DependenciesID=b655e43e1b89d1c31979e0279f1426df StaticDependenciesID=fcd7141ec4f95009c98f741984dfc57d 
Number of updated asset objects reloaded before import = 0
Number of asset objects unloaded after import = 0
========================================================================
Received Import Request.
  Time of request: 2026-09-04T15:32:02.7186188Z
  Time since last request: 0.0048382 seconds.
  importAddress: GUID: e2ca16ee0b283be4f95ca8c96e549d3a - Path: Packages/com.unity.collab-proxy/Editor/Views/Shelves/ShelvesSelection.cs - Importer: ScriptedImporter/UnityEditor.QuickSearchModule:UnityEditor.Search:ASIAI0B
Importing 'GUID: e2ca16ee0b283be4f95ca8c96e549d3a - Path: Packages/com.unity.collab-proxy/Editor/Views/Shelves/ShelvesSelection.cs - Importer: ScriptedImporter/UnityEditor.QuickSearchModule:UnityEditor.Search:ASIAI0B' with importer (ScriptedImporter : UnityEditor.QuickSearchModule:UnityEditor.Search:ASIAI0B)
Imported 'GUID: e2ca16ee0b283be4f95ca8c96e549d3a' -> (Import Result ID: 'e8536f2dc22eff7106bb284bc87d94f4') in 0.003 seconds [static and dynamic dependencies]. Details - ImportResultOutputID=053550f4c9ad653816018fe90fab178a DependenciesID=96e55a2ca679789343eeeea91db658e6 StaticDependenciesID=184bf274a30d1ae6cd9b7840724ca497 
Number of updated asset objects reloaded before import = 0
Number of asset objects unloaded after import = 0
========================================================================
Received Import Request.
  Time of request: 2026-09-04T15:32:02.7286456Z
  Time since last request: 0.0002975 seconds.
  importAddress: GUID: 3e8b32f158e489044a2b257700530f05 - Path: Packages/com.unity.collab-proxy/Editor/Views/Welcome/GetInstallerTmpFileName.cs - Importer: ScriptedImporter/UnityEditor.QuickSearchModule:UnityEditor.Search:ASIAI0B
Importing 'GUID: 3e8b32f158e489044a2b257700530f05 - Path: Packages/com.unity.collab-proxy/Editor/Views/Welcome/GetInstallerTmpFileName.cs - Importer: ScriptedImporter/UnityEditor.QuickSearchModule:UnityEditor.Search:ASIAI0B' with importer (ScriptedImporter : UnityEditor.QuickSearchModule:UnityEditor.Search:ASIAI0B)
Imported 'GUID: 3e8b32f158e489044a2b257700530f05' -> (Import Result ID: '60a028820540621c4a841fa241376f8d') in 0.003 seconds [static and dynamic dependencies]. Details - ImportResultOutputID=d239c2d7201ccc1eb60aeae7f3803148 DependenciesID=178bfdf9d18ab25018fc47a0aeac87f8 StaticDependenciesID=642562fb1943788737e0805c98f136c3 
Number of updated asset objects reloaded before import = 0
Number of asset objects unloaded after import = 0
========================================================================
Received Import Request.
  Time of request: 2026-09-04T15:32:02.7388747Z
  Time since last request: 0.0002702 seconds.
  importAddress: GUID: c8e89e66728f4cf4b2835b9e6c0a1690 - Path: Packages/com.unity.collab-proxy/Editor/Views/Shelves/ShelvesViewMenu.cs - Importer: ScriptedImporter/UnityEditor.QuickSearchModule:UnityEditor.Search:ASIAI0B
Importing 'GUID: c8e89e66728f4cf4b2835b9e6c0a1690 - Path: Packages/com.unity.collab-proxy/Editor/Views/Shelves/ShelvesViewMenu.cs - Importer: ScriptedImporter/UnityEditor.QuickSearchModule:UnityEditor.Search:ASIAI0B' with importer (ScriptedImporter : UnityEditor.QuickSearchModule:UnityEditor.Search:ASIAI0B)
Imported 'GUID: c8e89e66728f4cf4b2835b9e6c0a1690' -> (Import Result ID: '1d94dd3ed1e96ddf910d9f31a1432a11') in 0.003 seconds [static and dynamic dependencies]. Details - ImportResultOutputID=9714fbcfe4c541201582c35340e2b605 DependenciesID=975c61eb1f2f371ee63981d54224cf35 StaticDependenciesID=744137b0b3071ad6fe5934a0bfccbe80 
Number of updated asset objects reloaded before import = 0
Number of asset objects unloaded after import = 0
========================================================================
Received Import Request.
  Time of request: 2026-09-04T15:32:02.7494727Z
  Time since last request: 0.0002538 seconds.
  importAddress: GUID: cbf7e260580d441139244e6d69108bc7 - Path: Packages/com.unity.collab-proxy/Lib/Editor/Localization/basecommands.ko.txt - Importer: ScriptedImporter/UnityEditor.QuickSearchModule:UnityEditor.Search:ASIAI0B
Importing 'GUID: cbf7e260580d441139244e6d69108bc7 - Path: Packages/com.unity.collab-proxy/Lib/Editor/Localization/basecommands.ko.txt - Importer: ScriptedImporter/UnityEditor.QuickSearchModule:UnityEditor.Search:ASIAI0B' with importer (ScriptedImporter : UnityEditor.QuickSearchModule:UnityEditor.Search:ASIAI0B)
Imported 'GUID: cbf7e260580d441139244e6d69108bc7' -> (Import Result ID: '6d3091a5edc522b07b6a5151f82f87a7') in 0.004 seconds [static and dynamic dependencies]. Details - ImportResultOutputID=69ffe74440808539501ba677692106a0 DependenciesID=590cb2b9dacf000ef2e1f0604a214ec0 StaticDependenciesID=a25717d574ecd6b1bf1a73f15ae9e1b9 
Number of updated asset objects reloaded before import = 0
Number of asset objects unloaded after import = 1
========================================================================
Received Import Request.
  Time of request: 2026-09-04T15:32:02.7604333Z
  Time since last request: 0.0002987 seconds.
  importAddress: GUID: b6aa72bc8240f514988bcccf4cf3cef5 - Path: Packages/com.unity.collab-proxy/Editor/_Deprecated/WebApi/IsCollabProjectMigratedResponse.cs - Importer: ScriptedImporter/UnityEditor.QuickSearchModule:UnityEditor.Search:ASIAI0B
Importing 'GUID: b6aa72bc8240f514988bcccf4cf3cef5 - Path: Packages/com.unity.collab-proxy/Editor/_Deprecated/WebApi/IsCollabProjectMigratedResponse.cs - Importer: ScriptedImporter/UnityEditor.QuickSearchModule:UnityEditor.Search:ASIAI0B' with importer (ScriptedImporter : UnityEditor.QuickSearchModule:UnityEditor.Search:ASIAI0B)
Imported 'GUID: b6aa72bc8240f514988bcccf4cf3cef5' -> (Import Result ID: 'd71af9ade9ee5d5e208795410f9f30ce') in 0.003 seconds [static and dynamic dependencies]. Details - ImportResultOutputID=91734f5c2071cf67425f849d485a6536 DependenciesID=0a46389b76a84ee894b60f7cc3037072 StaticDependenciesID=cfc86f7959f242a40389dfc2fdb2de46 
Number of updated asset objects reloaded before import = 0
Number of asset objects unloaded after import = 0
========================================================================
Received Import Request.
  Time of request: 2026-09-04T15:32:02.770908Z
  Time since last request: 0.0002095 seconds.
  importAddress: GUID: 05b4d56bb0dca1b458c2e10c2548663b - Path: Packages/com.unity.collab-proxy/Editor/Views/PendingChanges/PendingChangesTab_Operations.cs - Importer: ScriptedImporter/UnityEditor.QuickSearchModule:UnityEditor.Search:ASIAI0B
Importing 'GUID: 05b4d56bb0dca1b458c2e10c2548663b - Path: Packages/com.unity.collab-proxy/Editor/Views/PendingChanges/PendingChangesTab_Operations.cs - Importer: ScriptedImporter/UnityEditor.QuickSearchModule:UnityEditor.Search:ASIAI0B' with importer (ScriptedImporter : UnityEditor.QuickSearchModule:UnityEditor.Search:ASIAI0B)
Imported 'GUID: 05b4d56bb0dca1b458c2e10c2548663b' -> (Import Result ID: 'fc62b848baf8abe06da5fc9b3e434412') in 0.004 seconds [static and dynamic dependencies]. Details - ImportResultOutputID=38fac531d76b17d52f3f2d5229e1fb20 DependenciesID=abfcaa9b1cbd0bb0d32d75d6f52394cd StaticDependenciesID=3641837b96a4dc603ead676ff7ece095 
Number of updated asset objects reloaded before import = 0
Number of asset objects unloaded after import = 0
========================================================================
Received Import Request.
  Time of request: 2026-09-04T15:32:02.7827807Z
  Time since last request: 0.0002673 seconds.
  importAddress: GUID: 135807053f9344668425b329212cc99c - Path: Packages/com.unity.collab-proxy/Editor/Views/Properties/CommentTextArea.cs - Importer: ScriptedImporter/UnityEditor.QuickSearchModule:UnityEditor.Search:ASIAI0B
Importing 'GUID: 135807053f9344668425b329212cc99c - Path: Packages/com.unity.collab-proxy/Editor/Views/Properties/CommentTextArea.cs - Importer: ScriptedImporter/UnityEditor.QuickSearchModule:UnityEditor.Search:ASIAI0B' with importer (ScriptedImporter : UnityEditor.QuickSearchModule:UnityEditor.Search:ASIAI0B)
Imported 'GUID: 135807053f9344668425b329212cc99c' -> (Import Result ID: '252b4b9c85d16152425d8ebb6967e2f4') in 0.004 seconds [static and dynamic dependencies]. Details - ImportResultOutputID=220c1e7687b7711df6705eda18a8d9cc DependenciesID=8e442a7348a385a0b3abbc5930d36cc3 StaticDependenciesID=c337833a23fc7d5a7890ac85dbebefb1 
Number of updated asset objects reloaded before import = 0
Number of asset objects unloaded after import = 0
========================================================================
Received Import Request.
  Time of request: 2026-09-04T15:32:02.7956815Z
  Time since last request: 0.0002237 seconds.
  importAddress: GUID: d877163a4d5b71945ae435ce29592751 - Path: Packages/com.unity.collab-proxy/Editor/_Deprecated/CollabMigration/MigrateCollabProject.cs - Importer: ScriptedImporter/UnityEditor.QuickSearchModule:UnityEditor.Search:ASIAI0B
Importing 'GUID: d877163a4d5b71945ae435ce29592751 - Path: Packages/com.unity.collab-proxy/Editor/_Deprecated/CollabMigration/MigrateCollabProject.cs - Importer: ScriptedImporter/UnityEditor.QuickSearchModule:UnityEditor.Search:ASIAI0B' with importer (ScriptedImporter : UnityEditor.QuickSearchModule:UnityEditor.Search:ASIAI0B)
Imported 'GUID: d877163a4d5b71945ae435ce29592751' -> (Import Result ID: 'd040b92d78409117dde22add5d92caa2') in 0.004 seconds [static and dynamic dependencies]. Details - ImportResultOutputID=1db5d547ab2a25ba0f9d584d90d29137 DependenciesID=fbaf7946e0e7f6c421e90c8ceb9dd343 StaticDependenciesID=b48233220f074330e20e913c60f6cfef 
Number of updated asset objects reloaded before import = 0
Number of asset objects unloaded after import = 0
========================================================================
Received Import Request.
  Time of request: 2026-09-04T15:32:02.8065084Z
  Time since last request: 0.0003275 seconds.
  importAddress: GUID: f8fabb85242ab4dc4916dd3486ebfed7 - Path: Packages/com.unity.collab-proxy/Lib/Editor/Localization/configurehelper.en.txt - Importer: ScriptedImporter/UnityEditor.QuickSearchModule:UnityEditor.Search:ASIAI0B
Importing 'GUID: f8fabb85242ab4dc4916dd3486ebfed7 - Path: Packages/com.unity.collab-proxy/Lib/Editor/Localization/configurehelper.en.txt - Importer: ScriptedImporter/UnityEditor.QuickSearchModule:UnityEditor.Search:ASIAI0B' with importer (ScriptedImporter : UnityEditor.QuickSearchModule:UnityEditor.Search:ASIAI0B)
Imported 'GUID: f8fabb85242ab4dc4916dd3486ebfed7' -> (Import Result ID: '6cfb9884bcfcb9a79288e9b43df8a7f8') in 0.004 seconds [static and dynamic dependencies]. Details - ImportResultOutputID=fffa8154181c43716bc16f02045e9cd3 DependenciesID=f4ab90a27a76569ebc1609fa24d3f9ff StaticDependenciesID=b59252329ed6bb6fa23d320c67a53503 
Number of updated asset objects reloaded before import = 0
Number of asset objects unloaded after import = 1
========================================================================
Received Import Request.
  Time of request: 2026-09-04T15:32:02.8187115Z
  Time since last request: 0.000262 seconds.
  importAddress: GUID: 719a6e14901354868b50c5756cb51194 - Path: Packages/com.unity.collab-proxy/Lib/Editor/Localization/cm.es.txt - Importer: ScriptedImporter/UnityEditor.QuickSearchModule:UnityEditor.Search:ASIAI0B
Importing 'GUID: 719a6e14901354868b50c5756cb51194 - Path: Packages/com.unity.collab-proxy/Lib/Editor/Localization/cm.es.txt - Importer: ScriptedImporter/UnityEditor.QuickSearchModule:UnityEditor.Search:ASIAI0B' with importer (ScriptedImporter : UnityEditor.QuickSearchModule:UnityEditor.Search:ASIAI0B)
Imported 'GUID: 719a6e14901354868b50c5756cb51194' -> (Import Result ID: '8206c24d855b105222f852f077d73f98') in 0.003 seconds [static and dynamic dependencies]. Details - ImportResultOutputID=ba314c359ba7ea19513f663cde72ffad DependenciesID=95aad6d79432d21f4b7e757a35a019f5 StaticDependenciesID=26073cfad80ff82fee499c8bcadef26b 
Number of updated asset objects reloaded before import = 0
Number of asset objects unloaded after import = 1
========================================================================
Received Import Request.
  Time of request: 2026-09-04T15:32:02.8511696Z
  Time since last request: 0.0207189 seconds.
  importAddress: GUID: 98eabb8d06d1a43cfa8511535011b8f1 - Path: Packages/com.unity.collab-proxy/Lib/Editor/Localization/mergetool.es.txt - Importer: ScriptedImporter/UnityEditor.QuickSearchModule:UnityEditor.Search:ASIAI0B
Importing 'GUID: 98eabb8d06d1a43cfa8511535011b8f1 - Path: Packages/com.unity.collab-proxy/Lib/Editor/Localization/mergetool.es.txt - Importer: ScriptedImporter/UnityEditor.QuickSearchModule:UnityEditor.Search:ASIAI0B' with importer (ScriptedImporter : UnityEditor.QuickSearchModule:UnityEditor.Search:ASIAI0B)
Imported 'GUID: 98eabb8d06d1a43cfa8511535011b8f1' -> (Import Result ID: '72dc9c5a5005a22820b943dc6b813544') in 0.004 seconds [static and dynamic dependencies]. Details - ImportResultOutputID=fbd1e24906524ed13bb13303e76d0dfc DependenciesID=7b5355badbf34911166251fdb17edc9c StaticDependenciesID=861e060573ec8edf2894af78540830c3 
Number of updated asset objects reloaded before import = 0
Number of asset objects unloaded after import = 1
========================================================================
Received Import Request.
  Time of request: 2026-09-04T15:32:02.8621152Z
  Time since last request: 0.0002765 seconds.
  importAddress: GUID: 3d9a394b78f3e4ba48aa868771edfcb4 - Path: Packages/com.unity.collab-proxy/Lib/Editor/Localization/i3.zh-Hant.txt - Importer: ScriptedImporter/UnityEditor.QuickSearchModule:UnityEditor.Search:ASIAI0B
Importing 'GUID: 3d9a394b78f3e4ba48aa868771edfcb4 - Path: Packages/com.unity.collab-proxy/Lib/Editor/Localization/i3.zh-Hant.txt - Importer: ScriptedImporter/UnityEditor.QuickSearchModule:UnityEditor.Search:ASIAI0B' with importer (ScriptedImporter : UnityEditor.QuickSearchModule:UnityEditor.Search:ASIAI0B)
Imported 'GUID: 3d9a394b78f3e4ba48aa868771edfcb4' -> (Import Result ID: 'e16739a4193aff50af0f77cfc943113b') in 0.005 seconds [static and dynamic dependencies]. Details - ImportResultOutputID=089bb571db1469a46c2dcad28756d8b6 DependenciesID=77071385418951abc5f83cd2838e8f1c StaticDependenciesID=8631c8aad66105cd3a6072d13e0ce7b1 
Number of updated asset objects reloaded before import = 0
Number of asset objects unloaded after import = 1
========================================================================
Received Import Request.
  Time of request: 2026-09-04T15:32:02.8729802Z
  Time since last request: 0.0001953 seconds.
  importAddress: GUID: 68b2b40d7b2d24d4b8daab86e7c9be2d - Path: Packages/com.unity.collab-proxy/Lib/Editor/Localization/images.ko.txt - Importer: ScriptedImporter/UnityEditor.QuickSearchModule:UnityEditor.Search:ASIAI0B
Importing 'GUID: 68b2b40d7b2d24d4b8daab86e7c9be2d - Path: Packages/com.unity.collab-proxy/Lib/Editor/Localization/images.ko.txt - Importer: ScriptedImporter/UnityEditor.QuickSearchModule:UnityEditor.Search:ASIAI0B' with importer (ScriptedImporter : UnityEditor.QuickSearchModule:UnityEditor.Search:ASIAI0B)
Imported 'GUID: 68b2b40d7b2d24d4b8daab86e7c9be2d' -> (Import Result ID: '5621ae5b557b08339ec8ef0473dbcce2') in 0.003 seconds [static and dynamic dependencies]. Details - ImportResultOutputID=a9d93d1b8d92fdc833532f4c7f05d087 DependenciesID=8c91b239cdd9bb5cf2193c5b38010dfa StaticDependenciesID=bfd8a08470f5f03de9201a4991df1f44 
Number of updated asset objects reloaded before import = 0
Number of asset objects unloaded after import = 1
========================================================================
Received Import Request.
  Time of request: 2026-09-04T15:32:02.8822762Z
  Time since last request: 0.0002029 seconds.
  importAddress: GUID: 75a5697d1de324cf3879dec50dda847c - Path: Packages/com.unity.collab-proxy/Lib/Editor/Localization/mergetool.zh-Hans.txt - Importer: ScriptedImporter/UnityEditor.QuickSearchModule:UnityEditor.Search:ASIAI0B
Importing 'GUID: 75a5697d1de324cf3879dec50dda847c - Path: Packages/com.unity.collab-proxy/Lib/Editor/Localization/mergetool.zh-Hans.txt - Importer: ScriptedImporter/UnityEditor.QuickSearchModule:UnityEditor.Search:ASIAI0B' with importer (ScriptedImporter : UnityEditor.QuickSearchModule:UnityEditor.Search:ASIAI0B)
Imported 'GUID: 75a5697d1de324cf3879dec50dda847c' -> (Import Result ID: '3685431d1ba5ade6e3c843498605f7dc') in 0.004 seconds [static and dynamic dependencies]. Details - ImportResultOutputID=5f9b5204a84fe2d96164f9e9a9370708 DependenciesID=d80251e53cae9a2cb401302759c56d26 StaticDependenciesID=1f55bad263af38d37c7670fce237d0e0 
Number of updated asset objects reloaded before import = 0
Number of asset objects unloaded after import = 1
========================================================================
Received Import Request.
  Time of request: 2026-09-04T15:32:02.8936922Z
  Time since last request: 0.0002018 seconds.
  importAddress: GUID: a6c98e10980b3448d8255dad9083b222 - Path: Packages/com.unity.collab-proxy/Lib/Editor/Localization/images.en.txt - Importer: ScriptedImporter/UnityEditor.QuickSearchModule:UnityEditor.Search:ASIAI0B
Importing 'GUID: a6c98e10980b3448d8255dad9083b222 - Path: Packages/com.unity.collab-proxy/Lib/Editor/Localization/images.en.txt - Importer: ScriptedImporter/UnityEditor.QuickSearchModule:UnityEditor.Search:ASIAI0B' with importer (ScriptedImporter : UnityEditor.QuickSearchModule:UnityEditor.Search:ASIAI0B)
Imported 'GUID: a6c98e10980b3448d8255dad9083b222' -> (Import Result ID: 'ada1d19286a7084eec652bbe3af429ab') in 0.004 seconds [static and dynamic dependencies]. Details - ImportResultOutputID=7aee5a2eb950319669ea66348dd10af8 DependenciesID=05e73bc4a51a029bc8a4b30b7c1611c2 StaticDependenciesID=981766bdb4998f6e3f96a1ddf9b88e54 
Number of updated asset objects reloaded before import = 0
Number of asset objects unloaded after import = 1
========================================================================
Received Import Request.
  Time of request: 2026-09-04T15:32:02.9050138Z
  Time since last request: 0.0002406 seconds.
  importAddress: GUID: b957b2a4b3ff04e9cb838bca1e5c5877 - Path: Packages/com.unity.collab-proxy/Lib/Editor/Localization/images.es.txt - Importer: ScriptedImporter/UnityEditor.QuickSearchModule:UnityEditor.Search:ASIAI0B
Importing 'GUID: b957b2a4b3ff04e9cb838bca1e5c5877 - Path: Packages/com.unity.collab-proxy/Lib/Editor/Localization/images.es.txt - Importer: ScriptedImporter/UnityEditor.QuickSearchModule:UnityEditor.Search:ASIAI0B' with importer (ScriptedImporter : UnityEditor.QuickSearchModule:UnityEditor.Search:ASIAI0B)
Imported 'GUID: b957b2a4b3ff04e9cb838bca1e5c5877' -> (Import Result ID: 'b12e36a6e40f7ba233b91d575c7a2833') in 0.005 seconds [static and dynamic dependencies]. Details - ImportResultOutputID=12078f0f19f466c9f22c292d96f46a56 DependenciesID=533e21742d2a09bafb64ff29b4be3555 StaticDependenciesID=d4fc1083162f18489dcf45e3818b658e 
Number of updated asset objects reloaded before import = 0
Number of asset objects unloaded after import = 1
========================================================================
Received Import Request.
  Time of request: 2026-09-04T15:32:02.9187848Z
  Time since last request: 0.0009158 seconds.
  importAddress: GUID: a02d5bcca851549578b8930328f5384e - Path: Packages/com.unity.collab-proxy/Lib/Editor/TextMateSharp/TextMateSharpPlastic.dll - Importer: ScriptedImporter/UnityEditor.QuickSearchModule:UnityEditor.Search:ASIAI0B
Importing 'GUID: a02d5bcca851549578b8930328f5384e - Path: Packages/com.unity.collab-proxy/Lib/Editor/TextMateSharp/TextMateSharpPlastic.dll - Importer: ScriptedImporter/UnityEditor.QuickSearchModule:UnityEditor.Search:ASIAI0B' with importer (ScriptedImporter : UnityEditor.QuickSearchModule:UnityEditor.Search:ASIAI0B)
Imported 'GUID: a02d5bcca851549578b8930328f5384e' -> (Import Result ID: '1ef23dfba520a1da813dcccdfbd161f8') in 0.005 seconds [static and dynamic dependencies]. Details - ImportResultOutputID=6e7b908f74dcf7ff5e046b79b3501419 DependenciesID=e535442e5265498886fba76cd93528e8 StaticDependenciesID=c1600e77f202f74c3b66cb1c56704906 
Number of updated asset objects reloaded before import = 0
Number of asset objects unloaded after import = 0
========================================================================
Received Import Request.
  Time of request: 2026-09-04T15:32:02.9329779Z
  Time since last request: 0.0002916 seconds.
  importAddress: GUID: 647748199c4bd4ccfae42e62fc5a3acd - Path: Packages/com.unity.collab-proxy/Lib/Editor/Localization/plastic-gui.zh-Hant.txt - Importer: ScriptedImporter/UnityEditor.QuickSearchModule:UnityEditor.Search:ASIAI0B
Importing 'GUID: 647748199c4bd4ccfae42e62fc5a3acd - Path: Packages/com.unity.collab-proxy/Lib/Editor/Localization/plastic-gui.zh-Hant.txt - Importer: ScriptedImporter/UnityEditor.QuickSearchModule:UnityEditor.Search:ASIAI0B' with importer (ScriptedImporter : UnityEditor.QuickSearchModule:UnityEditor.Search:ASIAI0B)
Imported 'GUID: 647748199c4bd4ccfae42e62fc5a3acd' -> (Import Result ID: 'b2f460ecebc64513a88c8452d8d502cd') in 0.006 seconds [static and dynamic dependencies]. Details - ImportResultOutputID=7709085e14bfe52430bdc2231b89ae1c DependenciesID=ee8f49f9a4041b33b561e9ccf0f092ba StaticDependenciesID=9fb7dbc5780963f5ef1e6dd380759146 
Number of updated asset objects reloaded before import = 0
Number of asset objects unloaded after import = 1
========================================================================
Received Import Request.
  Time of request: 2026-09-04T15:32:02.9458584Z
  Time since last request: 0.0002191 seconds.
  importAddress: GUID: 551a1f382ee9f495dab156563ea2a026 - Path: Packages/com.unity.collab-proxy/Lib/Editor/Localization/images.zh-Hant.txt - Importer: ScriptedImporter/UnityEditor.QuickSearchModule:UnityEditor.Search:ASIAI0B
Importing 'GUID: 551a1f382ee9f495dab156563ea2a026 - Path: Packages/com.unity.collab-proxy/Lib/Editor/Localization/images.zh-Hant.txt - Importer: ScriptedImporter/UnityEditor.QuickSearchModule:UnityEditor.Search:ASIAI0B' with importer (ScriptedImporter : UnityEditor.QuickSearchModule:UnityEditor.Search:ASIAI0B)
Imported 'GUID: 551a1f382ee9f495dab156563ea2a026' -> (Import Result ID: 'e91db93c58b08f2caf5ed6b7137e70d9') in 0.006 seconds [static and dynamic dependencies]. Details - ImportResultOutputID=8b68aa82845881662767fb92249df0af DependenciesID=60c1307ff2f83b8c39f57005e1af704b StaticDependenciesID=c1ca1171072495f7a3359a5f91a6cd29 
Number of updated asset objects reloaded before import = 0
Number of asset objects unloaded after import = 1
========================================================================
Received Import Request.
  Time of request: 2026-09-04T15:32:02.9610082Z
  Time since last request: 0.000233 seconds.
  importAddress: GUID: d7e36c71652834f3aaaef4d98eff71f2 - Path: Packages/com.unity.collab-proxy/Lib/Editor/Localization/semantic.ko.txt - Importer: ScriptedImporter/UnityEditor.QuickSearchModule:UnityEditor.Search:ASIAI0B
Importing 'GUID: d7e36c71652834f3aaaef4d98eff71f2 - Path: Packages/com.unity.collab-proxy/Lib/Editor/Localization/semantic.ko.txt - Importer: ScriptedImporter/UnityEditor.QuickSearchModule:UnityEditor.Search:ASIAI0B' with importer (ScriptedImporter : UnityEditor.QuickSearchModule:UnityEditor.Search:ASIAI0B)
Imported 'GUID: d7e36c71652834f3aaaef4d98eff71f2' -> (Import Result ID: '5ca5738e43ffd9dfd827253b3b4d9d53') in 0.004 seconds [static and dynamic dependencies]. Details - ImportResultOutputID=eaa65ddcdb989c1d7e20f12873b32dd6 DependenciesID=060cd34ec9bed8da21ffab6c8b1443b4 StaticDependenciesID=cb09ead4b82549c5a926b0c899465f7b 
Number of updated asset objects reloaded before import = 0
Number of asset objects unloaded after import = 1
========================================================================
Received Prepare
AcceleratorClientConnectionCallback - disconnected - :0
Begin MonoManager ReloadAssembly
Symbol file LoadedFromMemory is not a mono symbol file
Refreshing native plugins compatible for Editor in 4.00 ms, found 3 plugins.
Native extension for WindowsStandalone target not found
Native extension for WebGL target not found
[Package Manager] Failed to launch server process. Reason: Unity was launched with the -noUpm command-line argument
[Package Manager] Unable to send message (not connected to server process).
[Package Manager] Cannot connect to Unity Package Manager local server
[Package Manager] Failed to launch server process. Reason: Unity was launched with the -noUpm command-line argument
[Package Manager] Unable to send message (not connected to server process).
[Package Manager] Cannot connect to Unity Package Manager local server
ScheduleIndexationOnStartup MainProcess:False IndexOnStartup:True
Mono: successfully reloaded assembly
- Finished resetting the current domain, in  0.619 seconds
Domain Reload Profiling: 1278ms
	BeginReloadAssembly (196ms)
		DisableScriptedObjects (7ms)
		CreateAndSetChildDomain (51ms)
	RebuildCommonClasses (7ms)
	RebuildNativeTypeToScriptingClass (16ms)
	initialDomainReloadingComplete (61ms)
	LoadAllAssembliesAndSetupDomain (379ms)
		LoadAssemblies (333ms)
		AnalyzeDomain (16ms)
			TypeCache.Refresh (5ms)
			ResolveRequiredComponents (7ms)
	FinalizeReload (620ms)
		SetupLoadedEditorAssemblies (0ms)
			BeforeProcessingInitializeOnLoad (79ms)
			ProcessInitializeOnLoadAttributes (285ms)
			ProcessInitializeOnLoadMethodAttributes (121ms)
			AfterProcessingInitializeOnLoad (7ms)
WARNING: Shader Unsupported: 'Hidden/Universal Render Pipeline/Terrain/Lit (Base Pass)' - All subshaders removed
WARNING: Shader Did you use #pragma only_renderers and omit this platform?
WARNING: Shader If subshaders removal was intentional, you may have forgotten turning Fallback off?
WARNING: Shader Unsupported: 'Universal Render Pipeline/Terrain/Lit' - All subshaders removed
WARNING: Shader Did you use #pragma only_renderers and omit this platform?
WARNING: Shader If subshaders removal was intentional, you may have forgotten turning Fallback off?
Refreshing native plugins compatible for Editor in 3.48 ms, found 3 plugins.
Unloading 55 Unused Serialized files (Serialized files now loaded: 0)
Unloading 5645 unused Assets / (8.9 MB). Loaded Objects now: 6299.
Memory consumption went from 307.6 MB to 298.7 MB.
Total: 11.242600 ms (FindLiveObjects: 0.589800 ms CreateObjectMapping: 1.491000 ms MarkObjects: 5.714800 ms  DeleteObjects: 3.446700 ms)

Prepare: number of updated asset objects reloaded= 0
Editor requested this worker to shutdown with reason: Editor is closing down
AcceleratorClientConnectionCallback - disconnected - :0
AssetImportWorker is now disconnected from the server
Process exiting
Exiting without the bug reporter. Application will terminate with return code 0