[Licensing::Module] Trying to connect to existing licensing client channel...
Built from '6000.5/staging' branch; Version is '6000.5.3f1 (c2eb47b3a2a9) revision 12774215'; Using compiler version '194234433'; Build Type 'Release'
OS: 'Windows 11  (10.0.26200) Professional' Language: 'en' Physical Memory: 31894 MB
BatchMode: 1, IsHumanControllingUs: 0, StartBugReporterOnCrash: 0, Is64bit: 1
System  architecture: x64
Process architecture: x64
Date: 2026-09-04T15:31:53Z
[Licensing::IpcConnector] Successfully connected to: "LicenseClient-Dakota" at "2026-09-04T15:31:53.1535753Z"

COMMAND LINE ARGUMENTS:
C:\Program Files\Unity\Hub\Editor\6000.5.3f1\Editor\Unity.exe
-adb2
-batchMode
-noUpm
-name
AssetImportWorkerHW1
-projectPath
C:/Users/Dakota/Documents/Class Work/CS-4223 Game Programming/CS 4223 Assignment 1 - Test Copy
-logFile
Logs/AssetImportWorkerHW1.log
-srvPort
21255
-parentPid
25912
-analyticsCloudUserId
anonymous
-analyticsCloudProjectId
2be62a38-1282-4977-b76e-7cbeb8281696
-analyticsLocalProjectId
c830fdd9ddc14084e999e1502f0e642b
-licensingIpc
LicenseClient-Dakota
-noDiagnosticSwitchPersistentStore
-job-worker-count
7
-background-job-worker-count
8
-asset-garbage-collectors
1
-force-d3d12
-name
AssetImport
Successfully changed project path to: C:/Users/Dakota/Documents/Class Work/CS-4223 Game Programming/CS 4223 Assignment 1 - Test Copy
C:/Users/Dakota/Documents/Class Work/CS-4223 Game Programming/CS 4223 Assignment 1 - Test Copy
[UnityMemory] Configuration Parameters - Can be set up in boot.config
    "memorysetup-temp-allocator-size-gi-baking-worker=262144"
    "memorysetup-temp-allocator-size-gi-baking-worker=262144"
    "memorysetup-temp-allocator-size-gi-baking-worker=262144"
    "memorysetup-temp-allocator-size-gi-baking-worker=262144"
    "memorysetup-temp-allocator-size-gi-baking-worker=262144"
    "memorysetup-temp-allocator-size-nav-mesh-worker=65536"
    "memorysetup-temp-allocator-size-audio-worker=65536"
    "memorysetup-temp-allocator-size-cloud-worker=32768"
    "memorysetup-temp-allocator-size-gfx=262144"
    "memorysetup-temp-allocator-size-preload-manager=33554432"
    "memorysetup-allocator-temp-initial-block-size-main=262144"
    "memorysetup-allocator-temp-initial-block-size-worker=262144"
    "memorysetup-temp-allocator-size-job-worker=262144"
    "memorysetup-temp-allocator-size-background-worker=32768"
    "memorysetup-bucket-allocator-granularity=16"
    "memorysetup-bucket-allocator-bucket-count=8"
    "memorysetup-bucket-allocator-block-size=33554432"
    "memorysetup-bucket-allocator-block-count=8"
    "memorysetup-main-allocator-block-size=16777216"
    "memorysetup-thread-allocator-block-size=16777216"
    "memorysetup-main-allocator-mimalloc-enabled=0"
    "memorysetup-gfx-main-allocator-block-size=16777216"
    "memorysetup-gfx-thread-allocator-block-size=16777216"
    "memorysetup-cache-allocator-block-size=4194304"
    "memorysetup-typetree-allocator-block-size=2097152"
    "memorysetup-profiler-bucket-allocator-granularity=16"
    "memorysetup-profiler-bucket-allocator-bucket-count=8"
    "memorysetup-profiler-bucket-allocator-block-size=33554432"
    "memorysetup-profiler-bucket-allocator-block-count=8"
    "memorysetup-profiler-allocator-block-size=16777216"
    "memorysetup-profiler-editor-allocator-block-size=1048576"
    "memorysetup-temp-allocator-size-main=16777216"
    "memorysetup-job-temp-allocator-block-size=2097152"
    "memorysetup-job-temp-allocator-block-size-background=1048576"
    "memorysetup-job-temp-allocator-reduction-small-platforms=262144"
Player connection [27364]  Target information:

Player connection [27364]  * "[IP] 169.254.177.131 [Port] 0 [Flags] 2 [Guid] 1321651207 [EditorId] 1321651207 [Version] 1048832 [Id] WindowsEditor(7,DESKTOP-8PU663O) [Debug] 1 [PackageName] WindowsEditor [ProjectName] Editor" 

Player connection [27364]  * "[IP] 192.168.0.73 [Port] 0 [Flags] 2 [Guid] 1321651207 [EditorId] 1321651207 [Version] 1048832 [Id] WindowsEditor(7,DESKTOP-8PU663O) [Debug] 1 [PackageName] WindowsEditor [ProjectName] Editor" 

Player connection [27364] Host joined multi-casting on [225.0.0.222:54997]...
Player connection [27364] Host joined alternative multi-casting on [225.0.0.222:34997]...
JobSystem: Creating JobQueue using job-worker-count value 7
Input System module state changed to: Initialized.
[Physics::Module] Initialized fallback backend.
[Physics::Module] Id: 0xdecafbad
Library Redirect Path: Library/
[Physics::Module] Selected backend.
[Physics::Module] Name: PhysX
[Physics::Module] Id: 0xf2b8ea05
[Physics::Module] SDK Version: 4.1.2
[Physics::Module] Integration Version: 1.0.0
[Physics::Module] Threading Mode: Multi-Threaded
Refreshing native plugins compatible for Editor in 4.29 ms, found 3 plugins.
Initialize engine version: 6000.5.3f1 (c2eb47b3a2a9)
[Subsystems] Discovering subsystems at path C:/Program Files/Unity/Hub/Editor/6000.5.3f1/Editor/Data/Resources/UnitySubsystems
[Subsystems] Discovering subsystems at path C:/Users/Dakota/Documents/Class Work/CS-4223 Game Programming/CS 4223 Assignment 1 - Test Copy/Assets
Forcing GfxDevice: Direct3D 12
GfxDevice: creating device client; kGfxThreadingModeNonThreaded
d3d12: failed to query info queue interface (0x80004002).
Direct3D:
    Version:         Direct3D 12 [level 12.2]
    Renderer:        AMD Radeon RX 9070 XT (ID=0x7550)
    Vendor:          ATI
    VRAM:            16188 MB
    App VRAM Budget: 15416 MB
    Driver:          32.0.31021.1015
Initialize mono
Mono path[0] = 'C:/Program Files/Unity/Hub/Editor/6000.5.3f1/Editor/Data/Managed'
Mono path[1] = 'C:/Program Files/Unity/Hub/Editor/6000.5.3f1/Editor/Data/BCLExtensions/runtime/netstandard2.1'
Mono path[2] = 'C:/Program Files/Unity/Hub/Editor/6000.5.3f1/Editor/Data/MonoBleedingEdge/lib/mono/unityjit-win32'
Mono config path = 'C:/Program Files/Unity/Hub/Editor/6000.5.3f1/Editor/Data/MonoBleedingEdge/etc'
Using monoOptions --debugger-agent=transport=dt_socket,embedding=1,server=y,suspend=n,address=127.0.0.1:56496
CodeReloadManager initialized
Begin MonoManager ReloadAssembly
Registering precompiled unity dll's ...
Register platform support module: C:/Program Files/Unity/Hub/Editor/6000.5.3f1/Editor/Data/PlaybackEngines/WebGLSupport/UnityEditor.WebGL.Extensions.dll
Register platform support module: C:/Program Files/Unity/Hub/Editor/6000.5.3f1/Editor/Data/PlaybackEngines/WindowsStandaloneSupport/UnityEditor.WindowsStandalone.Extensions.dll
Registered in 0.001856 seconds.
[Licensing::Client] Error: HandshakeResponse reported an error:
	ResponseCode: 505
	ResponseStatus: Unsupported protocol version '1.18.1'.
[Licensing::Module] Error: Failed to handshake to channel: "LicenseClient-Dakota"
[Licensing::IpcConnector] LicenseClient-Dakota channel disconnected successfully.
[Licensing::IpcConnector] Successfully connected to: "LicenseClient-Dakota-6000.5.3" at "2026-09-04T15:31:53.9684958Z"
[Licensing::Client] Code 10 while verifying Licensing Client signature (process Id: 26300, path: "C:/Program Files/Unity/Hub/Editor/6000.5.3f1/Editor/Data/Resources/Licensing/Client/Unity.Licensing.Client.exe")
[Licensing::Module] LicensingClient has failed validation; ignoring
[Licensing::Client] Handshaking with LicensingClient:
  Version:                 1.18.1+9fbee8e
  Session Id:              b5a51e2c708541b1a153a48d8a972441
  Correlation Id:          b14ceeff4d9e96bd2441b2651491eae4
  External correlation Id: 4404717192198110873
  Machine Id:              JeCb3bP6ATeg71juwg7ytmBrMWQ=
[Licensing::Module] Successfully connected to LicensingClient on channel: "LicenseClient-Dakota-6000.5.3" (connect: 0.00s, validation: 0.00s, handshake: 0.00s)
[Licensing::IpcConnector] Successfully connected to: "LicenseClient-Dakota-6000.5.3-notifications" at "2026-09-04T15:31:53.973813Z"
[Licensing::Module] Licensing Background thread has ended after 0.82s
Native extension for WindowsStandalone target not found
Native extension for WebGL target not found
Package Manager log level set to [2]
[Package Manager] Failed to launch server process. Reason: Unity was launched with the -noUpm command-line argument
[Package Manager] Unable to send message (not connected to server process).
[Package Manager] Cannot connect to Unity Package Manager local server
ScheduleIndexationOnStartup MainProcess:False IndexOnStartup:True
Mono: successfully reloaded assembly
- Finished resetting the current domain, in  0.337 seconds
Domain Reload Profiling: 771ms
	BeginReloadAssembly (104ms)
	RebuildCommonClasses (4ms)
	RebuildNativeTypeToScriptingClass (14ms)
	initialDomainReloadingComplete (56ms)
	LoadAllAssembliesAndSetupDomain (254ms)
		LoadAssemblies (102ms)
		AnalyzeDomain (180ms)
			TypeCache.Refresh (178ms)
				TypeCache.ScanAssembly (165ms)
	FinalizeReload (339ms)
		SetupLoadedEditorAssemblies (0ms)
			BeforeProcessingInitializeOnLoad (80ms)
			ProcessInitializeOnLoadAttributes (93ms)
			ProcessInitializeOnLoadMethodAttributes (94ms)
Initializing Unity extensions:
[Licensing::Client] Successfully resolved entitlement details
[Licensing::Module] License group:
  Id: 20067251284441-UnityPersXXXX
  Product: Unity Personal
  Type: Assigned
  Expiration: Unlimited
Curl error 3: URL rejected: Malformed input to a URL function
========================================================================
Worker process is ready to serve import requests
Import Worker Mode flag is 0x00
Begin MonoManager ReloadAssembly
Symbol file LoadedFromMemory is not a mono symbol file
Refreshing native plugins compatible for Editor in 6.49 ms, found 3 plugins.
Native extension for WindowsStandalone target not found
Native extension for WebGL target not found
[Package Manager] Failed to launch server process. Reason: Unity was launched with the -noUpm command-line argument
[Package Manager] Unable to send message (not connected to server process).
[Package Manager] Cannot connect to Unity Package Manager local server
Refreshing native plugins compatible for Editor in 4.90 ms, found 3 plugins.
[Package Manager] Failed to launch server process. Reason: Unity was launched with the -noUpm command-line argument
[Package Manager] Unable to send message (not connected to server process).
[Package Manager] Cannot connect to Unity Package Manager local server
ScheduleIndexationOnStartup MainProcess:False IndexOnStartup:True
Mono: successfully reloaded assembly
- Finished resetting the current domain, in  0.715 seconds
Domain Reload Profiling: 1734ms
	BeginReloadAssembly (189ms)
		DisableScriptedObjects (5ms)
		CreateAndSetChildDomain (31ms)
	RebuildCommonClasses (8ms)
	RebuildNativeTypeToScriptingClass (16ms)
	initialDomainReloadingComplete (69ms)
	LoadAllAssembliesAndSetupDomain (735ms)
		LoadAssemblies (423ms)
		AnalyzeDomain (295ms)
			TypeCache.Refresh (195ms)
				TypeCache.ScanAssembly (177ms)
			BuildScriptInfoCaches (89ms)
			ResolveRequiredComponents (8ms)
	FinalizeReload (716ms)
		SetupLoadedEditorAssemblies (0ms)
			BeforeProcessingInitializeOnLoad (87ms)
			ProcessInitializeOnLoadAttributes (330ms)
			ProcessInitializeOnLoadMethodAttributes (134ms)
			AfterProcessingInitializeOnLoad (8ms)
		AwakeInstancesAfterBackupRestoration (3ms)
AcceleratorClientConnectionCallback - disconnected - :0
WARNING: Shader Unsupported: 'Hidden/Universal Render Pipeline/Terrain/Lit (Base Pass)' - All subshaders removed
WARNING: Shader Did you use #pragma only_renderers and omit this platform?
WARNING: Shader If subshaders removal was intentional, you may have forgotten turning Fallback off?
WARNING: Shader Unsupported: 'Universal Render Pipeline/Terrain/Lit' - All subshaders removed
WARNING: Shader Did you use #pragma only_renderers and omit this platform?
WARNING: Shader If subshaders removal was intentional, you may have forgotten turning Fallback off?
Launched and connected shader compiler UnityShaderCompiler.exe after 0.02 seconds
Refreshing native plugins compatible for Editor in 5.44 ms, found 3 plugins.
Unloading 56 Unused Serialized files (Serialized files now loaded: 0)
Curl error 3: URL rejected: Malformed input to a URL function
Unloading 5648 unused Assets / (8.7 MB). Loaded Objects now: 6293.
Memory consumption went from 311.6 MB to 302.8 MB.
Total: 14.505900 ms (FindLiveObjects: 0.813600 ms CreateObjectMapping: 2.244400 ms MarkObjects: 8.076300 ms  DeleteObjects: 3.370000 ms)

========================================================================
Received Import Request.
  Time of request: 2026-09-04T15:31:57.1307227Z
  Time since last request: 1859.02958209999997 seconds.
  importAddress: GUID: 2ac687ac4790a434e9503543c707b33f - Path: Packages/com.unity.render-pipelines.universal/Editor/ShaderGraph/UniversalStructs.cs - Importer: ScriptedImporter/UnityEditor.QuickSearchModule:UnityEditor.Search:ASIAI0B
Importing 'GUID: 2ac687ac4790a434e9503543c707b33f - Path: Packages/com.unity.render-pipelines.universal/Editor/ShaderGraph/UniversalStructs.cs - Importer: ScriptedImporter/UnityEditor.QuickSearchModule:UnityEditor.Search:ASIAI0B' with importer (ScriptedImporter : UnityEditor.QuickSearchModule:UnityEditor.Search:ASIAI0B)
Imported 'GUID: 2ac687ac4790a434e9503543c707b33f' -> (Import Result ID: 'f2526419e2ed0282629958456e02b175') in 0.077 seconds [static and dynamic dependencies]. Details - ImportResultOutputID=cec47b2831a8d6846473da81600d656a DependenciesID=751ea492c60c1928132394dada4cf8ca StaticDependenciesID=3d1d9a4faf1de9cfab147775323ddfe1 
Number of updated asset objects reloaded before import = 0
Number of asset objects unloaded after import = 0
========================================================================
Received Import Request.
  Time of request: 2026-09-04T15:31:57.2185542Z
  Time since last request: 0.0000992 seconds.
  importAddress: GUID: 9d020dac04a1b2b44a3a36eb8abe528f - Path: Packages/com.unity.render-pipelines.universal/Runtime/2D/CinemachineUniversalPixelPerfect.cs - Importer: ScriptedImporter/UnityEditor.QuickSearchModule:UnityEditor.Search:ASIAI0B
Importing 'GUID: 9d020dac04a1b2b44a3a36eb8abe528f - Path: Packages/com.unity.render-pipelines.universal/Runtime/2D/CinemachineUniversalPixelPerfect.cs - Importer: ScriptedImporter/UnityEditor.QuickSearchModule:UnityEditor.Search:ASIAI0B' with importer (ScriptedImporter : UnityEditor.QuickSearchModule:UnityEditor.Search:ASIAI0B)
Imported 'GUID: 9d020dac04a1b2b44a3a36eb8abe528f' -> (Import Result ID: 'e172795a1e13ef4f58890e132bc418d4') in 0.008 seconds [static and dynamic dependencies]. Details - ImportResultOutputID=6945a42c53f185d19b1e38135742cc9d DependenciesID=bc5dd8f4f1292b0cdb66970910de5e57 StaticDependenciesID=1d8fd43389f3cc16fdda7a0bfec6ab43 
Number of updated asset objects reloaded before import = 0
Number of asset objects unloaded after import = 0
========================================================================
Received Import Request.
  Time of request: 2026-09-04T15:31:57.2333271Z
  Time since last request: 0.0003104 seconds.
  importAddress: GUID: 3ee3e329a28361841bde3586c2b45586 - Path: Packages/com.unity.render-pipelines.universal/Runtime/Data/UniversalRenderPipelineAsset.DefaultResources.cs - Importer: ScriptedImporter/UnityEditor.QuickSearchModule:UnityEditor.Search:ASIAI0B
Importing 'GUID: 3ee3e329a28361841bde3586c2b45586 - Path: Packages/com.unity.render-pipelines.universal/Runtime/Data/UniversalRenderPipelineAsset.DefaultResources.cs - Importer: ScriptedImporter/UnityEditor.QuickSearchModule:UnityEditor.Search:ASIAI0B' with importer (ScriptedImporter : UnityEditor.QuickSearchModule:UnityEditor.Search:ASIAI0B)
Imported 'GUID: 3ee3e329a28361841bde3586c2b45586' -> (Import Result ID: 'e5eb659adcad6b555ff15430ded29788') in 0.004 seconds [static and dynamic dependencies]. Details - ImportResultOutputID=8cfe146a5fbc7e8456e5efa26743a568 DependenciesID=43738e6485ce0035216b194e78178c96 StaticDependenciesID=762f410eec9b8806f94e5a3b9c3583b3 
Number of updated asset objects reloaded before import = 0
Number of asset objects unloaded after import = 0
========================================================================
Received Import Request.
  Time of request: 2026-09-04T15:31:57.2450172Z
  Time since last request: 0.000245 seconds.
  importAddress: GUID: 50139ce6dfc5481409cd02c43fbc842f - Path: Packages/com.unity.render-pipelines.universal/Runtime/2D/AssemblyInfo.cs - Importer: ScriptedImporter/UnityEditor.QuickSearchModule:UnityEditor.Search:ASIAI0B
Importing 'GUID: 50139ce6dfc5481409cd02c43fbc842f - Path: Packages/com.unity.render-pipelines.universal/Runtime/2D/AssemblyInfo.cs - Importer: ScriptedImporter/UnityEditor.QuickSearchModule:UnityEditor.Search:ASIAI0B' with importer (ScriptedImporter : UnityEditor.QuickSearchModule:UnityEditor.Search:ASIAI0B)
Imported 'GUID: 50139ce6dfc5481409cd02c43fbc842f' -> (Import Result ID: '20194b3a3871da0a1c9cb59c67ff483a') in 0.003 seconds [static and dynamic dependencies]. Details - ImportResultOutputID=e53e95160f13f28d776092cbe6db13f1 DependenciesID=320efb5fe515c8b8f74788c70c65eb88 StaticDependenciesID=9b326a84a8fd2306e230bbf66baaed57 
Number of updated asset objects reloaded before import = 0
Number of asset objects unloaded after import = 0
========================================================================
Received Import Request.
  Time of request: 2026-09-04T15:31:57.2552519Z
  Time since last request: 0.0002736 seconds.
  importAddress: GUID: aa9836a839ff4ee89489b215f0dd4062 - Path: Packages/com.unity.render-pipelines.universal/Editor/UniversalRenderPipelineAsset/UniversalRenderPipelineBatchingWarning.cs - Importer: ScriptedImporter/UnityEditor.QuickSearchModule:UnityEditor.Search:ASIAI0B
Importing 'GUID: aa9836a839ff4ee89489b215f0dd4062 - Path: Packages/com.unity.render-pipelines.universal/Editor/UniversalRenderPipelineAsset/UniversalRenderPipelineBatchingWarning.cs - Importer: ScriptedImporter/UnityEditor.QuickSearchModule:UnityEditor.Search:ASIAI0B' with importer (ScriptedImporter : UnityEditor.QuickSearchModule:UnityEditor.Search:ASIAI0B)
Imported 'GUID: aa9836a839ff4ee89489b215f0dd4062' -> (Import Result ID: '7e81be6d69278be6f6d8af42e2a493c6') in 0.004 seconds [static and dynamic dependencies]. Details - ImportResultOutputID=ddef026742201fa052fb4fa224bc5768 DependenciesID=cae687f163094a5581fdc18f0463c43e StaticDependenciesID=6c0ccda4edba10c8be32376f0f74f0c1 
Number of updated asset objects reloaded before import = 0
Number of asset objects unloaded after import = 0
========================================================================
Received Import Request.
  Time of request: 2026-09-04T15:31:57.2660126Z
  Time since last request: 0.0001696 seconds.
  importAddress: GUID: 95d59ef6d24484ca08922525945ef2ef - Path: Packages/com.unity.render-pipelines.universal/Editor/ShaderGraph/UniversalFields.cs - Importer: ScriptedImporter/UnityEditor.QuickSearchModule:UnityEditor.Search:ASIAI0B
Importing 'GUID: 95d59ef6d24484ca08922525945ef2ef - Path: Packages/com.unity.render-pipelines.universal/Editor/ShaderGraph/UniversalFields.cs - Importer: ScriptedImporter/UnityEditor.QuickSearchModule:UnityEditor.Search:ASIAI0B' with importer (ScriptedImporter : UnityEditor.QuickSearchModule:UnityEditor.Search:ASIAI0B)
Imported 'GUID: 95d59ef6d24484ca08922525945ef2ef' -> (Import Result ID: '1aa840fc5ceffc96923c519f0d2051d5') in 0.004 seconds [static and dynamic dependencies]. Details - ImportResultOutputID=1576ca38e348e988ce4c78647a4928e9 DependenciesID=d5742743d002d729b25b8521d497ade8 StaticDependenciesID=caecf8151f692fbc97599a8e61d85258 
Number of updated asset objects reloaded before import = 0
Number of asset objects unloaded after import = 0
========================================================================
Received Import Request.
  Time of request: 2026-09-04T15:31:57.2771871Z
  Time since last request: 0.0005448 seconds.
  importAddress: GUID: e353ed204c92da941bcf3116819f9b91 - Path: Packages/com.unity.render-pipelines.universal/Editor/SceneTemplates/URPBasicScenePipeline.cs - Importer: ScriptedImporter/UnityEditor.QuickSearchModule:UnityEditor.Search:ASIAI0B
Importing 'GUID: e353ed204c92da941bcf3116819f9b91 - Path: Packages/com.unity.render-pipelines.universal/Editor/SceneTemplates/URPBasicScenePipeline.cs - Importer: ScriptedImporter/UnityEditor.QuickSearchModule:UnityEditor.Search:ASIAI0B' with importer (ScriptedImporter : UnityEditor.QuickSearchModule:UnityEditor.Search:ASIAI0B)
Imported 'GUID: e353ed204c92da941bcf3116819f9b91' -> (Import Result ID: 'd41790ed4c587b3349f2b51af5710fb0') in 0.004 seconds [static and dynamic dependencies]. Details - ImportResultOutputID=e1ffe333a11d23067e7949a25f66923c DependenciesID=649183274bee7d135a02f1938af57c0b StaticDependenciesID=de04e96bab23deb0c72567f0abf2d2f6 
Number of updated asset objects reloaded before import = 0
Number of asset objects unloaded after import = 0
========================================================================
Received Import Request.
  Time of request: 2026-09-04T15:31:57.289063Z
  Time since last request: 0.000262 seconds.
  importAddress: GUID: ef136de7def056a4d8aa337fa0bcd989 - Path: Packages/com.unity.render-pipelines.universal/Editor/Terrain/BuildTerrainSurfaceDescriptionInputs.template.hlsl - Importer: ScriptedImporter/UnityEditor.QuickSearchModule:UnityEditor.Search:ASIAI0B
Importing 'GUID: ef136de7def056a4d8aa337fa0bcd989 - Path: Packages/com.unity.render-pipelines.universal/Editor/Terrain/BuildTerrainSurfaceDescriptionInputs.template.hlsl - Importer: ScriptedImporter/UnityEditor.QuickSearchModule:UnityEditor.Search:ASIAI0B' with importer (ScriptedImporter : UnityEditor.QuickSearchModule:UnityEditor.Search:ASIAI0B)
Imported 'GUID: ef136de7def056a4d8aa337fa0bcd989' -> (Import Result ID: 'd4920f71a7dbeb6a57d7209e6c5a6c0b') in 0.006 seconds [static and dynamic dependencies]. Details - ImportResultOutputID=9d0b98407f7fbf9467e7272dfced70e7 DependenciesID=7c62828a0816ba97a1b3e15b7840abc5 StaticDependenciesID=757953e6595481d3c09606f2fd70f830 
Number of updated asset objects reloaded before import = 0
Number of asset objects unloaded after import = 1
========================================================================
Received Import Request.
  Time of request: 2026-09-04T15:31:57.3042074Z
  Time since last request: 0.0001913 seconds.
  importAddress: GUID: 55dca53d5ab64402b85ef43b2af4e33e - Path: Packages/com.unity.render-pipelines.universal/Runtime/Data/UniversalRenderPipelineAssetPrefiltering.cs - Importer: ScriptedImporter/UnityEditor.QuickSearchModule:UnityEditor.Search:ASIAI0B
Importing 'GUID: 55dca53d5ab64402b85ef43b2af4e33e - Path: Packages/com.unity.render-pipelines.universal/Runtime/Data/UniversalRenderPipelineAssetPrefiltering.cs - Importer: ScriptedImporter/UnityEditor.QuickSearchModule:UnityEditor.Search:ASIAI0B' with importer (ScriptedImporter : UnityEditor.QuickSearchModule:UnityEditor.Search:ASIAI0B)
Imported 'GUID: 55dca53d5ab64402b85ef43b2af4e33e' -> (Import Result ID: 'cf0782f78466348d243d422f30eb5f41') in 0.006 seconds [static and dynamic dependencies]. Details - ImportResultOutputID=c7495ffe4659763d1e80fd6b074629de DependenciesID=43d9582e260e71e1807cb8d212b780cb StaticDependenciesID=046dfcd03c066311ad9a5dfd1af20295 
Number of updated asset objects reloaded before import = 0
Number of asset objects unloaded after import = 0
========================================================================
Received Import Request.
  Time of request: 2026-09-04T15:31:57.3210336Z
  Time since last request: 0.0000175 seconds.
  importAddress: GUID: 41439944d30ece34e96484bdb6645b55 - Path: Packages/com.unity.render-pipelines.universal/Runtime/Data/PostProcessData.asset - Importer: ScriptedImporter/UnityEditor.QuickSearchModule:UnityEditor.Search:ASIAI0B
Importing 'GUID: 41439944d30ece34e96484bdb6645b55 - Path: Packages/com.unity.render-pipelines.universal/Runtime/Data/PostProcessData.asset - Importer: ScriptedImporter/UnityEditor.QuickSearchModule:UnityEditor.Search:ASIAI0B' with importer (ScriptedImporter : UnityEditor.QuickSearchModule:UnityEditor.Search:ASIAI0B)
Imported 'GUID: 41439944d30ece34e96484bdb6645b55' -> (Import Result ID: '1fe9d2a24f15b9822e9ef7b67dea3fad') in 0.040 seconds [static and dynamic dependencies]. Details - ImportResultOutputID=1dcad305eb65fc31eed59c7ebb642185 DependenciesID=46be4f7784a20f1b5254cb386e96f4a9 StaticDependenciesID=1b9b0060ba21d10a5d0b8d19878de89c 
Number of updated asset objects reloaded before import = 0
Number of asset objects unloaded after import = 45
========================================================================
Received Import Request.
  Time of request: 2026-09-04T15:31:57.3735228Z
  Time since last request: 0.0000208 seconds.
  importAddress: GUID: aeaf92920a76aae4eaebbddf67a76c1f - Path: Packages/com.unity.render-pipelines.universal/Editor/ShaderGraph/UniversalProperties.cs - Importer: ScriptedImporter/UnityEditor.QuickSearchModule:UnityEditor.Search:ASIAI0B
Importing 'GUID: aeaf92920a76aae4eaebbddf67a76c1f - Path: Packages/com.unity.render-pipelines.universal/Editor/ShaderGraph/UniversalProperties.cs - Importer: ScriptedImporter/UnityEditor.QuickSearchModule:UnityEditor.Search:ASIAI0B' with importer (ScriptedImporter : UnityEditor.QuickSearchModule:UnityEditor.Search:ASIAI0B)
Imported 'GUID: aeaf92920a76aae4eaebbddf67a76c1f' -> (Import Result ID: '13e810348a35ef0fdfb69a418ec3b083') in 0.004 seconds [static and dynamic dependencies]. Details - ImportResultOutputID=515598f18bd129e37b5b9ec5e3a91db8 DependenciesID=207426d0840ab5f207f33ce620b780cc StaticDependenciesID=6283a8e4c9430e06c1560aa5fb35d65c 
Number of updated asset objects reloaded before import = 0
Number of asset objects unloaded after import = 0
========================================================================
Received Import Request.
  Time of request: 2026-09-04T15:31:57.3973428Z
  Time since last request: 0.0118048 seconds.
  importAddress: GUID: b51db210fe78df745a372851b3db949e - Path: Packages/com.unity.render-pipelines.universal/Runtime/Materials/SpatialMappingOcclusion.mat - Importer: ScriptedImporter/UnityEditor.QuickSearchModule:UnityEditor.Search:ASIAI0B
Importing 'GUID: b51db210fe78df745a372851b3db949e - Path: Packages/com.unity.render-pipelines.universal/Runtime/Materials/SpatialMappingOcclusion.mat - Importer: ScriptedImporter/UnityEditor.QuickSearchModule:UnityEditor.Search:ASIAI0B' with importer (ScriptedImporter : UnityEditor.QuickSearchModule:UnityEditor.Search:ASIAI0B)
Imported 'GUID: b51db210fe78df745a372851b3db949e' -> (Import Result ID: 'af95e3d60c191f23bfcad9fb7ff03d16') in 0.015 seconds [static and dynamic dependencies]. Details - ImportResultOutputID=e12c107b6d0fa6e6d9efb73f917cb03b DependenciesID=2012b7a7088cd3c4a467d3cbd49819fd StaticDependenciesID=fc5296bc1b66eabb2e7b6f28a1315545 
Number of updated asset objects reloaded before import = 0
Number of asset objects unloaded after import = 1
========================================================================
Received Import Request.
  Time of request: 2026-09-04T15:31:57.420351Z
  Time since last request: 0.0002337 seconds.
  importAddress: GUID: d8d2b2ac40c1940d281d4f1f8384a0bf - Path: Packages/com.unity.render-pipelines.universal/Runtime/History/RawColorHistory.cs - Importer: ScriptedImporter/UnityEditor.QuickSearchModule:UnityEditor.Search:ASIAI0B
Importing 'GUID: d8d2b2ac40c1940d281d4f1f8384a0bf - Path: Packages/com.unity.render-pipelines.universal/Runtime/History/RawColorHistory.cs - Importer: ScriptedImporter/UnityEditor.QuickSearchModule:UnityEditor.Search:ASIAI0B' with importer (ScriptedImporter : UnityEditor.QuickSearchModule:UnityEditor.Search:ASIAI0B)
Imported 'GUID: d8d2b2ac40c1940d281d4f1f8384a0bf' -> (Import Result ID: 'ded339d3ebbda41d8a0eae6beaeea1ab') in 0.009 seconds [static and dynamic dependencies]. Details - ImportResultOutputID=b4a13d192c680133e64f57bf51e024d6 DependenciesID=4f99b2a6054e7498b6b3126e06efc505 StaticDependenciesID=031143bf0acc1c6ed776e543b9fed3c1 
Number of updated asset objects reloaded before import = 0
Number of asset objects unloaded after import = 0
========================================================================
Received Import Request.
  Time of request: 2026-09-04T15:31:57.437201Z
  Time since last request: 0.0004402 seconds.
  importAddress: GUID: 31d0dcc6f2dd4e4408d18036a2c93862 - Path: Packages/com.unity.render-pipelines.universal/Runtime/Materials/Decal.mat - Importer: ScriptedImporter/UnityEditor.QuickSearchModule:UnityEditor.Search:ASIAI0B
Importing 'GUID: 31d0dcc6f2dd4e4408d18036a2c93862 - Path: Packages/com.unity.render-pipelines.universal/Runtime/Materials/Decal.mat - Importer: ScriptedImporter/UnityEditor.QuickSearchModule:UnityEditor.Search:ASIAI0B' with importer (ScriptedImporter : UnityEditor.QuickSearchModule:UnityEditor.Search:ASIAI0B)
Imported 'GUID: 31d0dcc6f2dd4e4408d18036a2c93862' -> (Import Result ID: 'dbb3f3498521fb7c6cbac13a84a18f33') in 0.015 seconds [static and dynamic dependencies]. Details - ImportResultOutputID=5fd5a319cdb1f38eb22abfeaaf8a4591 DependenciesID=d2e208f18419387cc39f71d6f8c3efb3 StaticDependenciesID=de1169ae25f1f5478c3f6448657d491e 
Number of updated asset objects reloaded before import = 0
Number of asset objects unloaded after import = 2
========================================================================
Received Import Request.
  Time of request: 2026-09-04T15:31:57.4611442Z
  Time since last request: 0.000018 seconds.
  importAddress: GUID: 221518ef91623a7438a71fef23660601 - Path: Packages/com.unity.render-pipelines.universal/Runtime/Overrides/WhiteBalance.cs - Importer: ScriptedImporter/UnityEditor.QuickSearchModule:UnityEditor.Search:ASIAI0B
Importing 'GUID: 221518ef91623a7438a71fef23660601 - Path: Packages/com.unity.render-pipelines.universal/Runtime/Overrides/WhiteBalance.cs - Importer: ScriptedImporter/UnityEditor.QuickSearchModule:UnityEditor.Search:ASIAI0B' with importer (ScriptedImporter : UnityEditor.QuickSearchModule:UnityEditor.Search:ASIAI0B)
Imported 'GUID: 221518ef91623a7438a71fef23660601' -> (Import Result ID: '0d5ea53dc08442aa5dc60819368f253e') in 0.003 seconds [static and dynamic dependencies]. Details - ImportResultOutputID=4abb211b9c94559a41115e2ed5b8c727 DependenciesID=87dfc446c15a603cc6193a8c5e871e48 StaticDependenciesID=30ce9160e2e98a2f7efc18885936064c 
Number of updated asset objects reloaded before import = 0
Number of asset objects unloaded after import = 0
========================================================================
Received Import Request.
  Time of request: 2026-09-04T15:31:57.4723188Z
  Time since last request: 0.0003009 seconds.
  importAddress: GUID: f51cd437538e56e43b5b7203e3f0d825 - Path: Packages/com.unity.render-pipelines.universal/Runtime/Decal/DecalProjector.deprecated.cs - Importer: ScriptedImporter/UnityEditor.QuickSearchModule:UnityEditor.Search:ASIAI0B
Importing 'GUID: f51cd437538e56e43b5b7203e3f0d825 - Path: Packages/com.unity.render-pipelines.universal/Runtime/Decal/DecalProjector.deprecated.cs - Importer: ScriptedImporter/UnityEditor.QuickSearchModule:UnityEditor.Search:ASIAI0B' with importer (ScriptedImporter : UnityEditor.QuickSearchModule:UnityEditor.Search:ASIAI0B)
Imported 'GUID: f51cd437538e56e43b5b7203e3f0d825' -> (Import Result ID: '354540040fa8046ae0d32c0f5cbf57b0') in 0.004 seconds [static and dynamic dependencies]. Details - ImportResultOutputID=90d241b7a3a4855d6be5328059ab6eab DependenciesID=7e13b27d93697e94eedbaddcf385590d StaticDependenciesID=d88d110dd93e6331de2c41bbf16cb0f3 
Number of updated asset objects reloaded before import = 0
Number of asset objects unloaded after import = 0
========================================================================
Received Import Request.
  Time of request: 2026-09-04T15:31:57.4839181Z
  Time since last request: 0.00025 seconds.
  importAddress: GUID: 154f2df7349f45fa897e03ab12ec09b4 - Path: Packages/com.unity.render-pipelines.universal/Runtime/FrameData/UniversalPostProcessingData.cs - Importer: ScriptedImporter/UnityEditor.QuickSearchModule:UnityEditor.Search:ASIAI0B
Importing 'GUID: 154f2df7349f45fa897e03ab12ec09b4 - Path: Packages/com.unity.render-pipelines.universal/Runtime/FrameData/UniversalPostProcessingData.cs - Importer: ScriptedImporter/UnityEditor.QuickSearchModule:UnityEditor.Search:ASIAI0B' with importer (ScriptedImporter : UnityEditor.QuickSearchModule:UnityEditor.Search:ASIAI0B)
Imported 'GUID: 154f2df7349f45fa897e03ab12ec09b4' -> (Import Result ID: 'e712e8cb756d7567d1e09bcf53e69720') in 0.004 seconds [static and dynamic dependencies]. Details - ImportResultOutputID=3f74f1e8d0132ff0ac2599181472483d DependenciesID=74159f772922884264419e5878d173c4 StaticDependenciesID=6c43d8fab58176df23996621bfb50fe2 
Number of updated asset objects reloaded before import = 0
Number of asset objects unloaded after import = 0
========================================================================
Received Import Request.
  Time of request: 2026-09-04T15:31:57.4950987Z
  Time since last request: 0.0002582 seconds.
  importAddress: GUID: 8a93286a65c615346b9518c4b6af2b1d - Path: Packages/com.unity.render-pipelines.universal/Runtime/Decal/DecalDrawErrorRenderPass.cs - Importer: ScriptedImporter/UnityEditor.QuickSearchModule:UnityEditor.Search:ASIAI0B
Importing 'GUID: 8a93286a65c615346b9518c4b6af2b1d - Path: Packages/com.unity.render-pipelines.universal/Runtime/Decal/DecalDrawErrorRenderPass.cs - Importer: ScriptedImporter/UnityEditor.QuickSearchModule:UnityEditor.Search:ASIAI0B' with importer (ScriptedImporter : UnityEditor.QuickSearchModule:UnityEditor.Search:ASIAI0B)
Imported 'GUID: 8a93286a65c615346b9518c4b6af2b1d' -> (Import Result ID: '34ec3f91a056827ddfdc34d21f4c8a46') in 0.004 seconds [static and dynamic dependencies]. Details - ImportResultOutputID=979a9a93904eb38041ea32ed9b253713 DependenciesID=8e72fa77b95e69f23573c3ddd7a13d1d StaticDependenciesID=a5eea178ca5855a18b5f4e63f3904c84 
Number of updated asset objects reloaded before import = 0
Number of asset objects unloaded after import = 0
========================================================================
Received Import Request.
  Time of request: 2026-09-04T15:31:57.5077153Z
  Time since last request: 0.0001498 seconds.
  importAddress: GUID: f104ef5e898a82f4c9814ea70f7dfb2b - Path: Packages/com.unity.render-pipelines.universal/Runtime/Decal/DecalPreviewPass.cs - Importer: ScriptedImporter/UnityEditor.QuickSearchModule:UnityEditor.Search:ASIAI0B
Importing 'GUID: f104ef5e898a82f4c9814ea70f7dfb2b - Path: Packages/com.unity.render-pipelines.universal/Runtime/Decal/DecalPreviewPass.cs - Importer: ScriptedImporter/UnityEditor.QuickSearchModule:UnityEditor.Search:ASIAI0B' with importer (ScriptedImporter : UnityEditor.QuickSearchModule:UnityEditor.Search:ASIAI0B)
Imported 'GUID: f104ef5e898a82f4c9814ea70f7dfb2b' -> (Import Result ID: '0642735498db6872c9464e752cfa38c1') in 0.004 seconds [static and dynamic dependencies]. Details - ImportResultOutputID=f03463a5c851e275ff1b6a1a061ca646 DependenciesID=304ef6748d741eb92ddeed722a9a48cf StaticDependenciesID=c059208338ba96de3118cb4427b31e16 
Number of updated asset objects reloaded before import = 0
Number of asset objects unloaded after import = 0
========================================================================
Received Import Request.
  Time of request: 2026-09-04T15:31:57.5205936Z
  Time since last request: 0.00028 seconds.
  importAddress: GUID: 66f335fb1ffd8684294ad653bf1c7564 - Path: Packages/com.unity.render-pipelines.universal/Runtime/Overrides/ColorAdjustments.cs - Importer: ScriptedImporter/UnityEditor.QuickSearchModule:UnityEditor.Search:ASIAI0B
Importing 'GUID: 66f335fb1ffd8684294ad653bf1c7564 - Path: Packages/com.unity.render-pipelines.universal/Runtime/Overrides/ColorAdjustments.cs - Importer: ScriptedImporter/UnityEditor.QuickSearchModule:UnityEditor.Search:ASIAI0B' with importer (ScriptedImporter : UnityEditor.QuickSearchModule:UnityEditor.Search:ASIAI0B)
Imported 'GUID: 66f335fb1ffd8684294ad653bf1c7564' -> (Import Result ID: 'fd5515d30651863c856a16e0d887950e') in 0.009 seconds [static and dynamic dependencies]. Details - ImportResultOutputID=aa42f094bcc63ca3f7cff31b9cdcdbac DependenciesID=b5cd8c1e18deaf7fc1899ffa0d6fe874 StaticDependenciesID=50848a4bdd8dd20671df996efa62d36c 
Number of updated asset objects reloaded before import = 0
Number of asset objects unloaded after import = 0
========================================================================
Received Import Request.
  Time of request: 2026-09-04T15:31:57.5373396Z
  Time since last request: 0.0001909 seconds.
  importAddress: GUID: 9dfc825aed78fcd4ba02077103263b40 - Path: Packages/com.unity.render-pipelines.universal/Runtime/Materials/Sprite-Unlit-Default.mat - Importer: ScriptedImporter/UnityEditor.QuickSearchModule:UnityEditor.Search:ASIAI0B
Importing 'GUID: 9dfc825aed78fcd4ba02077103263b40 - Path: Packages/com.unity.render-pipelines.universal/Runtime/Materials/Sprite-Unlit-Default.mat - Importer: ScriptedImporter/UnityEditor.QuickSearchModule:UnityEditor.Search:ASIAI0B' with importer (ScriptedImporter : UnityEditor.QuickSearchModule:UnityEditor.Search:ASIAI0B)
Imported 'GUID: 9dfc825aed78fcd4ba02077103263b40' -> (Import Result ID: '986e2ea04041bab0c928782f36829b7b') in 0.007 seconds [static and dynamic dependencies]. Details - ImportResultOutputID=68231137c2f994bca2fe32ddcf00149a DependenciesID=5d56fefd164a2dda45b6368f71b37829 StaticDependenciesID=1015e10d2e7b151697e522f5f94449a4 
Number of updated asset objects reloaded before import = 0
Number of asset objects unloaded after import = 1
========================================================================
Received Import Request.
  Time of request: 2026-09-04T15:31:57.5532622Z
  Time since last request: 0.0002498 seconds.
  importAddress: GUID: 0b2db86121404754db890f4c8dfe81b2 - Path: Packages/com.unity.render-pipelines.universal/Runtime/Overrides/Bloom.cs - Importer: ScriptedImporter/UnityEditor.QuickSearchModule:UnityEditor.Search:ASIAI0B
Importing 'GUID: 0b2db86121404754db890f4c8dfe81b2 - Path: Packages/com.unity.render-pipelines.universal/Runtime/Overrides/Bloom.cs - Importer: ScriptedImporter/UnityEditor.QuickSearchModule:UnityEditor.Search:ASIAI0B' with importer (ScriptedImporter : UnityEditor.QuickSearchModule:UnityEditor.Search:ASIAI0B)
Imported 'GUID: 0b2db86121404754db890f4c8dfe81b2' -> (Import Result ID: '660f7039412f67b8bc3e1e70536b860e') in 0.004 seconds [static and dynamic dependencies]. Details - ImportResultOutputID=eb702ee914fa21da1332007a370d9177 DependenciesID=aa992c219333a4169b50f9861ffaf44e StaticDependenciesID=49e8e78d8c538661f211bca951e33cdc 
Number of updated asset objects reloaded before import = 0
Number of asset objects unloaded after import = 0
========================================================================
Received Import Request.
  Time of request: 2026-09-04T15:31:57.5646309Z
  Time since last request: 0.0002203 seconds.
  importAddress: GUID: 6a1143ee683302f4aa628c052723efc1 - Path: Packages/com.unity.render-pipelines.universal/Runtime/Materials/SimpleLit.mat - Importer: ScriptedImporter/UnityEditor.QuickSearchModule:UnityEditor.Search:ASIAI0B
Importing 'GUID: 6a1143ee683302f4aa628c052723efc1 - Path: Packages/com.unity.render-pipelines.universal/Runtime/Materials/SimpleLit.mat - Importer: ScriptedImporter/UnityEditor.QuickSearchModule:UnityEditor.Search:ASIAI0B' with importer (ScriptedImporter : UnityEditor.QuickSearchModule:UnityEditor.Search:ASIAI0B)
Imported 'GUID: 6a1143ee683302f4aa628c052723efc1' -> (Import Result ID: '0f0028dae15e82d7c1e3d54559b78985') in 0.013 seconds [static and dynamic dependencies]. Details - ImportResultOutputID=53b47bf933b511fb951dd91e59a220fd DependenciesID=86ceb2d4e1653292f0e2229be0bd7ff6 StaticDependenciesID=65f982d6dae0abb590b603176880a774 
Number of updated asset objects reloaded before import = 0
Number of asset objects unloaded after import = 2
========================================================================
Received Import Request.
  Time of request: 2026-09-04T15:31:57.583624Z
  Time since last request: 0.0002348 seconds.
  importAddress: GUID: c01700fd266d6914ababb731e09af2eb - Path: Packages/com.unity.render-pipelines.universal/Runtime/Overrides/DepthOfField.cs - Importer: ScriptedImporter/UnityEditor.QuickSearchModule:UnityEditor.Search:ASIAI0B
Importing 'GUID: c01700fd266d6914ababb731e09af2eb - Path: Packages/com.unity.render-pipelines.universal/Runtime/Overrides/DepthOfField.cs - Importer: ScriptedImporter/UnityEditor.QuickSearchModule:UnityEditor.Search:ASIAI0B' with importer (ScriptedImporter : UnityEditor.QuickSearchModule:UnityEditor.Search:ASIAI0B)
Imported 'GUID: c01700fd266d6914ababb731e09af2eb' -> (Import Result ID: '7c804873003cdc7c14aa961e7acea2b8') in 0.003 seconds [static and dynamic dependencies]. Details - ImportResultOutputID=b0b7ced5186e441c1d761ec216c9f31f DependenciesID=b3683136123434881fc21fc28c454f06 StaticDependenciesID=182081c0ce3e9e0e60b3bcfefb866816 
Number of updated asset objects reloaded before import = 0
Number of asset objects unloaded after import = 0
========================================================================
Received Import Request.
  Time of request: 2026-09-04T15:31:57.5925785Z
  Time since last request: 0.0002897 seconds.
  importAddress: GUID: e28016542c8e4854a545aa24a49c882e - Path: Packages/com.unity.render-pipelines.universal/Runtime/FrameData/UniversalCameraData.cs - Importer: ScriptedImporter/UnityEditor.QuickSearchModule:UnityEditor.Search:ASIAI0B
Importing 'GUID: e28016542c8e4854a545aa24a49c882e - Path: Packages/com.unity.render-pipelines.universal/Runtime/FrameData/UniversalCameraData.cs - Importer: ScriptedImporter/UnityEditor.QuickSearchModule:UnityEditor.Search:ASIAI0B' with importer (ScriptedImporter : UnityEditor.QuickSearchModule:UnityEditor.Search:ASIAI0B)
Imported 'GUID: e28016542c8e4854a545aa24a49c882e' -> (Import Result ID: '778a08f89f6dddd67c98268f67fceddb') in 0.005 seconds [static and dynamic dependencies]. Details - ImportResultOutputID=910488a515a8d8b6b904b1efeb07181b DependenciesID=6d1f61c8bc0d4150e992f510ecb95496 StaticDependenciesID=575cfa8d444358ed6cdc35c8036c2683 
Number of updated asset objects reloaded before import = 0
Number of asset objects unloaded after import = 0
========================================================================
Received Import Request.
  Time of request: 2026-09-04T15:31:57.6044676Z
  Time since last request: 0.0007086 seconds.
  importAddress: GUID: 0f5a9bd148c9a4a3198fdd2365b6e514 - Path: Packages/com.unity.render-pipelines.universal/Runtime/Passes/CapturePass.cs - Importer: ScriptedImporter/UnityEditor.QuickSearchModule:UnityEditor.Search:ASIAI0B
Importing 'GUID: 0f5a9bd148c9a4a3198fdd2365b6e514 - Path: Packages/com.unity.render-pipelines.universal/Runtime/Passes/CapturePass.cs - Importer: ScriptedImporter/UnityEditor.QuickSearchModule:UnityEditor.Search:ASIAI0B' with importer (ScriptedImporter : UnityEditor.QuickSearchModule:UnityEditor.Search:ASIAI0B)
Imported 'GUID: 0f5a9bd148c9a4a3198fdd2365b6e514' -> (Import Result ID: 'c925e58c921346bdb31a422773ce1d38') in 0.009 seconds [static and dynamic dependencies]. Details - ImportResultOutputID=dbbd788c08c5bcaa014db9b63378aa35 DependenciesID=0e55b04e59a624f11fc47f6a9814b031 StaticDependenciesID=8b0bef0068477aadea1311f1ebe8e087 
Number of updated asset objects reloaded before import = 0
Number of asset objects unloaded after import = 0
========================================================================
Received Import Request.
  Time of request: 2026-09-04T15:31:57.6319832Z
  Time since last request: 0.0004904 seconds.
  importAddress: GUID: f46c1a0c3e3a98848a0efbf4e1fd5675 - Path: Packages/com.unity.render-pipelines.universal/Runtime/Passes/AdditionalLightsShadowCasterPass.cs - Importer: ScriptedImporter/UnityEditor.QuickSearchModule:UnityEditor.Search:ASIAI0B
Importing 'GUID: f46c1a0c3e3a98848a0efbf4e1fd5675 - Path: Packages/com.unity.render-pipelines.universal/Runtime/Passes/AdditionalLightsShadowCasterPass.cs - Importer: ScriptedImporter/UnityEditor.QuickSearchModule:UnityEditor.Search:ASIAI0B' with importer (ScriptedImporter : UnityEditor.QuickSearchModule:UnityEditor.Search:ASIAI0B)
Imported 'GUID: f46c1a0c3e3a98848a0efbf4e1fd5675' -> (Import Result ID: '8260ce3c304703e0c6ba6896ca021482') in 0.005 seconds [static and dynamic dependencies]. Details - ImportResultOutputID=0cc7123355084109a2911f45eeae4ba0 DependenciesID=bdc4afabcad4750273209a5f5f9463d9 StaticDependenciesID=8ae86afaa06d396bf01d04a8c195ec6b 
Number of updated asset objects reloaded before import = 0
Number of asset objects unloaded after import = 0
========================================================================
Received Import Request.
  Time of request: 2026-09-04T15:31:57.6475711Z
  Time since last request: 0.000405 seconds.
  importAddress: GUID: 29fa0085f50d5e54f8144f766051a691 - Path: Packages/com.unity.render-pipelines.universal/Runtime/Overrides/FilmGrain.cs - Importer: ScriptedImporter/UnityEditor.QuickSearchModule:UnityEditor.Search:ASIAI0B
Importing 'GUID: 29fa0085f50d5e54f8144f766051a691 - Path: Packages/com.unity.render-pipelines.universal/Runtime/Overrides/FilmGrain.cs - Importer: ScriptedImporter/UnityEditor.QuickSearchModule:UnityEditor.Search:ASIAI0B' with importer (ScriptedImporter : UnityEditor.QuickSearchModule:UnityEditor.Search:ASIAI0B)
Imported 'GUID: 29fa0085f50d5e54f8144f766051a691' -> (Import Result ID: 'ce8d10b2e55657ccddae24fa8a29ca49') in 0.005 seconds [static and dynamic dependencies]. Details - ImportResultOutputID=284c818bde9bc441291ea25a14453f3f DependenciesID=b622282c3c257dc7a562237c9c21238b StaticDependenciesID=4e49271559dc0d87d9b32bd0e49e6ea8 
Number of updated asset objects reloaded before import = 0
Number of asset objects unloaded after import = 0
========================================================================
Received Import Request.
  Time of request: 2026-09-04T15:31:57.6629013Z
  Time since last request: 0.0003147 seconds.
  importAddress: GUID: 4ab9de92acc9d124bbc8f9b8e240d9c4 - Path: Packages/com.unity.render-pipelines.universal/Runtime/Passes/ColorGradingLutPass.cs - Importer: ScriptedImporter/UnityEditor.QuickSearchModule:UnityEditor.Search:ASIAI0B
Importing 'GUID: 4ab9de92acc9d124bbc8f9b8e240d9c4 - Path: Packages/com.unity.render-pipelines.universal/Runtime/Passes/ColorGradingLutPass.cs - Importer: ScriptedImporter/UnityEditor.QuickSearchModule:UnityEditor.Search:ASIAI0B' with importer (ScriptedImporter : UnityEditor.QuickSearchModule:UnityEditor.Search:ASIAI0B)
Imported 'GUID: 4ab9de92acc9d124bbc8f9b8e240d9c4' -> (Import Result ID: 'aaa4acf3cc2a81357b184980093ab689') in 0.005 seconds [static and dynamic dependencies]. Details - ImportResultOutputID=941e0903f4a52696c6f023c17b617cb9 DependenciesID=e30239e92911709bbd0e990312620fae StaticDependenciesID=c518607519c91cbf0ea66f19cdf39a5d 
Number of updated asset objects reloaded before import = 0
Number of asset objects unloaded after import = 0
========================================================================
Received Import Request.
  Time of request: 2026-09-04T15:31:57.6785654Z
  Time since last request: 0.0002752 seconds.
  importAddress: GUID: e021b4c809a781e468c2988c016ebbea - Path: Packages/com.unity.render-pipelines.universal/Runtime/Overrides/ColorLookup.cs - Importer: ScriptedImporter/UnityEditor.QuickSearchModule:UnityEditor.Search:ASIAI0B
Importing 'GUID: e021b4c809a781e468c2988c016ebbea - Path: Packages/com.unity.render-pipelines.universal/Runtime/Overrides/ColorLookup.cs - Importer: ScriptedImporter/UnityEditor.QuickSearchModule:UnityEditor.Search:ASIAI0B' with importer (ScriptedImporter : UnityEditor.QuickSearchModule:UnityEditor.Search:ASIAI0B)
Imported 'GUID: e021b4c809a781e468c2988c016ebbea' -> (Import Result ID: '3dc3d664f15a2c8113ae7933e8494c0c') in 0.005 seconds [static and dynamic dependencies]. Details - ImportResultOutputID=60ecd388ef198ed10cac6265b837a008 DependenciesID=69cd18907687ec7d0ae910c1f74a6093 StaticDependenciesID=d51863bb448641c8e6b948b8116a44a6 
Number of updated asset objects reloaded before import = 0
Number of asset objects unloaded after import = 0
========================================================================
Received Import Request.
  Time of request: 2026-09-04T15:31:57.7087115Z
  Time since last request: 0.0158016 seconds.
  importAddress: GUID: 6dfa2b31659ab4047b6bc33be7d8f07e - Path: Packages/com.unity.render-pipelines.universal/Runtime/Passes/DepthNormalOnlyPass.cs - Importer: ScriptedImporter/UnityEditor.QuickSearchModule:UnityEditor.Search:ASIAI0B
Importing 'GUID: 6dfa2b31659ab4047b6bc33be7d8f07e - Path: Packages/com.unity.render-pipelines.universal/Runtime/Passes/DepthNormalOnlyPass.cs - Importer: ScriptedImporter/UnityEditor.QuickSearchModule:UnityEditor.Search:ASIAI0B' with importer (ScriptedImporter : UnityEditor.QuickSearchModule:UnityEditor.Search:ASIAI0B)
Imported 'GUID: 6dfa2b31659ab4047b6bc33be7d8f07e' -> (Import Result ID: 'd12b1a58f49dc356a8066f49e2a1e522') in 0.005 seconds [static and dynamic dependencies]. Details - ImportResultOutputID=584e3098303dae8f29d2d92f3804ae56 DependenciesID=fa7ff040e223c80abcd2a13a1fe89ac6 StaticDependenciesID=a9675f06193dbed078c4737f417e5ed2 
Number of updated asset objects reloaded before import = 0
Number of asset objects unloaded after import = 0
========================================================================
Received Import Request.
  Time of request: 2026-09-04T15:31:57.7226845Z
  Time since last request: 0.0002753 seconds.
  importAddress: GUID: 65317dda628fae54d953accd02570d92 - Path: Packages/com.unity.render-pipelines.universal/Runtime/Passes/InvokeOnRenderObjectCallbackPass.cs - Importer: ScriptedImporter/UnityEditor.QuickSearchModule:UnityEditor.Search:ASIAI0B
Importing 'GUID: 65317dda628fae54d953accd02570d92 - Path: Packages/com.unity.render-pipelines.universal/Runtime/Passes/InvokeOnRenderObjectCallbackPass.cs - Importer: ScriptedImporter/UnityEditor.QuickSearchModule:UnityEditor.Search:ASIAI0B' with importer (ScriptedImporter : UnityEditor.QuickSearchModule:UnityEditor.Search:ASIAI0B)
Imported 'GUID: 65317dda628fae54d953accd02570d92' -> (Import Result ID: '69de0d44e94b7b1d013461dabe5e8e59') in 0.005 seconds [static and dynamic dependencies]. Details - ImportResultOutputID=38b4ef4ea0677a7fe8882f73a0d23949 DependenciesID=461bd6cc26f0334f22a1fe7348a520a3 StaticDependenciesID=6af489759e526a40f8c2afa297e65922 
Number of updated asset objects reloaded before import = 0
Number of asset objects unloaded after import = 0
========================================================================
Received Import Request.
  Time of request: 2026-09-04T15:31:57.739028Z
  Time since last request: 0.0002466 seconds.
  importAddress: GUID: 35922f772e2f746e0a76b49701b8c04a - Path: Packages/com.unity.render-pipelines.universal/Runtime/Settings/URPReflectionProbeSettings.cs - Importer: ScriptedImporter/UnityEditor.QuickSearchModule:UnityEditor.Search:ASIAI0B
Importing 'GUID: 35922f772e2f746e0a76b49701b8c04a - Path: Packages/com.unity.render-pipelines.universal/Runtime/Settings/URPReflectionProbeSettings.cs - Importer: ScriptedImporter/UnityEditor.QuickSearchModule:UnityEditor.Search:ASIAI0B' with importer (ScriptedImporter : UnityEditor.QuickSearchModule:UnityEditor.Search:ASIAI0B)
Imported 'GUID: 35922f772e2f746e0a76b49701b8c04a' -> (Import Result ID: '347e9b0dd06a083dbe53cb32dc516746') in 0.004 seconds [static and dynamic dependencies]. Details - ImportResultOutputID=5d2e0f00f74d7328fe4ab06381ef6383 DependenciesID=523d9f5ac1d5a2dd04a61817dd797662 StaticDependenciesID=343cc7e71ba7e50f2f5d4abc5f102f6a 
Number of updated asset objects reloaded before import = 0
Number of asset objects unloaded after import = 0
========================================================================
Received Import Request.
  Time of request: 2026-09-04T15:31:57.7518111Z
  Time since last request: 0.0003076 seconds.
  importAddress: GUID: b1021b0cb21b45b7b3e8e22788703471 - Path: Packages/com.unity.render-pipelines.universal/Runtime/Tiling/TilingJob.cs - Importer: ScriptedImporter/UnityEditor.QuickSearchModule:UnityEditor.Search:ASIAI0B
Importing 'GUID: b1021b0cb21b45b7b3e8e22788703471 - Path: Packages/com.unity.render-pipelines.universal/Runtime/Tiling/TilingJob.cs - Importer: ScriptedImporter/UnityEditor.QuickSearchModule:UnityEditor.Search:ASIAI0B' with importer (ScriptedImporter : UnityEditor.QuickSearchModule:UnityEditor.Search:ASIAI0B)
Imported 'GUID: b1021b0cb21b45b7b3e8e22788703471' -> (Import Result ID: '5412d0634d94c914fac13f88c65f59ad') in 0.004 seconds [static and dynamic dependencies]. Details - ImportResultOutputID=72b78bcd007aa79d556d63435b786353 DependenciesID=1c5a0a54463e579e7e75520136ea154f StaticDependenciesID=e674dda25e224bde39740576459458b8 
Number of updated asset objects reloaded before import = 0
Number of asset objects unloaded after import = 0
========================================================================
Received Import Request.
  Time of request: 2026-09-04T15:31:57.762841Z
  Time since last request: 0.0002292 seconds.
  importAddress: GUID: edba24b6007b9dd41824b4656ed8ebcf - Path: Packages/com.unity.render-pipelines.universal/Runtime/Passes/ScriptableRenderPass.cs - Importer: ScriptedImporter/UnityEditor.QuickSearchModule:UnityEditor.Search:ASIAI0B
Importing 'GUID: edba24b6007b9dd41824b4656ed8ebcf - Path: Packages/com.unity.render-pipelines.universal/Runtime/Passes/ScriptableRenderPass.cs - Importer: ScriptedImporter/UnityEditor.QuickSearchModule:UnityEditor.Search:ASIAI0B' with importer (ScriptedImporter : UnityEditor.QuickSearchModule:UnityEditor.Search:ASIAI0B)
Imported 'GUID: edba24b6007b9dd41824b4656ed8ebcf' -> (Import Result ID: '18775001bc38e83e945006a729de0ed2') in 0.005 seconds [static and dynamic dependencies]. Details - ImportResultOutputID=c4ff52841cecb3056aa75d37cc48b519 DependenciesID=ebb52f7b25f51a2ab52061277770f366 StaticDependenciesID=8425409eb41c33353cf4effa35893bfb 
Number of updated asset objects reloaded before import = 0
Number of asset objects unloaded after import = 0
========================================================================
Received Import Request.
  Time of request: 2026-09-04T15:31:57.7755933Z
  Time since last request: 0.0005519 seconds.
  importAddress: GUID: 0cf625ee415e13145960c2d843523d39 - Path: Packages/com.unity.render-pipelines.universal/Runtime/Settings/RenderGraphSettings.cs - Importer: ScriptedImporter/UnityEditor.QuickSearchModule:UnityEditor.Search:ASIAI0B
Importing 'GUID: 0cf625ee415e13145960c2d843523d39 - Path: Packages/com.unity.render-pipelines.universal/Runtime/Settings/RenderGraphSettings.cs - Importer: ScriptedImporter/UnityEditor.QuickSearchModule:UnityEditor.Search:ASIAI0B' with importer (ScriptedImporter : UnityEditor.QuickSearchModule:UnityEditor.Search:ASIAI0B)
Imported 'GUID: 0cf625ee415e13145960c2d843523d39' -> (Import Result ID: '326f07e09375620dcfa9694c2dd6aaf9') in 0.004 seconds [static and dynamic dependencies]. Details - ImportResultOutputID=ed27b822233a248cd8a1435549fbe446 DependenciesID=21670546275e766ee95f87a5e4aa8561 StaticDependenciesID=5b4390140ceb1873e01b2545fa2a1e09 
Number of updated asset objects reloaded before import = 0
Number of asset objects unloaded after import = 0
========================================================================
Received Import Request.
  Time of request: 2026-09-04T15:31:57.7872477Z
  Time since last request: 0.0002334 seconds.
  importAddress: GUID: 666fd5e17c3205e469d806ca3f160378 - Path: Packages/com.unity.render-pipelines.universal/Runtime/RendererFeatures/FullScreenPassRendererFeature.migration.cs - Importer: ScriptedImporter/UnityEditor.QuickSearchModule:UnityEditor.Search:ASIAI0B
Importing 'GUID: 666fd5e17c3205e469d806ca3f160378 - Path: Packages/com.unity.render-pipelines.universal/Runtime/RendererFeatures/FullScreenPassRendererFeature.migration.cs - Importer: ScriptedImporter/UnityEditor.QuickSearchModule:UnityEditor.Search:ASIAI0B' with importer (ScriptedImporter : UnityEditor.QuickSearchModule:UnityEditor.Search:ASIAI0B)
Imported 'GUID: 666fd5e17c3205e469d806ca3f160378' -> (Import Result ID: 'b7c6a95c52e22cf5c5e833481e02fccf') in 0.004 seconds [static and dynamic dependencies]. Details - ImportResultOutputID=4664097442a4b5379d0ed5942cddcc98 DependenciesID=e6147a339b298c886dd2010d4b555dca StaticDependenciesID=20ce4b6cf3b69adf6dc85cf5acf0781f 
Number of updated asset objects reloaded before import = 0
Number of asset objects unloaded after import = 0
========================================================================
Received Import Request.
  Time of request: 2026-09-04T15:31:57.8006342Z
  Time since last request: 0.0002933 seconds.
  importAddress: GUID: dbd10d839f22d4127aeb9851dfed8caa - Path: Packages/com.unity.render-pipelines.universal/Runtime/Passes/RenderObjectsPass.cs - Importer: ScriptedImporter/UnityEditor.QuickSearchModule:UnityEditor.Search:ASIAI0B
Importing 'GUID: dbd10d839f22d4127aeb9851dfed8caa - Path: Packages/com.unity.render-pipelines.universal/Runtime/Passes/RenderObjectsPass.cs - Importer: ScriptedImporter/UnityEditor.QuickSearchModule:UnityEditor.Search:ASIAI0B' with importer (ScriptedImporter : UnityEditor.QuickSearchModule:UnityEditor.Search:ASIAI0B)
Imported 'GUID: dbd10d839f22d4127aeb9851dfed8caa' -> (Import Result ID: 'd215b26333c581741a8aa89c4ab8e933') in 0.005 seconds [static and dynamic dependencies]. Details - ImportResultOutputID=4a4bb6b139eca11a81b99843159f2883 DependenciesID=9debbf0d9d2d0e501f5e2891e69c7fba StaticDependenciesID=be25646db2b2b91e53fc6cc36cbd381e 
Number of updated asset objects reloaded before import = 0
Number of asset objects unloaded after import = 0
========================================================================
Received Import Request.
  Time of request: 2026-09-04T15:31:57.8152664Z
  Time since last request: 0.0004279 seconds.
  importAddress: GUID: 9d476ba138cb60c49a03d544270271d5 - Path: Packages/com.unity.render-pipelines.universal/Runtime/XR/XRSystemUniversal.cs - Importer: ScriptedImporter/UnityEditor.QuickSearchModule:UnityEditor.Search:ASIAI0B
Importing 'GUID: 9d476ba138cb60c49a03d544270271d5 - Path: Packages/com.unity.render-pipelines.universal/Runtime/XR/XRSystemUniversal.cs - Importer: ScriptedImporter/UnityEditor.QuickSearchModule:UnityEditor.Search:ASIAI0B' with importer (ScriptedImporter : UnityEditor.QuickSearchModule:UnityEditor.Search:ASIAI0B)
Imported 'GUID: 9d476ba138cb60c49a03d544270271d5' -> (Import Result ID: '98bd2c74980d83213361268e54789512') in 0.004 seconds [static and dynamic dependencies]. Details - ImportResultOutputID=d00648267c64ecffe85b1f73120555b2 DependenciesID=24f5beaf39817cb9485e8ebeb35bbac7 StaticDependenciesID=cab8f273196458e88f34eaa64f70ff91 
Number of updated asset objects reloaded before import = 0
Number of asset objects unloaded after import = 0
========================================================================
Received Import Request.
  Time of request: 2026-09-04T15:31:57.8279139Z
  Time since last request: 0.0002633 seconds.
  importAddress: GUID: 4bcbfb254d9395f439b5d8a711e29acd - Path: Packages/com.unity.render-pipelines.universal/Runtime/Passes/HDRDebugViewPass.cs - Importer: ScriptedImporter/UnityEditor.QuickSearchModule:UnityEditor.Search:ASIAI0B
Importing 'GUID: 4bcbfb254d9395f439b5d8a711e29acd - Path: Packages/com.unity.render-pipelines.universal/Runtime/Passes/HDRDebugViewPass.cs - Importer: ScriptedImporter/UnityEditor.QuickSearchModule:UnityEditor.Search:ASIAI0B' with importer (ScriptedImporter : UnityEditor.QuickSearchModule:UnityEditor.Search:ASIAI0B)
Imported 'GUID: 4bcbfb254d9395f439b5d8a711e29acd' -> (Import Result ID: '1af83b54ee3ac224b86046b815171c75') in 0.004 seconds [static and dynamic dependencies]. Details - ImportResultOutputID=d1a4bd3b8556e0248cfb260803401eca DependenciesID=083e3232a4d4303a5a60ab8db93c2ed8 StaticDependenciesID=dd8d1afec5a3a13afff05a1863b3dbd0 
Number of updated asset objects reloaded before import = 0
Number of asset objects unloaded after import = 0
========================================================================
Received Import Request.
  Time of request: 2026-09-04T15:31:57.8412029Z
  Time since last request: 0.0010237 seconds.
  importAddress: GUID: 441892941e4fc954694acc03c8d2ef84 - Path: Packages/com.unity.render-pipelines.universal/Runtime/RenderPipelineResources/UniversalRenderPipelineRuntimeShaders.cs - Importer: ScriptedImporter/UnityEditor.QuickSearchModule:UnityEditor.Search:ASIAI0B
Importing 'GUID: 441892941e4fc954694acc03c8d2ef84 - Path: Packages/com.unity.render-pipelines.universal/Runtime/RenderPipelineResources/UniversalRenderPipelineRuntimeShaders.cs - Importer: ScriptedImporter/UnityEditor.QuickSearchModule:UnityEditor.Search:ASIAI0B' with importer (ScriptedImporter : UnityEditor.QuickSearchModule:UnityEditor.Search:ASIAI0B)
Imported 'GUID: 441892941e4fc954694acc03c8d2ef84' -> (Import Result ID: '98619b619c7739210c5178666b8ca5ed') in 0.005 seconds [static and dynamic dependencies]. Details - ImportResultOutputID=b6a7aca1ef2b58d9cd8c8f7b0b3277ab DependenciesID=30f1be2fa7bedf83d5589b64d3bd9f23 StaticDependenciesID=3fe0df891bd220a1e41775b8cb80049b 
Number of updated asset objects reloaded before import = 0
Number of asset objects unloaded after import = 0
========================================================================
Received Import Request.
  Time of request: 2026-09-04T15:31:57.8550745Z
  Time since last request: 0.0003554 seconds.
  importAddress: GUID: b66efce03c1804a4fbef78cccf176e4d - Path: Packages/com.unity.render-pipelines.universal/Runtime/Passes/FinalBlitPass.cs - Importer: ScriptedImporter/UnityEditor.QuickSearchModule:UnityEditor.Search:ASIAI0B
Importing 'GUID: b66efce03c1804a4fbef78cccf176e4d - Path: Packages/com.unity.render-pipelines.universal/Runtime/Passes/FinalBlitPass.cs - Importer: ScriptedImporter/UnityEditor.QuickSearchModule:UnityEditor.Search:ASIAI0B' with importer (ScriptedImporter : UnityEditor.QuickSearchModule:UnityEditor.Search:ASIAI0B)
Imported 'GUID: b66efce03c1804a4fbef78cccf176e4d' -> (Import Result ID: 'abcdd5d120e83625c513a1e5b532fac5') in 0.004 seconds [static and dynamic dependencies]. Details - ImportResultOutputID=1dcc14c6f951f88d9f6a48c0a0aec34f DependenciesID=93a701d8a14f75b7f539288f42f800ab StaticDependenciesID=baa78ab446f99b8c311cd0293805106a 
Number of updated asset objects reloaded before import = 0
Number of asset objects unloaded after import = 0
========================================================================
Received Import Request.
  Time of request: 2026-09-04T15:31:57.8674949Z
  Time since last request: 0.0002542 seconds.
  importAddress: GUID: 448811f26ae38ae4cbb2edb0d2b9186c - Path: Packages/com.unity.render-pipelines.universal/ShaderLibrary/Debug/DebugViewEnums.cs.hlsl - Importer: ScriptedImporter/UnityEditor.QuickSearchModule:UnityEditor.Search:ASIAI0B
Importing 'GUID: 448811f26ae38ae4cbb2edb0d2b9186c - Path: Packages/com.unity.render-pipelines.universal/ShaderLibrary/Debug/DebugViewEnums.cs.hlsl - Importer: ScriptedImporter/UnityEditor.QuickSearchModule:UnityEditor.Search:ASIAI0B' with importer (ScriptedImporter : UnityEditor.QuickSearchModule:UnityEditor.Search:ASIAI0B)
Imported 'GUID: 448811f26ae38ae4cbb2edb0d2b9186c' -> (Import Result ID: '4a558becbb7b56b11c680fe236fd07d7') in 0.004 seconds [static and dynamic dependencies]. Details - ImportResultOutputID=d85d924fee14cd2091d6347899ff10cb DependenciesID=66a1fdfda7fea4347e3afe6f2f548b07 StaticDependenciesID=d910ac3a92c47d927eb49a8daf6f81e0 
Number of updated asset objects reloaded before import = 0
Number of asset objects unloaded after import = 1
========================================================================
Received Import Request.
  Time of request: 2026-09-04T15:31:57.8807971Z
  Time since last request: 0.0003093 seconds.
  importAddress: GUID: 10e31bb2e2b26314bb6132009378847c - Path: Packages/com.unity.render-pipelines.universal/Runtime/Passes/GBufferPass.cs - Importer: ScriptedImporter/UnityEditor.QuickSearchModule:UnityEditor.Search:ASIAI0B
Importing 'GUID: 10e31bb2e2b26314bb6132009378847c - Path: Packages/com.unity.render-pipelines.universal/Runtime/Passes/GBufferPass.cs - Importer: ScriptedImporter/UnityEditor.QuickSearchModule:UnityEditor.Search:ASIAI0B' with importer (ScriptedImporter : UnityEditor.QuickSearchModule:UnityEditor.Search:ASIAI0B)
Imported 'GUID: 10e31bb2e2b26314bb6132009378847c' -> (Import Result ID: 'f456e580c66a5cceb56bc597d900687b') in 0.004 seconds [static and dynamic dependencies]. Details - ImportResultOutputID=2cd84646b905e4218f893843cba8aa9f DependenciesID=f53ee42d981f4c7038f249364e1d8c5c StaticDependenciesID=481f1811ce6d2e5c2507b643c8ed8d00 
Number of updated asset objects reloaded before import = 0
Number of asset objects unloaded after import = 0
========================================================================
Received Import Request.
  Time of request: 2026-09-04T15:31:57.8927715Z
  Time since last request: 0.0002927 seconds.
  importAddress: GUID: a419d344c87843af8e1ce2e8c571fcb6 - Path: Packages/com.unity.render-pipelines.universal/ShaderLibrary/Debug/DebuggingCommon.hlsl - Importer: ScriptedImporter/UnityEditor.QuickSearchModule:UnityEditor.Search:ASIAI0B
Importing 'GUID: a419d344c87843af8e1ce2e8c571fcb6 - Path: Packages/com.unity.render-pipelines.universal/ShaderLibrary/Debug/DebuggingCommon.hlsl - Importer: ScriptedImporter/UnityEditor.QuickSearchModule:UnityEditor.Search:ASIAI0B' with importer (ScriptedImporter : UnityEditor.QuickSearchModule:UnityEditor.Search:ASIAI0B)
Imported 'GUID: a419d344c87843af8e1ce2e8c571fcb6' -> (Import Result ID: 'e1286b25f4958738b2b8fde16084f1fa') in 0.004 seconds [static and dynamic dependencies]. Details - ImportResultOutputID=224c66a00da04f998a69800dff2c91c1 DependenciesID=00172a11bc45bc0a700bd95e1c6f9420 StaticDependenciesID=01a71a7c7e6b7211080dea3de1383e13 
Number of updated asset objects reloaded before import = 0
Number of asset objects unloaded after import = 1
========================================================================
Received Import Request.
  Time of request: 2026-09-04T15:31:57.9047688Z
  Time since last request: 0.0002786 seconds.
  importAddress: GUID: 4203f0a40f114a18a614d8fa38c29be9 - Path: Packages/com.unity.render-pipelines.universal/ShaderLibrary/Debug/DebuggingFullscreen.hlsl - Importer: ScriptedImporter/UnityEditor.QuickSearchModule:UnityEditor.Search:ASIAI0B
Importing 'GUID: 4203f0a40f114a18a614d8fa38c29be9 - Path: Packages/com.unity.render-pipelines.universal/ShaderLibrary/Debug/DebuggingFullscreen.hlsl - Importer: ScriptedImporter/UnityEditor.QuickSearchModule:UnityEditor.Search:ASIAI0B' with importer (ScriptedImporter : UnityEditor.QuickSearchModule:UnityEditor.Search:ASIAI0B)
Imported 'GUID: 4203f0a40f114a18a614d8fa38c29be9' -> (Import Result ID: '8b304c53ed8dc559ee2a6a9590c656da') in 0.005 seconds [static and dynamic dependencies]. Details - ImportResultOutputID=f907cc020b2ce38ad59d58056b65c4db DependenciesID=9d7df13d12a4d6c880c12f2b520942aa StaticDependenciesID=1eaaa75aee7e532c39c2b63c25c469d6 
Number of updated asset objects reloaded before import = 0
Number of asset objects unloaded after import = 1
========================================================================
Received Import Request.
  Time of request: 2026-09-04T15:31:57.9333604Z
  Time since last request: 0.0158473 seconds.
  importAddress: GUID: 65df88701913c224d95fc554db28381a - Path: Packages/com.unity.render-pipelines.universal/Shaders/PostProcessing/LutBuilderLdr.shader - Importer: ScriptedImporter/UnityEditor.QuickSearchModule:UnityEditor.Search:ASIAI0B
Importing 'GUID: 65df88701913c224d95fc554db28381a - Path: Packages/com.unity.render-pipelines.universal/Shaders/PostProcessing/LutBuilderLdr.shader - Importer: ScriptedImporter/UnityEditor.QuickSearchModule:UnityEditor.Search:ASIAI0B' with importer (ScriptedImporter : UnityEditor.QuickSearchModule:UnityEditor.Search:ASIAI0B)
Imported 'GUID: 65df88701913c224d95fc554db28381a' -> (Import Result ID: '69393dc6e6a62f1090b1cd73a290f1b9') in 0.009 seconds [static and dynamic dependencies]. Details - ImportResultOutputID=df8e10b00a85719b6ef971594b53e5de DependenciesID=0e6008cb19c9693f8a9dd1f1e649b485 StaticDependenciesID=fb155d237a6dda6779bed0ffe5d6aeef 
Number of updated asset objects reloaded before import = 0
Number of asset objects unloaded after import = 1
========================================================================
Received Import Request.
  Time of request: 2026-09-04T15:31:57.9490645Z
  Time since last request: 0.0002613 seconds.
  importAddress: GUID: ca0e14e5bf6ac934086f42ca329f4ef1 - Path: Packages/com.unity.render-pipelines.universal/Shaders/Particles/ParticlesSimpleLitGBufferPass.hlsl - Importer: ScriptedImporter/UnityEditor.QuickSearchModule:UnityEditor.Search:ASIAI0B
Importing 'GUID: ca0e14e5bf6ac934086f42ca329f4ef1 - Path: Packages/com.unity.render-pipelines.universal/Shaders/Particles/ParticlesSimpleLitGBufferPass.hlsl - Importer: ScriptedImporter/UnityEditor.QuickSearchModule:UnityEditor.Search:ASIAI0B' with importer (ScriptedImporter : UnityEditor.QuickSearchModule:UnityEditor.Search:ASIAI0B)
Imported 'GUID: ca0e14e5bf6ac934086f42ca329f4ef1' -> (Import Result ID: '011548843791fc5cede954ef3c726b72') in 0.004 seconds [static and dynamic dependencies]. Details - ImportResultOutputID=c06ddab96a59272cc1b74bab967cec26 DependenciesID=9a84c60c12f432bbe990c21805b0e933 StaticDependenciesID=fa77255eaf14cfa976c7a77bd0805f9f 
Number of updated asset objects reloaded before import = 0
Number of asset objects unloaded after import = 1
========================================================================
Received Import Request.
  Time of request: 2026-09-04T15:31:57.9602704Z
  Time since last request: 0.0002328 seconds.
  importAddress: GUID: 44fc62292b65ab04eabcf310e799ccf6 - Path: Packages/com.unity.render-pipelines.universal/Shaders/2D/Shadow2D-Shadow-Sprite.shader - Importer: ScriptedImporter/UnityEditor.QuickSearchModule:UnityEditor.Search:ASIAI0B
Importing 'GUID: 44fc62292b65ab04eabcf310e799ccf6 - Path: Packages/com.unity.render-pipelines.universal/Shaders/2D/Shadow2D-Shadow-Sprite.shader - Importer: ScriptedImporter/UnityEditor.QuickSearchModule:UnityEditor.Search:ASIAI0B' with importer (ScriptedImporter : UnityEditor.QuickSearchModule:UnityEditor.Search:ASIAI0B)
Imported 'GUID: 44fc62292b65ab04eabcf310e799ccf6' -> (Import Result ID: '66a028c6b1fd99183e9b23d5e452e472') in 0.005 seconds [static and dynamic dependencies]. Details - ImportResultOutputID=e6fcac88af45fbf11a824f1466f667e1 DependenciesID=bb08563f7e18167a2c364b5783072635 StaticDependenciesID=f61fc6b040e9f8b661f744d25b438594 
Number of updated asset objects reloaded before import = 0
Number of asset objects unloaded after import = 1
========================================================================
Received Import Request.
  Time of request: 2026-09-04T15:31:57.9727349Z
  Time since last request: 0.000158 seconds.
  importAddress: GUID: ce09d4a80b88c5a4eb9768fab4f1ee00 - Path: Packages/com.unity.render-pipelines.universal/Shaders/2D/Shadow2D-Projected.shader - Importer: ScriptedImporter/UnityEditor.QuickSearchModule:UnityEditor.Search:ASIAI0B
Importing 'GUID: ce09d4a80b88c5a4eb9768fab4f1ee00 - Path: Packages/com.unity.render-pipelines.universal/Shaders/2D/Shadow2D-Projected.shader - Importer: ScriptedImporter/UnityEditor.QuickSearchModule:UnityEditor.Search:ASIAI0B' with importer (ScriptedImporter : UnityEditor.QuickSearchModule:UnityEditor.Search:ASIAI0B)
Imported 'GUID: ce09d4a80b88c5a4eb9768fab4f1ee00' -> (Import Result ID: '0e9c550e5951f2a1719f9b80f0ba5ed8') in 0.004 seconds [static and dynamic dependencies]. Details - ImportResultOutputID=dbf4d2e33a204d2018597b9d56bd1b4d DependenciesID=2da2bf5cd20943751f46184ede922f7f StaticDependenciesID=a501391e9343c18bbc9daeae8a710277 
Number of updated asset objects reloaded before import = 0
Number of asset objects unloaded after import = 1
========================================================================
Received Import Request.
  Time of request: 2026-09-04T15:31:57.9846456Z
  Time since last request: 0.0002151 seconds.
  importAddress: GUID: 53626a513ea68ce47b59dc1299fe3959 - Path: Packages/com.unity.render-pipelines.universal/Shaders/Debug/ProbeVolumeSamplingDebugPositionNormal.compute - Importer: ScriptedImporter/UnityEditor.QuickSearchModule:UnityEditor.Search:ASIAI0B
Importing 'GUID: 53626a513ea68ce47b59dc1299fe3959 - Path: Packages/com.unity.render-pipelines.universal/Shaders/Debug/ProbeVolumeSamplingDebugPositionNormal.compute - Importer: ScriptedImporter/UnityEditor.QuickSearchModule:UnityEditor.Search:ASIAI0B' with importer (ScriptedImporter : UnityEditor.QuickSearchModule:UnityEditor.Search:ASIAI0B)
Imported 'GUID: 53626a513ea68ce47b59dc1299fe3959' -> (Import Result ID: '58c8b9cd305116aee141b0d052d15e68') in 0.004 seconds [static and dynamic dependencies]. Details - ImportResultOutputID=8b6fbc46b79ecfcbf7b2d8db779cde40 DependenciesID=931c183f892dd757dcb8eec943d4dec9 StaticDependenciesID=760137153808f96ae4a3bd8233feed9e 
Number of updated asset objects reloaded before import = 0
Number of asset objects unloaded after import = 1
========================================================================
Received Import Request.
  Time of request: 2026-09-04T15:31:57.9953768Z
  Time since last request: 0.0001978 seconds.
  importAddress: GUID: 562b7ae4f629f144aa97780546fce7c6 - Path: Packages/com.unity.render-pipelines.universal/Shaders/PostProcessing/EdgeAdaptiveSpatialUpsampling.shader - Importer: ScriptedImporter/UnityEditor.QuickSearchModule:UnityEditor.Search:ASIAI0B
Importing 'GUID: 562b7ae4f629f144aa97780546fce7c6 - Path: Packages/com.unity.render-pipelines.universal/Shaders/PostProcessing/EdgeAdaptiveSpatialUpsampling.shader - Importer: ScriptedImporter/UnityEditor.QuickSearchModule:UnityEditor.Search:ASIAI0B' with importer (ScriptedImporter : UnityEditor.QuickSearchModule:UnityEditor.Search:ASIAI0B)
Imported 'GUID: 562b7ae4f629f144aa97780546fce7c6' -> (Import Result ID: '0a2e2d442960125905744b3ee2f2a193') in 0.004 seconds [static and dynamic dependencies]. Details - ImportResultOutputID=1285a494b2ee1425099d36d06bccd32c DependenciesID=75543f779996e6e0faa3fd84f23e84a4 StaticDependenciesID=2aecfdfed3eec9c9df1324426bf43d83 
Number of updated asset objects reloaded before import = 0
Number of asset objects unloaded after import = 1
========================================================================
Received Import Request.
  Time of request: 2026-09-04T15:31:58.0063435Z
  Time since last request: 0.0002492 seconds.
  importAddress: GUID: eaaf2a45502c59c4e907088b5f034c0c - Path: Packages/com.unity.render-pipelines.universal/Shaders/PostProcessing/Common.hlsl - Importer: ScriptedImporter/UnityEditor.QuickSearchModule:UnityEditor.Search:ASIAI0B
Importing 'GUID: eaaf2a45502c59c4e907088b5f034c0c - Path: Packages/com.unity.render-pipelines.universal/Shaders/PostProcessing/Common.hlsl - Importer: ScriptedImporter/UnityEditor.QuickSearchModule:UnityEditor.Search:ASIAI0B' with importer (ScriptedImporter : UnityEditor.QuickSearchModule:UnityEditor.Search:ASIAI0B)
Imported 'GUID: eaaf2a45502c59c4e907088b5f034c0c' -> (Import Result ID: 'de62edae0911199157631a61b49d7f19') in 0.004 seconds [static and dynamic dependencies]. Details - ImportResultOutputID=b620084ef20197e65b9c024cac86a84c DependenciesID=640c47517c9fc12d517f5c7228979511 StaticDependenciesID=03e5c6bc407d7bb1c119b8644e00aa22 
Number of updated asset objects reloaded before import = 0
Number of asset objects unloaded after import = 1
========================================================================
Received Import Request.
  Time of request: 2026-09-04T15:31:58.0185143Z
  Time since last request: 0.0002583 seconds.
  importAddress: GUID: ec9fec698a3456d4fb18cf8bacb7a2bc - Path: Packages/com.unity.render-pipelines.universal/Shaders/PostProcessing/LutBuilderHdr.shader - Importer: ScriptedImporter/UnityEditor.QuickSearchModule:UnityEditor.Search:ASIAI0B
Importing 'GUID: ec9fec698a3456d4fb18cf8bacb7a2bc - Path: Packages/com.unity.render-pipelines.universal/Shaders/PostProcessing/LutBuilderHdr.shader - Importer: ScriptedImporter/UnityEditor.QuickSearchModule:UnityEditor.Search:ASIAI0B' with importer (ScriptedImporter : UnityEditor.QuickSearchModule:UnityEditor.Search:ASIAI0B)
Imported 'GUID: ec9fec698a3456d4fb18cf8bacb7a2bc' -> (Import Result ID: 'aa62c2749dc7d82ccae199c5bcd85020') in 0.005 seconds [static and dynamic dependencies]. Details - ImportResultOutputID=c569a3f61dee35757ae8284232f7f572 DependenciesID=53b69d6de937a87da99e1819e7849a6d StaticDependenciesID=05f630538fd984a3caf1ac42a0e4ed21 
Number of updated asset objects reloaded before import = 0
Number of asset objects unloaded after import = 1
========================================================================
Received Import Request.
  Time of request: 2026-09-04T15:31:58.0310676Z
  Time since last request: 0.0005467 seconds.
  importAddress: GUID: 394c5e9a352f74e998cb797d7aa461d4 - Path: Packages/com.unity.render-pipelines.universal/ShaderLibrary/LightCookie/LightCookieTypes.hlsl - Importer: ScriptedImporter/UnityEditor.QuickSearchModule:UnityEditor.Search:ASIAI0B
Importing 'GUID: 394c5e9a352f74e998cb797d7aa461d4 - Path: Packages/com.unity.render-pipelines.universal/ShaderLibrary/LightCookie/LightCookieTypes.hlsl - Importer: ScriptedImporter/UnityEditor.QuickSearchModule:UnityEditor.Search:ASIAI0B' with importer (ScriptedImporter : UnityEditor.QuickSearchModule:UnityEditor.Search:ASIAI0B)
Imported 'GUID: 394c5e9a352f74e998cb797d7aa461d4' -> (Import Result ID: '7557bbfae3d1862cb3925a9abf44d647') in 0.004 seconds [static and dynamic dependencies]. Details - ImportResultOutputID=8390721bf67ea1c9af0579be53407a12 DependenciesID=eed62ad0dcb5001f3de1ceffb19b6abf StaticDependenciesID=cec9061ffd996d2f0b9b6473b8f00a75 
Number of updated asset objects reloaded before import = 0
Number of asset objects unloaded after import = 1
========================================================================
Received Import Request.
  Time of request: 2026-09-04T15:31:58.0428379Z
  Time since last request: 0.0002282 seconds.
  importAddress: GUID: 8ba36b6596e931145bbad992032afb1a - Path: Packages/com.unity.render-pipelines.universal/Shaders/Nature/SpeedTree7BillboardPasses.hlsl - Importer: ScriptedImporter/UnityEditor.QuickSearchModule:UnityEditor.Search:ASIAI0B
Importing 'GUID: 8ba36b6596e931145bbad992032afb1a - Path: Packages/com.unity.render-pipelines.universal/Shaders/Nature/SpeedTree7BillboardPasses.hlsl - Importer: ScriptedImporter/UnityEditor.QuickSearchModule:UnityEditor.Search:ASIAI0B' with importer (ScriptedImporter : UnityEditor.QuickSearchModule:UnityEditor.Search:ASIAI0B)
Imported 'GUID: 8ba36b6596e931145bbad992032afb1a' -> (Import Result ID: '28ee4b99c71dc807b06a7bc41bd5c44c') in 0.004 seconds [static and dynamic dependencies]. Details - ImportResultOutputID=559ba3a878192eeec0040268b93f287c DependenciesID=7a3b81fc239f391549ee7649a332eb6b StaticDependenciesID=4cc5b0a90c9e1cfa5c3ce7cd65d0776a 
Number of updated asset objects reloaded before import = 0
Number of asset objects unloaded after import = 1
========================================================================
Received Import Request.
  Time of request: 2026-09-04T15:31:58.0557454Z
  Time since last request: 0.0002939 seconds.
  importAddress: GUID: 0f4122b9a743b744abe2fb6a0a88868b - Path: Packages/com.unity.render-pipelines.universal/Shaders/Nature/SpeedTree7.shader - Importer: ScriptedImporter/UnityEditor.QuickSearchModule:UnityEditor.Search:ASIAI0B
Importing 'GUID: 0f4122b9a743b744abe2fb6a0a88868b - Path: Packages/com.unity.render-pipelines.universal/Shaders/Nature/SpeedTree7.shader - Importer: ScriptedImporter/UnityEditor.QuickSearchModule:UnityEditor.Search:ASIAI0B' with importer (ScriptedImporter : UnityEditor.QuickSearchModule:UnityEditor.Search:ASIAI0B)
Imported 'GUID: 0f4122b9a743b744abe2fb6a0a88868b' -> (Import Result ID: 'bc57f81c1c35e34d5f87595f6fd8460f') in 0.005 seconds [static and dynamic dependencies]. Details - ImportResultOutputID=907d32a4b2a52db7a906f4287855ff94 DependenciesID=deed18e1919591e73bcdde174fe55e2b StaticDependenciesID=5467dddf051fb4308fbd1f0ea443c396 
Number of updated asset objects reloaded before import = 0
Number of asset objects unloaded after import = 1
========================================================================
Received Import Request.
  Time of request: 2026-09-04T15:31:58.0709553Z
  Time since last request: 0.0001844 seconds.
  importAddress: GUID: 8878828335bd847b493e10211fcbf825 - Path: Packages/com.unity.render-pipelines.universal/ShaderLibrary/LightCookie/LightCookie.hlsl - Importer: ScriptedImporter/UnityEditor.QuickSearchModule:UnityEditor.Search:ASIAI0B
Importing 'GUID: 8878828335bd847b493e10211fcbf825 - Path: Packages/com.unity.render-pipelines.universal/ShaderLibrary/LightCookie/LightCookie.hlsl - Importer: ScriptedImporter/UnityEditor.QuickSearchModule:UnityEditor.Search:ASIAI0B' with importer (ScriptedImporter : UnityEditor.QuickSearchModule:UnityEditor.Search:ASIAI0B)
Imported 'GUID: 8878828335bd847b493e10211fcbf825' -> (Import Result ID: '08c72cd7b3575ea46bdbaa559eeda653') in 0.004 seconds [static and dynamic dependencies]. Details - ImportResultOutputID=45bc5aa1f8a56d4dd7f40778be7b6339 DependenciesID=72fa0381222fe75ebc09c58964ba1835 StaticDependenciesID=fff8dbfc64ced0d032c2a69b13a4727f 
Number of updated asset objects reloaded before import = 0
Number of asset objects unloaded after import = 1
========================================================================
Received Import Request.
  Time of request: 2026-09-04T15:31:58.0832405Z
  Time since last request: 0.0002357 seconds.
  importAddress: GUID: 573620ae32aec764abd4d728906d2587 - Path: Packages/com.unity.render-pipelines.universal/Shaders/Debug/HDRDebugView.shader - Importer: ScriptedImporter/UnityEditor.QuickSearchModule:UnityEditor.Search:ASIAI0B
Importing 'GUID: 573620ae32aec764abd4d728906d2587 - Path: Packages/com.unity.render-pipelines.universal/Shaders/Debug/HDRDebugView.shader - Importer: ScriptedImporter/UnityEditor.QuickSearchModule:UnityEditor.Search:ASIAI0B' with importer (ScriptedImporter : UnityEditor.QuickSearchModule:UnityEditor.Search:ASIAI0B)
Imported 'GUID: 573620ae32aec764abd4d728906d2587' -> (Import Result ID: 'f0f533f422b7f0733ec1a786767a43de') in 0.005 seconds [static and dynamic dependencies]. Details - ImportResultOutputID=57dbd97c1dccebec861ea6d6743a8b8a DependenciesID=b84024f437735cdbe25a89cbc7a9c422 StaticDependenciesID=95e09698ba8888ac8b18f9bcecbb04aa 
Number of updated asset objects reloaded before import = 0
Number of asset objects unloaded after import = 1
========================================================================
Received Import Request.
  Time of request: 2026-09-04T15:31:58.0968984Z
  Time since last request: 0.000106 seconds.
  importAddress: GUID: 99134b1f0c27d54469a840832a28fadf - Path: Packages/com.unity.render-pipelines.universal/Shaders/Nature/SpeedTree8.shader - Importer: ScriptedImporter/UnityEditor.QuickSearchModule:UnityEditor.Search:ASIAI0B
Importing 'GUID: 99134b1f0c27d54469a840832a28fadf - Path: Packages/com.unity.render-pipelines.universal/Shaders/Nature/SpeedTree8.shader - Importer: ScriptedImporter/UnityEditor.QuickSearchModule:UnityEditor.Search:ASIAI0B' with importer (ScriptedImporter : UnityEditor.QuickSearchModule:UnityEditor.Search:ASIAI0B)
Imported 'GUID: 99134b1f0c27d54469a840832a28fadf' -> (Import Result ID: 'd87e23f9c84e505901da6081a8d3aeaa') in 0.005 seconds [static and dynamic dependencies]. Details - ImportResultOutputID=2f0a2fcd9d1b01287ac621484c6ba189 DependenciesID=022e87f47435b67f76e52b2e31093927 StaticDependenciesID=f8d903583daa613a9228ef4d98584899 
Number of updated asset objects reloaded before import = 0
Number of asset objects unloaded after import = 1
========================================================================
Received Import Request.
  Time of request: 2026-09-04T15:31:58.1110764Z
  Time since last request: 0.0003874 seconds.
  importAddress: GUID: b7839dad95683814aa64166edc107ae2 - Path: Packages/com.unity.render-pipelines.universal/Shaders/Particles/ParticlesLit.shader - Importer: ScriptedImporter/UnityEditor.QuickSearchModule:UnityEditor.Search:ASIAI0B
Importing 'GUID: b7839dad95683814aa64166edc107ae2 - Path: Packages/com.unity.render-pipelines.universal/Shaders/Particles/ParticlesLit.shader - Importer: ScriptedImporter/UnityEditor.QuickSearchModule:UnityEditor.Search:ASIAI0B' with importer (ScriptedImporter : UnityEditor.QuickSearchModule:UnityEditor.Search:ASIAI0B)
Imported 'GUID: b7839dad95683814aa64166edc107ae2' -> (Import Result ID: '033038e0c1a74853c77282ecab520e95') in 0.006 seconds [static and dynamic dependencies]. Details - ImportResultOutputID=7b07b318e7d638166aba052c35e12dd0 DependenciesID=ba9beafdee8988cdd8f0f7371d4362fc StaticDependenciesID=8a9a41ad403db778e3ef769d2e01646c 
Number of updated asset objects reloaded before import = 0
Number of asset objects unloaded after import = 1
========================================================================
Received Import Request.
  Time of request: 2026-09-04T15:31:58.1293178Z
  Time since last request: 0.000277 seconds.
  importAddress: GUID: d7288f66e4fb0634c9afef98c31b722a - Path: Packages/com.unity.render-pipelines.universal/Shaders/2D/VFXSpriteUnlit.shadergraph - Importer: ScriptedImporter/UnityEditor.QuickSearchModule:UnityEditor.Search:ASIAI0B
Importing 'GUID: d7288f66e4fb0634c9afef98c31b722a - Path: Packages/com.unity.render-pipelines.universal/Shaders/2D/VFXSpriteUnlit.shadergraph - Importer: ScriptedImporter/UnityEditor.QuickSearchModule:UnityEditor.Search:ASIAI0B' with importer (ScriptedImporter : UnityEditor.QuickSearchModule:UnityEditor.Search:ASIAI0B)
Imported 'GUID: d7288f66e4fb0634c9afef98c31b722a' -> (Import Result ID: '66e2ed6d980c2149fe3626ccaa5c047d') in 0.017 seconds [static and dynamic dependencies]. Details - ImportResultOutputID=8ff9dd1daedd8b03d49c894ca4b62d39 DependenciesID=3313dad913c2448c6a848b8ee4d88f34 StaticDependenciesID=c5ecb6a7deb0300460aac21669a4f4b8 
Number of updated asset objects reloaded before import = 0
Number of asset objects unloaded after import = 4
========================================================================
Received Import Request.
  Time of request: 2026-09-04T15:31:58.1546408Z
  Time since last request: 0.0001221 seconds.
  importAddress: GUID: 24a73dccd7b6fad4798be282f96a21f4 - Path: Packages/com.unity.render-pipelines.universal/Shaders/2D/VFXSpriteLit.shadergraph - Importer: ScriptedImporter/UnityEditor.QuickSearchModule:UnityEditor.Search:ASIAI0B
Importing 'GUID: 24a73dccd7b6fad4798be282f96a21f4 - Path: Packages/com.unity.render-pipelines.universal/Shaders/2D/VFXSpriteLit.shadergraph - Importer: ScriptedImporter/UnityEditor.QuickSearchModule:UnityEditor.Search:ASIAI0B' with importer (ScriptedImporter : UnityEditor.QuickSearchModule:UnityEditor.Search:ASIAI0B)
Imported 'GUID: 24a73dccd7b6fad4798be282f96a21f4' -> (Import Result ID: 'd7f1fb691b46f20c494554fa3c4a9c38') in 0.008 seconds [static and dynamic dependencies]. Details - ImportResultOutputID=95d7caa0edff822803bf90bcc851d2d7 DependenciesID=0e00bcb7661cb5cbb10b593f725fe475 StaticDependenciesID=257e33a15fb09b06acf849d5455a2ad3 
Number of updated asset objects reloaded before import = 0
Number of asset objects unloaded after import = 4
========================================================================
Received Import Request.
  Time of request: 2026-09-04T15:31:58.1716439Z
  Time since last request: 0.0001137 seconds.
  importAddress: GUID: 13c02b14c4d048fa9653293d54f6e0e1 - Path: Packages/com.unity.render-pipelines.universal/Shaders/2D/Sprite-Unlit-Default.shader - Importer: ScriptedImporter/UnityEditor.QuickSearchModule:UnityEditor.Search:ASIAI0B
Importing 'GUID: 13c02b14c4d048fa9653293d54f6e0e1 - Path: Packages/com.unity.render-pipelines.universal/Shaders/2D/Sprite-Unlit-Default.shader - Importer: ScriptedImporter/UnityEditor.QuickSearchModule:UnityEditor.Search:ASIAI0B' with importer (ScriptedImporter : UnityEditor.QuickSearchModule:UnityEditor.Search:ASIAI0B)
Imported 'GUID: 13c02b14c4d048fa9653293d54f6e0e1' -> (Import Result ID: 'bad76dd1f146f08116444876ef8a96fb') in 0.005 seconds [static and dynamic dependencies]. Details - ImportResultOutputID=536dec805748359ab083993fe562fbdd DependenciesID=5dce828c849ca20fa13358da6c9ea468 StaticDependenciesID=90ffd9ef6d8046f216df7cc10718b949 
Number of updated asset objects reloaded before import = 0
Number of asset objects unloaded after import = 1
========================================================================
Received Import Request.
  Time of request: 2026-09-04T15:31:58.196628Z
  Time since last request: 0.0114064 seconds.
  importAddress: GUID: 7bd051581c284375b0ba2d185aca3541 - Path: Packages/com.unity.render-pipelines.universal/Tests/Editor/RenderingLayersTests.cs - Importer: ScriptedImporter/UnityEditor.QuickSearchModule:UnityEditor.Search:ASIAI0B
Importing 'GUID: 7bd051581c284375b0ba2d185aca3541 - Path: Packages/com.unity.render-pipelines.universal/Tests/Editor/RenderingLayersTests.cs - Importer: ScriptedImporter/UnityEditor.QuickSearchModule:UnityEditor.Search:ASIAI0B' with importer (ScriptedImporter : UnityEditor.QuickSearchModule:UnityEditor.Search:ASIAI0B)
Imported 'GUID: 7bd051581c284375b0ba2d185aca3541' -> (Import Result ID: 'bf909b3d97f2cadd73102a0f3b37b4d5') in 0.004 seconds [static and dynamic dependencies]. Details - ImportResultOutputID=0515f7852db115818e5cde4daf98beea DependenciesID=1fdbaf409e76ffbb0ce7ee4ac05d6714 StaticDependenciesID=6a396bde724c9d54c036a643f0a61f26 
Number of updated asset objects reloaded before import = 0
Number of asset objects unloaded after import = 0
========================================================================
Received Import Request.
  Time of request: 2026-09-04T15:31:58.2085503Z
  Time since last request: 0.0002693 seconds.
  importAddress: GUID: 9c70c1a35ff15f340b38ea84842358bf - Path: Packages/com.unity.render-pipelines.universal/Shaders/PostProcessing/TemporalAA.shader - Importer: ScriptedImporter/UnityEditor.QuickSearchModule:UnityEditor.Search:ASIAI0B
Importing 'GUID: 9c70c1a35ff15f340b38ea84842358bf - Path: Packages/com.unity.render-pipelines.universal/Shaders/PostProcessing/TemporalAA.shader - Importer: ScriptedImporter/UnityEditor.QuickSearchModule:UnityEditor.Search:ASIAI0B' with importer (ScriptedImporter : UnityEditor.QuickSearchModule:UnityEditor.Search:ASIAI0B)
Imported 'GUID: 9c70c1a35ff15f340b38ea84842358bf' -> (Import Result ID: '6a4db2808d496dc675b26e5e391804d3') in 0.016 seconds [static and dynamic dependencies]. Details - ImportResultOutputID=ad675a1fe17747acf0097c7b3af55113 DependenciesID=62dcc156286739c367c35db81a069628 StaticDependenciesID=e2cf2a43d4cce6f09ddb180bd4ff2e39 
Number of updated asset objects reloaded before import = 0
Number of asset objects unloaded after import = 1
========================================================================
Received Import Request.
  Time of request: 2026-09-04T15:31:58.2345028Z
  Time since last request: 0.0003573 seconds.
  importAddress: GUID: 0c5832a72145a5b49a1b64a21a609bb4 - Path: Packages/com.unity.render-pipelines.universal/Shaders/PostProcessing/SubpixelMorphologicalAntialiasingBridge.hlsl - Importer: ScriptedImporter/UnityEditor.QuickSearchModule:UnityEditor.Search:ASIAI0B
Importing 'GUID: 0c5832a72145a5b49a1b64a21a609bb4 - Path: Packages/com.unity.render-pipelines.universal/Shaders/PostProcessing/SubpixelMorphologicalAntialiasingBridge.hlsl - Importer: ScriptedImporter/UnityEditor.QuickSearchModule:UnityEditor.Search:ASIAI0B' with importer (ScriptedImporter : UnityEditor.QuickSearchModule:UnityEditor.Search:ASIAI0B)
Imported 'GUID: 0c5832a72145a5b49a1b64a21a609bb4' -> (Import Result ID: '7284fc537080bbf9607574d36a908509') in 0.005 seconds [static and dynamic dependencies]. Details - ImportResultOutputID=7ac7e8e61c2a13904ffd0b11144f7d1f DependenciesID=c2f706386027d09ba476fb51ab52d1aa StaticDependenciesID=90d7e3a326986d608e0b1b98ebe74783 
Number of updated asset objects reloaded before import = 0
Number of asset objects unloaded after import = 1
========================================================================
Received Import Request.
  Time of request: 2026-09-04T15:31:58.2482087Z
  Time since last request: 0.0002969 seconds.
  importAddress: GUID: 5fd9a8feb75a4b5894c241777f519d4e - Path: Packages/com.unity.render-pipelines.universal/Shaders/Utils/MaterialError.shader - Importer: ScriptedImporter/UnityEditor.QuickSearchModule:UnityEditor.Search:ASIAI0B
Importing 'GUID: 5fd9a8feb75a4b5894c241777f519d4e - Path: Packages/com.unity.render-pipelines.universal/Shaders/Utils/MaterialError.shader - Importer: ScriptedImporter/UnityEditor.QuickSearchModule:UnityEditor.Search:ASIAI0B' with importer (ScriptedImporter : UnityEditor.QuickSearchModule:UnityEditor.Search:ASIAI0B)
Imported 'GUID: 5fd9a8feb75a4b5894c241777f519d4e' -> (Import Result ID: 'a8cbbf7eb3699d931eaa9cc43e28b920') in 0.005 seconds [static and dynamic dependencies]. Details - ImportResultOutputID=11fab99f085dbf27b241ad7da55a9bac DependenciesID=2455b71031bb1e2937519cf552bbeaf6 StaticDependenciesID=405a22580640dfc202a341e6bcaba2e9 
Number of updated asset objects reloaded before import = 0
Number of asset objects unloaded after import = 1
========================================================================
Received Import Request.
  Time of request: 2026-09-04T15:31:58.2615786Z
  Time since last request: 0.0002694 seconds.
  importAddress: GUID: 0172f7cbd9e44e8b844a485dbd8e8349 - Path: Packages/com.unity.render-pipelines.universal/Shaders/Utils/FogDeferred.hlsl - Importer: ScriptedImporter/UnityEditor.QuickSearchModule:UnityEditor.Search:ASIAI0B
Importing 'GUID: 0172f7cbd9e44e8b844a485dbd8e8349 - Path: Packages/com.unity.render-pipelines.universal/Shaders/Utils/FogDeferred.hlsl - Importer: ScriptedImporter/UnityEditor.QuickSearchModule:UnityEditor.Search:ASIAI0B' with importer (ScriptedImporter : UnityEditor.QuickSearchModule:UnityEditor.Search:ASIAI0B)
Imported 'GUID: 0172f7cbd9e44e8b844a485dbd8e8349' -> (Import Result ID: 'c3dbc3320eaaa87ce15358f06e86806b') in 0.005 seconds [static and dynamic dependencies]. Details - ImportResultOutputID=c362146cfb4fa85d4616165fec915b12 DependenciesID=2d91146a8d5fc1682105dd0a24cbaed2 StaticDependenciesID=815d4a93e27084e39f0573fbd45dcc4c 
Number of updated asset objects reloaded before import = 0
Number of asset objects unloaded after import = 1
========================================================================
Received Import Request.
  Time of request: 2026-09-04T15:31:58.2748647Z
  Time since last request: 0.0002658 seconds.
  importAddress: GUID: 2cc7528ffe326894bb487b2ead9059fa - Path: Packages/com.unity.render-pipelines.universal/Tests/Editor/EditorTests_URPDisabled.cs - Importer: ScriptedImporter/UnityEditor.QuickSearchModule:UnityEditor.Search:ASIAI0B
Importing 'GUID: 2cc7528ffe326894bb487b2ead9059fa - Path: Packages/com.unity.render-pipelines.universal/Tests/Editor/EditorTests_URPDisabled.cs - Importer: ScriptedImporter/UnityEditor.QuickSearchModule:UnityEditor.Search:ASIAI0B' with importer (ScriptedImporter : UnityEditor.QuickSearchModule:UnityEditor.Search:ASIAI0B)
Imported 'GUID: 2cc7528ffe326894bb487b2ead9059fa' -> (Import Result ID: '470f7827bd3fe569512d8d4728a74c4a') in 0.004 seconds [static and dynamic dependencies]. Details - ImportResultOutputID=d995a499b576939e053c98c8b7307c7b DependenciesID=851668f27f0622f94781882a248c3699 StaticDependenciesID=4b7a42e58be0b8af838b3dca88e4a2fe 
Number of updated asset objects reloaded before import = 0
Number of asset objects unloaded after import = 0
========================================================================
Received Import Request.
  Time of request: 2026-09-04T15:31:58.2870914Z
  Time since last request: 0.000296 seconds.
  importAddress: GUID: aa602bf7da734370bdb394a751f56555 - Path: Packages/com.unity.render-pipelines.universal/Shaders/Terrain/TerrainTextureNode.hlsl - Importer: ScriptedImporter/UnityEditor.QuickSearchModule:UnityEditor.Search:ASIAI0B
Importing 'GUID: aa602bf7da734370bdb394a751f56555 - Path: Packages/com.unity.render-pipelines.universal/Shaders/Terrain/TerrainTextureNode.hlsl - Importer: ScriptedImporter/UnityEditor.QuickSearchModule:UnityEditor.Search:ASIAI0B' with importer (ScriptedImporter : UnityEditor.QuickSearchModule:UnityEditor.Search:ASIAI0B)
Imported 'GUID: aa602bf7da734370bdb394a751f56555' -> (Import Result ID: 'e8ac13598f37dc216e4777888c07bd6f') in 0.004 seconds [static and dynamic dependencies]. Details - ImportResultOutputID=a3e0880e4dac2cb2811db68efcd8d22d DependenciesID=a1639fd0aac0c10bb7b0c7a5627e58fa StaticDependenciesID=a3a249851187ac31ffa90ff00e514992 
Number of updated asset objects reloaded before import = 0
Number of asset objects unloaded after import = 1
========================================================================
Received Import Request.
  Time of request: 2026-09-04T15:31:58.2993865Z
  Time since last request: 0.000257 seconds.
  importAddress: GUID: 2d9f6a569c0b340a388b3e7c0428548c - Path: Packages/com.unity.render-pipelines.universal/Shaders/PostProcessing/TemporalAA.hlsl - Importer: ScriptedImporter/UnityEditor.QuickSearchModule:UnityEditor.Search:ASIAI0B
Importing 'GUID: 2d9f6a569c0b340a388b3e7c0428548c - Path: Packages/com.unity.render-pipelines.universal/Shaders/PostProcessing/TemporalAA.hlsl - Importer: ScriptedImporter/UnityEditor.QuickSearchModule:UnityEditor.Search:ASIAI0B' with importer (ScriptedImporter : UnityEditor.QuickSearchModule:UnityEditor.Search:ASIAI0B)
Imported 'GUID: 2d9f6a569c0b340a388b3e7c0428548c' -> (Import Result ID: 'b8f4e4a76ce3b44924517bfff9b2de25') in 0.005 seconds [static and dynamic dependencies]. Details - ImportResultOutputID=8f1fc17cb6cc4661749bbb955c565bfb DependenciesID=d1666353b257f223605ba203c18fb004 StaticDependenciesID=0446842d97a4862766ab26c8c79eb4a0 
Number of updated asset objects reloaded before import = 0
Number of asset objects unloaded after import = 1
========================================================================
Received Import Request.
  Time of request: 2026-09-04T15:31:58.3148253Z
  Time since last request: 0.0002675 seconds.
  importAddress: GUID: 29868e73b638e48ca99a19ea58c48d90 - Path: Packages/com.unity.render-pipelines.universal/Shaders/Terrain/WavingGrassBillboard.shader - Importer: ScriptedImporter/UnityEditor.QuickSearchModule:UnityEditor.Search:ASIAI0B
Importing 'GUID: 29868e73b638e48ca99a19ea58c48d90 - Path: Packages/com.unity.render-pipelines.universal/Shaders/Terrain/WavingGrassBillboard.shader - Importer: ScriptedImporter/UnityEditor.QuickSearchModule:UnityEditor.Search:ASIAI0B' with importer (ScriptedImporter : UnityEditor.QuickSearchModule:UnityEditor.Search:ASIAI0B)
Imported 'GUID: 29868e73b638e48ca99a19ea58c48d90' -> (Import Result ID: '52407f0bbe0ec8a5e3130c9ae79176e1') in 0.006 seconds [static and dynamic dependencies]. Details - ImportResultOutputID=3759d47f03f39d924778647ff1d5fffa DependenciesID=f06d722ff0d9b26733a050327222e481 StaticDependenciesID=a15f38d5463a3464a52fb9ac55d41eb2 
Number of updated asset objects reloaded before import = 0
Number of asset objects unloaded after import = 1
========================================================================
Received Import Request.
  Time of request: 2026-09-04T15:31:58.3276216Z
  Time since last request: 0.0002547 seconds.
  importAddress: GUID: 8fbe92a9edfe6074e841d6dd1509bc59 - Path: Packages/com.unity.render-pipelines.universal/Shaders/Terrain/TerrainLitBasemapGen.shader - Importer: ScriptedImporter/UnityEditor.QuickSearchModule:UnityEditor.Search:ASIAI0B
Importing 'GUID: 8fbe92a9edfe6074e841d6dd1509bc59 - Path: Packages/com.unity.render-pipelines.universal/Shaders/Terrain/TerrainLitBasemapGen.shader - Importer: ScriptedImporter/UnityEditor.QuickSearchModule:UnityEditor.Search:ASIAI0B' with importer (ScriptedImporter : UnityEditor.QuickSearchModule:UnityEditor.Search:ASIAI0B)
Imported 'GUID: 8fbe92a9edfe6074e841d6dd1509bc59' -> (Import Result ID: '54a3afa39c294d1eee8b057672ffb9ea') in 0.005 seconds [static and dynamic dependencies]. Details - ImportResultOutputID=e64d8b3ad07a1e60a826f32f677aeac0 DependenciesID=da0e0029258893286459d4ce92614f64 StaticDependenciesID=b0f7204030d5aa8a33eddab6739a2ff9 
Number of updated asset objects reloaded before import = 0
Number of asset objects unloaded after import = 1
========================================================================
Received Import Request.
  Time of request: 2026-09-04T15:31:58.3403842Z
  Time since last request: 0.0001866 seconds.
  importAddress: GUID: dd26f353075a7de438d1eeb98517dc50 - Path: Packages/com.unity.render-pipelines.universal/Tests/Editor/RenderTextureDescriptorDimensionsTests.cs - Importer: ScriptedImporter/UnityEditor.QuickSearchModule:UnityEditor.Search:ASIAI0B
Importing 'GUID: dd26f353075a7de438d1eeb98517dc50 - Path: Packages/com.unity.render-pipelines.universal/Tests/Editor/RenderTextureDescriptorDimensionsTests.cs - Importer: ScriptedImporter/UnityEditor.QuickSearchModule:UnityEditor.Search:ASIAI0B' with importer (ScriptedImporter : UnityEditor.QuickSearchModule:UnityEditor.Search:ASIAI0B)
Imported 'GUID: dd26f353075a7de438d1eeb98517dc50' -> (Import Result ID: '93006cb9124d5daa9d3a8360a3a71254') in 0.004 seconds [static and dynamic dependencies]. Details - ImportResultOutputID=5dc9481a75a6e4cbcc791a392e53a4fd DependenciesID=d22116f21dc372fecff0ba8549eb75e2 StaticDependenciesID=ca06e5282665640ad96f53f904de156b 
Number of updated asset objects reloaded before import = 0
Number of asset objects unloaded after import = 0
========================================================================
Received Import Request.
  Time of request: 2026-09-04T15:31:58.3521437Z
  Time since last request: 0.0003485 seconds.
  importAddress: GUID: c17132b1f77d20942aa75f8429c0f8bc - Path: Packages/com.unity.render-pipelines.universal/Shaders/Utils/Blit.shader - Importer: ScriptedImporter/UnityEditor.QuickSearchModule:UnityEditor.Search:ASIAI0B
Importing 'GUID: c17132b1f77d20942aa75f8429c0f8bc - Path: Packages/com.unity.render-pipelines.universal/Shaders/Utils/Blit.shader - Importer: ScriptedImporter/UnityEditor.QuickSearchModule:UnityEditor.Search:ASIAI0B' with importer (ScriptedImporter : UnityEditor.QuickSearchModule:UnityEditor.Search:ASIAI0B)
Imported 'GUID: c17132b1f77d20942aa75f8429c0f8bc' -> (Import Result ID: '9d2e3b0ae70c86ca955c342e34bbbf70') in 0.005 seconds [static and dynamic dependencies]. Details - ImportResultOutputID=cad5f71a50252ef1cdeb47ad5e8c10ba DependenciesID=9db3fcb57e634bed0a5879d2ec2a9037 StaticDependenciesID=c723d8bcde65740ebd7a91b75ffe6a33 
Number of updated asset objects reloaded before import = 0
Number of asset objects unloaded after import = 1
========================================================================
Received Import Request.
  Time of request: 2026-09-04T15:31:58.3652911Z
  Time since last request: 0.0002809 seconds.
  importAddress: GUID: 67e3e0cfa0204244683a6c506307f311 - Path: Packages/com.unity.render-pipelines.universal/Shaders/Utils/Universal2D.hlsl - Importer: ScriptedImporter/UnityEditor.QuickSearchModule:UnityEditor.Search:ASIAI0B
Importing 'GUID: 67e3e0cfa0204244683a6c506307f311 - Path: Packages/com.unity.render-pipelines.universal/Shaders/Utils/Universal2D.hlsl - Importer: ScriptedImporter/UnityEditor.QuickSearchModule:UnityEditor.Search:ASIAI0B' with importer (ScriptedImporter : UnityEditor.QuickSearchModule:UnityEditor.Search:ASIAI0B)
Imported 'GUID: 67e3e0cfa0204244683a6c506307f311' -> (Import Result ID: '795387aacf14c2ef8f0f18065d2ad677') in 0.004 seconds [static and dynamic dependencies]. Details - ImportResultOutputID=838c9d9aa8c1da579d08c0f22151694e DependenciesID=b105b6a20e726a948384db29683fed96 StaticDependenciesID=cf91e44036a6f569638ee0167b728e72 
Number of updated asset objects reloaded before import = 0
Number of asset objects unloaded after import = 1
========================================================================
Received Import Request.
  Time of request: 2026-09-04T15:31:58.3792758Z
  Time since last request: 0.0001915 seconds.
  importAddress: GUID: 7f888aff2ac86494babad1c2c5daeee2 - Path: Packages/com.unity.render-pipelines.universal/Shaders/Utils/FallbackLoading.shader - Importer: ScriptedImporter/UnityEditor.QuickSearchModule:UnityEditor.Search:ASIAI0B
Importing 'GUID: 7f888aff2ac86494babad1c2c5daeee2 - Path: Packages/com.unity.render-pipelines.universal/Shaders/Utils/FallbackLoading.shader - Importer: ScriptedImporter/UnityEditor.QuickSearchModule:UnityEditor.Search:ASIAI0B' with importer (ScriptedImporter : UnityEditor.QuickSearchModule:UnityEditor.Search:ASIAI0B)
Imported 'GUID: 7f888aff2ac86494babad1c2c5daeee2' -> (Import Result ID: '42930b7871df9696cf1010bd55c26d87') in 0.004 seconds [static and dynamic dependencies]. Details - ImportResultOutputID=64f72494c28287a6ad069b35e1b0381c DependenciesID=3a72b290f26909e8d1cce1102d46e2f7 StaticDependenciesID=c958b8cc0ade44212bd28cb55ef29ec0 
Number of updated asset objects reloaded before import = 0
Number of asset objects unloaded after import = 1
========================================================================
Received Import Request.
  Time of request: 2026-09-04T15:31:58.3911167Z
  Time since last request: 0.0003431 seconds.
  importAddress: GUID: f6783ab646d374f94b199774402a5144 - Path: Packages/com.unity.render-pipelines.universal/Shaders/Terrain/TerrainDetailLit.shader - Importer: ScriptedImporter/UnityEditor.QuickSearchModule:UnityEditor.Search:ASIAI0B
Importing 'GUID: f6783ab646d374f94b199774402a5144 - Path: Packages/com.unity.render-pipelines.universal/Shaders/Terrain/TerrainDetailLit.shader - Importer: ScriptedImporter/UnityEditor.QuickSearchModule:UnityEditor.Search:ASIAI0B' with importer (ScriptedImporter : UnityEditor.QuickSearchModule:UnityEditor.Search:ASIAI0B)
Imported 'GUID: f6783ab646d374f94b199774402a5144' -> (Import Result ID: '8a4478edc3f1d4c0eb7e6d5f10be55f8') in 0.003 seconds [static and dynamic dependencies]. Details - ImportResultOutputID=6dacbfda24c4c081e967f46ea1527add DependenciesID=80e1dcba7349a0819593aaca0311dd50 StaticDependenciesID=7994c53b74643de0bef8be7edddec274 
Number of updated asset objects reloaded before import = 0
Number of asset objects unloaded after import = 1
========================================================================
Received Import Request.
  Time of request: 2026-09-04T15:31:58.4015335Z
  Time since last request: 0.000243 seconds.
  importAddress: GUID: da9d116cbd3a95840aeb4f28ba5146da - Path: Packages/com.unity.render-pipelines.universal/Tests/Editor/RenderPassCullingTests.cs - Importer: ScriptedImporter/UnityEditor.QuickSearchModule:UnityEditor.Search:ASIAI0B
Importing 'GUID: da9d116cbd3a95840aeb4f28ba5146da - Path: Packages/com.unity.render-pipelines.universal/Tests/Editor/RenderPassCullingTests.cs - Importer: ScriptedImporter/UnityEditor.QuickSearchModule:UnityEditor.Search:ASIAI0B' with importer (ScriptedImporter : UnityEditor.QuickSearchModule:UnityEditor.Search:ASIAI0B)
Imported 'GUID: da9d116cbd3a95840aeb4f28ba5146da' -> (Import Result ID: '98b6109ebae8fa6cdd2ed93e500d6776') in 0.004 seconds [static and dynamic dependencies]. Details - ImportResultOutputID=f6af143532cda59e2f7117091897c164 DependenciesID=1ffacede94349fec93b44460cb851d69 StaticDependenciesID=d4ee5fb210f73e48fb962454a29bec87 
Number of updated asset objects reloaded before import = 0
Number of asset objects unloaded after import = 0
========================================================================
Received Import Request.
  Time of request: 2026-09-04T15:31:58.4138966Z
  Time since last request: 0.0007411 seconds.
  importAddress: GUID: d5a307c014552314b9f560906d708772 - Path: Packages/com.unity.render-pipelines.universal/Shaders/XR/XRMirrorView.shader - Importer: ScriptedImporter/UnityEditor.QuickSearchModule:UnityEditor.Search:ASIAI0B
Importing 'GUID: d5a307c014552314b9f560906d708772 - Path: Packages/com.unity.render-pipelines.universal/Shaders/XR/XRMirrorView.shader - Importer: ScriptedImporter/UnityEditor.QuickSearchModule:UnityEditor.Search:ASIAI0B' with importer (ScriptedImporter : UnityEditor.QuickSearchModule:UnityEditor.Search:ASIAI0B)
Imported 'GUID: d5a307c014552314b9f560906d708772' -> (Import Result ID: '665f874d09f2f89f0f74e4c673e50022') in 0.006 seconds [static and dynamic dependencies]. Details - ImportResultOutputID=8943b9a5927e0e9e93e0e77cb23e314d DependenciesID=fc42ae199ced0767e46b728083496bf9 StaticDependenciesID=1407fc87bca0a7228c8330689035c096 
Number of updated asset objects reloaded before import = 0
Number of asset objects unloaded after import = 1
========================================================================
Received Import Request.
  Time of request: 2026-09-04T15:31:58.4282579Z
  Time since last request: 0.0000178 seconds.
  importAddress: GUID: 42af586c09f391941a2a8a7bd5164b31 - Path: Packages/com.unity.render-pipelines.universal/Tests/Editor/EditorTests.cs - Importer: ScriptedImporter/UnityEditor.QuickSearchModule:UnityEditor.Search:ASIAI0B
Importing 'GUID: 42af586c09f391941a2a8a7bd5164b31 - Path: Packages/com.unity.render-pipelines.universal/Tests/Editor/EditorTests.cs - Importer: ScriptedImporter/UnityEditor.QuickSearchModule:UnityEditor.Search:ASIAI0B' with importer (ScriptedImporter : UnityEditor.QuickSearchModule:UnityEditor.Search:ASIAI0B)
Imported 'GUID: 42af586c09f391941a2a8a7bd5164b31' -> (Import Result ID: '4887fc3afa3ba8ee066e327c1f7c8ba1') in 0.004 seconds [static and dynamic dependencies]. Details - ImportResultOutputID=746bde6963d2009e69a68fcf3f3f166d DependenciesID=5fde3a2db9cb2458f85bc4f73f602888 StaticDependenciesID=00c52ad8359a4a4f01c015a7f22c0a79 
Number of updated asset objects reloaded before import = 0
Number of asset objects unloaded after import = 0
========================================================================
Received Import Request.
  Time of request: 2026-09-04T15:31:58.4539006Z
  Time since last request: 0.01288 seconds.
  importAddress: GUID: 71872915d7faaaf47a5587bce19d5214 - Path: Packages/com.unity.render-pipelines.universal/Editor/2D/Overrides/Unity.RenderPipelines.Universal.2D.Editor.Overrides.asmdef - Importer: ScriptedImporter/UnityEditor.QuickSearchModule:UnityEditor.Search:ASIAI0B
Importing 'GUID: 71872915d7faaaf47a5587bce19d5214 - Path: Packages/com.unity.render-pipelines.universal/Editor/2D/Overrides/Unity.RenderPipelines.Universal.2D.Editor.Overrides.asmdef - Importer: ScriptedImporter/UnityEditor.QuickSearchModule:UnityEditor.Search:ASIAI0B' with importer (ScriptedImporter : UnityEditor.QuickSearchModule:UnityEditor.Search:ASIAI0B)
Imported 'GUID: 71872915d7faaaf47a5587bce19d5214' -> (Import Result ID: 'de396ae3a332d78b9d06340fdb411d6e') in 0.004 seconds [static and dynamic dependencies]. Details - ImportResultOutputID=4ebad98c5c478f2db011ebf1cd621971 DependenciesID=a2a70bd6910510cb2b6f5b8758184813 StaticDependenciesID=0b4ac75ae7700bd1d2d518c1d6afdd53 
Number of updated asset objects reloaded before import = 0
Number of asset objects unloaded after import = 1
========================================================================
Received Import Request.
  Time of request: 2026-09-04T15:31:58.4657287Z
  Time since last request: 0.0002676 seconds.
  importAddress: GUID: 9d39807a20ab1bc45a1f531d4e7d99f1 - Path: Packages/com.unity.render-pipelines.universal/Tests/Editor/ShaderPrefilteringTests.cs - Importer: ScriptedImporter/UnityEditor.QuickSearchModule:UnityEditor.Search:ASIAI0B
Importing 'GUID: 9d39807a20ab1bc45a1f531d4e7d99f1 - Path: Packages/com.unity.render-pipelines.universal/Tests/Editor/ShaderPrefilteringTests.cs - Importer: ScriptedImporter/UnityEditor.QuickSearchModule:UnityEditor.Search:ASIAI0B' with importer (ScriptedImporter : UnityEditor.QuickSearchModule:UnityEditor.Search:ASIAI0B)
Imported 'GUID: 9d39807a20ab1bc45a1f531d4e7d99f1' -> (Import Result ID: '71a3f5ca1801f22a9b158887ed6e1a90') in 0.004 seconds [static and dynamic dependencies]. Details - ImportResultOutputID=f22980955ee7698ff9d3cab072508cfc DependenciesID=47bbeec919dc7c5b933faac5af28da8a StaticDependenciesID=051d3f3106ff1071138144ddd2104ba6 
Number of updated asset objects reloaded before import = 0
Number of asset objects unloaded after import = 0
========================================================================
Received Import Request.
  Time of request: 2026-09-04T15:31:58.4778621Z
  Time since last request: 0.0002559 seconds.
  importAddress: GUID: 119f93d0bcbf1e743bf5fcf237507d39 - Path: Packages/com.unity.render-pipelines.universal/Textures/2D/Sparkle.png - Importer: ScriptedImporter/UnityEditor.QuickSearchModule:UnityEditor.Search:ASIAI0B
Importing 'GUID: 119f93d0bcbf1e743bf5fcf237507d39 - Path: Packages/com.unity.render-pipelines.universal/Textures/2D/Sparkle.png - Importer: ScriptedImporter/UnityEditor.QuickSearchModule:UnityEditor.Search:ASIAI0B' with importer (ScriptedImporter : UnityEditor.QuickSearchModule:UnityEditor.Search:ASIAI0B)
Imported 'GUID: 119f93d0bcbf1e743bf5fcf237507d39' -> (Import Result ID: 'd40636347665c70ef20773ded41ab34d') in 0.047 seconds [static and dynamic dependencies]. Details - ImportResultOutputID=4c6057170dc69cdcb902127aa9a676e1 DependenciesID=b46629324dffaf75c8e34ce1eba6a5f8 StaticDependenciesID=d7cc27fb73a9012b988b71a6a0d21e82 
Number of updated asset objects reloaded before import = 0
Number of asset objects unloaded after import = 3
========================================================================
Received Import Request.
  Time of request: 2026-09-04T15:31:58.5317542Z
  Time since last request: 0.0002007 seconds.
  importAddress: GUID: 12294e4088bdd864c84d9aa37fc453b1 - Path: Packages/com.unity.render-pipelines.universal/Tests/Editor/ShaderStripToolTests.cs - Importer: ScriptedImporter/UnityEditor.QuickSearchModule:UnityEditor.Search:ASIAI0B
Importing 'GUID: 12294e4088bdd864c84d9aa37fc453b1 - Path: Packages/com.unity.render-pipelines.universal/Tests/Editor/ShaderStripToolTests.cs - Importer: ScriptedImporter/UnityEditor.QuickSearchModule:UnityEditor.Search:ASIAI0B' with importer (ScriptedImporter : UnityEditor.QuickSearchModule:UnityEditor.Search:ASIAI0B)
Imported 'GUID: 12294e4088bdd864c84d9aa37fc453b1' -> (Import Result ID: 'a81f73ee42a49f85e54257f18402f66b') in 0.006 seconds [static and dynamic dependencies]. Details - ImportResultOutputID=2e7f00b153d21049a8252ef08b2a34bc DependenciesID=aa45c3be1850a69b8541c549eb447378 StaticDependenciesID=f0e93267bc7b25a0a3d5975fb47a2815 
Number of updated asset objects reloaded before import = 0
Number of asset objects unloaded after import = 0
========================================================================
Received Import Request.
  Time of request: 2026-09-04T15:31:58.5455569Z
  Time since last request: 0.000295 seconds.
  importAddress: GUID: bc3b0daec27db604caf7fec37e54bf6d - Path: Packages/com.unity.render-pipelines.universal/Tests/Runtime/Unity.RenderPipelines.Universal.Runtime.Tests.asmdef - Importer: ScriptedImporter/UnityEditor.QuickSearchModule:UnityEditor.Search:ASIAI0B
Importing 'GUID: bc3b0daec27db604caf7fec37e54bf6d - Path: Packages/com.unity.render-pipelines.universal/Tests/Runtime/Unity.RenderPipelines.Universal.Runtime.Tests.asmdef - Importer: ScriptedImporter/UnityEditor.QuickSearchModule:UnityEditor.Search:ASIAI0B' with importer (ScriptedImporter : UnityEditor.QuickSearchModule:UnityEditor.Search:ASIAI0B)
Imported 'GUID: bc3b0daec27db604caf7fec37e54bf6d' -> (Import Result ID: '0d34211aee75ceeb8377c09d5a4577b4') in 0.004 seconds [static and dynamic dependencies]. Details - ImportResultOutputID=dd55f8c7f1f2874ceef851895efad85c DependenciesID=6122e4d16218f631bf4c35be1a3f7b62 StaticDependenciesID=f1bc7923e5617ee45256952e9fc0f9b3 
Number of updated asset objects reloaded before import = 0
Number of asset objects unloaded after import = 1
========================================================================
Received Import Request.
  Time of request: 2026-09-04T15:31:58.5561747Z
  Time since last request: 0.000201 seconds.
  importAddress: GUID: bce6289b8f1e3bf4a82078371dffaebd - Path: Packages/com.unity.render-pipelines.universal/Editor/2D/Overrides/MeshEditor2DURP.cs - Importer: ScriptedImporter/UnityEditor.QuickSearchModule:UnityEditor.Search:ASIAI0B
Importing 'GUID: bce6289b8f1e3bf4a82078371dffaebd - Path: Packages/com.unity.render-pipelines.universal/Editor/2D/Overrides/MeshEditor2DURP.cs - Importer: ScriptedImporter/UnityEditor.QuickSearchModule:UnityEditor.Search:ASIAI0B' with importer (ScriptedImporter : UnityEditor.QuickSearchModule:UnityEditor.Search:ASIAI0B)
Imported 'GUID: bce6289b8f1e3bf4a82078371dffaebd' -> (Import Result ID: 'b649dba9b4d6d7074dee97b91a28dec7') in 0.004 seconds [static and dynamic dependencies]. Details - ImportResultOutputID=da8197ebe2ed45325257b3f1f4f2cbec DependenciesID=9cddc37500c32c648f82d5d67c5a9a7b StaticDependenciesID=8edafe569d0bb6588d4e7baf12d58da3 
Number of updated asset objects reloaded before import = 0
Number of asset objects unloaded after import = 0
========================================================================
Received Import Request.
  Time of request: 2026-09-04T15:31:58.5670164Z
  Time since last request: 0.0002023 seconds.
  importAddress: GUID: 9930fb4528622b34687b00bbe6883de7 - Path: Packages/com.unity.render-pipelines.universal/Textures/FilmGrain/Medium03.png - Importer: ScriptedImporter/UnityEditor.QuickSearchModule:UnityEditor.Search:ASIAI0B
Importing 'GUID: 9930fb4528622b34687b00bbe6883de7 - Path: Packages/com.unity.render-pipelines.universal/Textures/FilmGrain/Medium03.png - Importer: ScriptedImporter/UnityEditor.QuickSearchModule:UnityEditor.Search:ASIAI0B' with importer (ScriptedImporter : UnityEditor.QuickSearchModule:UnityEditor.Search:ASIAI0B)
Imported 'GUID: 9930fb4528622b34687b00bbe6883de7' -> (Import Result ID: 'c55235519dc27aecaba6b9fcb01c4623') in 0.006 seconds [static and dynamic dependencies]. Details - ImportResultOutputID=436029c7b81e23fdd073756670fb9a29 DependenciesID=884aa3ea1647effde88577bcb531969a StaticDependenciesID=95a86302ab8732fdc957c0a0fa835b01 
Number of updated asset objects reloaded before import = 0
Number of asset objects unloaded after import = 1
========================================================================
Received Import Request.
  Time of request: 2026-09-04T15:31:58.5787998Z
  Time since last request: 0.0002252 seconds.
  importAddress: GUID: e8d6afcb728d4974abc7ecfec3d77a6d - Path: Packages/com.unity.render-pipelines.universal/Tests/Runtime/DecalTests.cs - Importer: ScriptedImporter/UnityEditor.QuickSearchModule:UnityEditor.Search:ASIAI0B
Importing 'GUID: e8d6afcb728d4974abc7ecfec3d77a6d - Path: Packages/com.unity.render-pipelines.universal/Tests/Runtime/DecalTests.cs - Importer: ScriptedImporter/UnityEditor.QuickSearchModule:UnityEditor.Search:ASIAI0B' with importer (ScriptedImporter : UnityEditor.QuickSearchModule:UnityEditor.Search:ASIAI0B)
Imported 'GUID: e8d6afcb728d4974abc7ecfec3d77a6d' -> (Import Result ID: 'c861726290a43aef2c91d21707793bc5') in 0.003 seconds [static and dynamic dependencies]. Details - ImportResultOutputID=34942995569850a2d05e76c5d80180ae DependenciesID=40cae0e565897f09221923318027abec StaticDependenciesID=4ca2cb6a4610741d13cf37ef97ecdff8 
Number of updated asset objects reloaded before import = 0
Number of asset objects unloaded after import = 0
========================================================================
Received Import Request.
  Time of request: 2026-09-04T15:31:58.5886838Z
  Time since last request: 0.0002542 seconds.
  importAddress: GUID: 8a5fe95d62765c0459615b3a5e71c3a1 - Path: Packages/com.unity.render-pipelines.universal/Editor/2D/Converter/BuiltInPixelPerfectCameraConverter.cs - Importer: ScriptedImporter/UnityEditor.QuickSearchModule:UnityEditor.Search:ASIAI0B
Importing 'GUID: 8a5fe95d62765c0459615b3a5e71c3a1 - Path: Packages/com.unity.render-pipelines.universal/Editor/2D/Converter/BuiltInPixelPerfectCameraConverter.cs - Importer: ScriptedImporter/UnityEditor.QuickSearchModule:UnityEditor.Search:ASIAI0B' with importer (ScriptedImporter : UnityEditor.QuickSearchModule:UnityEditor.Search:ASIAI0B)
Imported 'GUID: 8a5fe95d62765c0459615b3a5e71c3a1' -> (Import Result ID: '3dbf76c35f3ab67f0302cfc463dcd373') in 0.004 seconds [static and dynamic dependencies]. Details - ImportResultOutputID=6f9ee8e31eb6ac275446c4501586f1f1 DependenciesID=d0d22401d6a1a02fb044abc5e9d0b8a4 StaticDependenciesID=0b705393c629950f080afd00e1a25a5c 
Number of updated asset objects reloaded before import = 0
Number of asset objects unloaded after import = 0
========================================================================
Received Import Request.
  Time of request: 2026-09-04T15:31:58.5994652Z
  Time since last request: 0.0002582 seconds.
  importAddress: GUID: aa2366bbec4f77041b59b590de916a32 - Path: Packages/com.unity.render-pipelines.universal/Editor/2D/Converter/URP3DToURP2DShaderConverter.cs - Importer: ScriptedImporter/UnityEditor.QuickSearchModule:UnityEditor.Search:ASIAI0B
Importing 'GUID: aa2366bbec4f77041b59b590de916a32 - Path: Packages/com.unity.render-pipelines.universal/Editor/2D/Converter/URP3DToURP2DShaderConverter.cs - Importer: ScriptedImporter/UnityEditor.QuickSearchModule:UnityEditor.Search:ASIAI0B' with importer (ScriptedImporter : UnityEditor.QuickSearchModule:UnityEditor.Search:ASIAI0B)
Imported 'GUID: aa2366bbec4f77041b59b590de916a32' -> (Import Result ID: 'cdbbbe10a9ca040692fad13a4239310f') in 0.003 seconds [static and dynamic dependencies]. Details - ImportResultOutputID=7b2a79185c5da50ed682eff17129839d DependenciesID=308ae2caa4b28d02e3208d20f6fd4612 StaticDependenciesID=6b5b6d3c966e0f87d3195ba4ad049a8b 
Number of updated asset objects reloaded before import = 0
Number of asset objects unloaded after import = 0
========================================================================
Received Import Request.
  Time of request: 2026-09-04T15:31:58.6112609Z
  Time since last request: 0.0005337 seconds.
  importAddress: GUID: 3302065f671a8450b82c9ddf07426f3a - Path: Packages/com.unity.render-pipelines.universal/Textures/BlueNoise256/LDR_LLL1_5.png - Importer: ScriptedImporter/UnityEditor.QuickSearchModule:UnityEditor.Search:ASIAI0B
Importing 'GUID: 3302065f671a8450b82c9ddf07426f3a - Path: Packages/com.unity.render-pipelines.universal/Textures/BlueNoise256/LDR_LLL1_5.png - Importer: ScriptedImporter/UnityEditor.QuickSearchModule:UnityEditor.Search:ASIAI0B' with importer (ScriptedImporter : UnityEditor.QuickSearchModule:UnityEditor.Search:ASIAI0B)
Imported 'GUID: 3302065f671a8450b82c9ddf07426f3a' -> (Import Result ID: '675a8462a35ac89bdda82e9fdc4e7cd0') in 0.005 seconds [static and dynamic dependencies]. Details - ImportResultOutputID=349cdf68504282090a27e674ea8708d6 DependenciesID=3de757f0ea3600c4b6d0850c97d185f5 StaticDependenciesID=3670a043c18ba9f5aa6d4ed35adefa07 
Number of updated asset objects reloaded before import = 0
Number of asset objects unloaded after import = 1
========================================================================
Received Import Request.
  Time of request: 2026-09-04T15:31:58.624942Z
  Time since last request: 0.0002423 seconds.
  importAddress: GUID: 7ff48272166a7b6439b6945d39d51766 - Path: Packages/com.unity.render-pipelines.universal/Editor/2D/Converter/PhotoshopAssetsUpgrader.cs - Importer: ScriptedImporter/UnityEditor.QuickSearchModule:UnityEditor.Search:ASIAI0B
Importing 'GUID: 7ff48272166a7b6439b6945d39d51766 - Path: Packages/com.unity.render-pipelines.universal/Editor/2D/Converter/PhotoshopAssetsUpgrader.cs - Importer: ScriptedImporter/UnityEditor.QuickSearchModule:UnityEditor.Search:ASIAI0B' with importer (ScriptedImporter : UnityEditor.QuickSearchModule:UnityEditor.Search:ASIAI0B)
Imported 'GUID: 7ff48272166a7b6439b6945d39d51766' -> (Import Result ID: '45d62d39aa2973e643fe68764732cc40') in 0.004 seconds [static and dynamic dependencies]. Details - ImportResultOutputID=a81fc7ca229ac2549a7ee2074de737e2 DependenciesID=c0285b8bc5d4ef81e4b427a868df7339 StaticDependenciesID=51b5dd617e0e9333ece9ad6be90fd254 
Number of updated asset objects reloaded before import = 0
Number of asset objects unloaded after import = 0
========================================================================
Received Import Request.
  Time of request: 2026-09-04T15:31:58.6372782Z
  Time since last request: 0.0002499 seconds.
  importAddress: GUID: fd5cb3dd3de574f1585db92b6689f86a - Path: Packages/com.unity.render-pipelines.universal/Editor/2D/LightBatchingDebugger/LightBatchingDebugger.uss - Importer: ScriptedImporter/UnityEditor.QuickSearchModule:UnityEditor.Search:ASIAI0B
Importing 'GUID: fd5cb3dd3de574f1585db92b6689f86a - Path: Packages/com.unity.render-pipelines.universal/Editor/2D/LightBatchingDebugger/LightBatchingDebugger.uss - Importer: ScriptedImporter/UnityEditor.QuickSearchModule:UnityEditor.Search:ASIAI0B' with importer (ScriptedImporter : UnityEditor.QuickSearchModule:UnityEditor.Search:ASIAI0B)
Imported 'GUID: fd5cb3dd3de574f1585db92b6689f86a' -> (Import Result ID: '7a76d99500bf832eca06a40ddea12408') in 0.012 seconds [static and dynamic dependencies]. Details - ImportResultOutputID=663398f85248d4ad284df78e79c51284 DependenciesID=a4423344053f84b6901a2a7dd6b95182 StaticDependenciesID=9a37a832b16d9d11f275228b6c445872 
Number of updated asset objects reloaded before import = 0
Number of asset objects unloaded after import = 1
========================================================================
Received Import Request.
  Time of request: 2026-09-04T15:31:58.6553758Z
  Time since last request: 0.0002419 seconds.
  importAddress: GUID: bd9e8c758250ef449a4b4bfaad7a2133 - Path: Packages/com.unity.render-pipelines.universal/Textures/FilmGrain/Medium04.png - Importer: ScriptedImporter/UnityEditor.QuickSearchModule:UnityEditor.Search:ASIAI0B
Importing 'GUID: bd9e8c758250ef449a4b4bfaad7a2133 - Path: Packages/com.unity.render-pipelines.universal/Textures/FilmGrain/Medium04.png - Importer: ScriptedImporter/UnityEditor.QuickSearchModule:UnityEditor.Search:ASIAI0B' with importer (ScriptedImporter : UnityEditor.QuickSearchModule:UnityEditor.Search:ASIAI0B)
Imported 'GUID: bd9e8c758250ef449a4b4bfaad7a2133' -> (Import Result ID: '587e32946d4d5958c13376fda614406f') in 0.007 seconds [static and dynamic dependencies]. Details - ImportResultOutputID=5cdc89fd32f91c4ef0388bfb0d44023a DependenciesID=fda09c40d00e98bb69b25759d875738d StaticDependenciesID=5003a9d8b608cacbcef0ad6f752dcdd4 
Number of updated asset objects reloaded before import = 0
Number of asset objects unloaded after import = 1
========================================================================
Received Import Request.
  Time of request: 2026-09-04T15:31:58.6703372Z
  Time since last request: 0.0001154 seconds.
  importAddress: GUID: 7c198b1ecf647d44bb399198e12d2bfa - Path: Packages/com.unity.render-pipelines.universal/Editor/2D/Converter/BuiltInToURP2DShaderConverter.cs - Importer: ScriptedImporter/UnityEditor.QuickSearchModule:UnityEditor.Search:ASIAI0B
Importing 'GUID: 7c198b1ecf647d44bb399198e12d2bfa - Path: Packages/com.unity.render-pipelines.universal/Editor/2D/Converter/BuiltInToURP2DShaderConverter.cs - Importer: ScriptedImporter/UnityEditor.QuickSearchModule:UnityEditor.Search:ASIAI0B' with importer (ScriptedImporter : UnityEditor.QuickSearchModule:UnityEditor.Search:ASIAI0B)
Imported 'GUID: 7c198b1ecf647d44bb399198e12d2bfa' -> (Import Result ID: '16d0c5b3b75ad81cebe01ea181e1bb20') in 0.004 seconds [static and dynamic dependencies]. Details - ImportResultOutputID=5842c77330a924fa16e2e537e9c6425d DependenciesID=35237de316b89c177b0a7da2999c672d StaticDependenciesID=1af0ef67713bb0a66f49ab42cf163781 
Number of updated asset objects reloaded before import = 0
Number of asset objects unloaded after import = 0
========================================================================
Received Import Request.
  Time of request: 2026-09-04T15:31:58.6794275Z
  Time since last request: 0.0003096 seconds.
  importAddress: GUID: 754a67c6d4788447895a4349508b2f37 - Path: Packages/com.unity.render-pipelines.universal/Editor/2D/LightBatchingDebugger/LayerBatch.uxml - Importer: ScriptedImporter/UnityEditor.QuickSearchModule:UnityEditor.Search:ASIAI0B
Importing 'GUID: 754a67c6d4788447895a4349508b2f37 - Path: Packages/com.unity.render-pipelines.universal/Editor/2D/LightBatchingDebugger/LayerBatch.uxml - Importer: ScriptedImporter/UnityEditor.QuickSearchModule:UnityEditor.Search:ASIAI0B' with importer (ScriptedImporter : UnityEditor.QuickSearchModule:UnityEditor.Search:ASIAI0B)
Imported 'GUID: 754a67c6d4788447895a4349508b2f37' -> (Import Result ID: '82574f5ce3e7777073f30dee8e61923d') in 0.050 seconds [static and dynamic dependencies]. Details - ImportResultOutputID=0a8ce532405864b72429e902bfcc51b7 DependenciesID=a87cdecb891362affe6ecd7107b56d2e StaticDependenciesID=d970e978c3d2929352b89722fc5201d1 
Number of updated asset objects reloaded before import = 0
Number of asset objects unloaded after import = 3
========================================================================
Received Import Request.
  Time of request: 2026-09-04T15:31:58.7430212Z
  Time since last request: 0.0056697 seconds.
  importAddress: GUID: aa80e1eae2080d849a7ab1ccfbd6953c - Path: Packages/com.unity.render-pipelines.universal/Editor/ShaderGraph/Includes/ShaderVariablesDecal.hlsl - Importer: ScriptedImporter/UnityEditor.QuickSearchModule:UnityEditor.Search:ASIAI0B
Importing 'GUID: aa80e1eae2080d849a7ab1ccfbd6953c - Path: Packages/com.unity.render-pipelines.universal/Editor/ShaderGraph/Includes/ShaderVariablesDecal.hlsl - Importer: ScriptedImporter/UnityEditor.QuickSearchModule:UnityEditor.Search:ASIAI0B' with importer (ScriptedImporter : UnityEditor.QuickSearchModule:UnityEditor.Search:ASIAI0B)
Imported 'GUID: aa80e1eae2080d849a7ab1ccfbd6953c' -> (Import Result ID: '493785297a47d3c243da147f8a475994') in 0.004 seconds [static and dynamic dependencies]. Details - ImportResultOutputID=b990ce456ffc528d84b8deadd37d439c DependenciesID=d34b47de4d53549f11ac4cdd35b3c404 StaticDependenciesID=57e5fd60ab369fe2e98d40f190f7fa3a 
Number of updated asset objects reloaded before import = 0
Number of asset objects unloaded after import = 1
========================================================================
Received Import Request.
  Time of request: 2026-09-04T15:31:58.755244Z
  Time since last request: 0.0002861 seconds.
  importAddress: GUID: 96356c82da2c2c54c8829d0ed7497562 - Path: Packages/com.unity.render-pipelines.universal/Editor/Settings/PropertyDrawers/URPShaderStrippingSettingsPropertyDrawer.cs - Importer: ScriptedImporter/UnityEditor.QuickSearchModule:UnityEditor.Search:ASIAI0B
Importing 'GUID: 96356c82da2c2c54c8829d0ed7497562 - Path: Packages/com.unity.render-pipelines.universal/Editor/Settings/PropertyDrawers/URPShaderStrippingSettingsPropertyDrawer.cs - Importer: ScriptedImporter/UnityEditor.QuickSearchModule:UnityEditor.Search:ASIAI0B' with importer (ScriptedImporter : UnityEditor.QuickSearchModule:UnityEditor.Search:ASIAI0B)
Imported 'GUID: 96356c82da2c2c54c8829d0ed7497562' -> (Import Result ID: 'cd7df6ffedaaace025eda112525107d8') in 0.004 seconds [static and dynamic dependencies]. Details - ImportResultOutputID=e2414cc4fdd2e05bacfd3a56e08a2704 DependenciesID=bec8683d080e359594309c1440af0ea2 StaticDependenciesID=ff09c75dc6693474888f8da8d774f756 
Number of updated asset objects reloaded before import = 0
Number of asset objects unloaded after import = 0
========================================================================
Received Import Request.
  Time of request: 2026-09-04T15:31:58.7660791Z
  Time since last request: 0.0002332 seconds.
  importAddress: GUID: aab9add076be9364aaee067b3c0e3910 - Path: Packages/com.unity.render-pipelines.universal/Editor/ShaderGraph/AssetCallbacks/CreateLitShaderGraph.cs - Importer: ScriptedImporter/UnityEditor.QuickSearchModule:UnityEditor.Search:ASIAI0B
Importing 'GUID: aab9add076be9364aaee067b3c0e3910 - Path: Packages/com.unity.render-pipelines.universal/Editor/ShaderGraph/AssetCallbacks/CreateLitShaderGraph.cs - Importer: ScriptedImporter/UnityEditor.QuickSearchModule:UnityEditor.Search:ASIAI0B' with importer (ScriptedImporter : UnityEditor.QuickSearchModule:UnityEditor.Search:ASIAI0B)
Imported 'GUID: aab9add076be9364aaee067b3c0e3910' -> (Import Result ID: '4eed8d69cfbb402eefbebdc5dd6a345c') in 0.004 seconds [static and dynamic dependencies]. Details - ImportResultOutputID=839110a2bd4a3efc4501e6ff586f8c3e DependenciesID=c572af9ce197d57cbf7e786d254d7557 StaticDependenciesID=13a03979d81eb169023e90d09b8fe880 
Number of updated asset objects reloaded before import = 0
Number of asset objects unloaded after import = 0
========================================================================
Received Import Request.
  Time of request: 2026-09-04T15:31:58.7768024Z
  Time since last request: 0.0002778 seconds.
  importAddress: GUID: 0618e9bb046736646afe2346a3813db4 - Path: Packages/com.unity.render-pipelines.universal/Editor/ShaderGraph/Includes/CanvasPass.hlsl - Importer: ScriptedImporter/UnityEditor.QuickSearchModule:UnityEditor.Search:ASIAI0B
Importing 'GUID: 0618e9bb046736646afe2346a3813db4 - Path: Packages/com.unity.render-pipelines.universal/Editor/ShaderGraph/Includes/CanvasPass.hlsl - Importer: ScriptedImporter/UnityEditor.QuickSearchModule:UnityEditor.Search:ASIAI0B' with importer (ScriptedImporter : UnityEditor.QuickSearchModule:UnityEditor.Search:ASIAI0B)
Imported 'GUID: 0618e9bb046736646afe2346a3813db4' -> (Import Result ID: '6cf4e78be518ff51ae8437e5ae61b95e') in 0.004 seconds [static and dynamic dependencies]. Details - ImportResultOutputID=5a4d1714cfbcdb7b1a017d991977b377 DependenciesID=136df02f857d25a0b845e6ff7031338e StaticDependenciesID=4d097889821a606e2f8beca701fad44c 
Number of updated asset objects reloaded before import = 0
Number of asset objects unloaded after import = 1
========================================================================
Received Import Request.
  Time of request: 2026-09-04T15:31:58.7872004Z
  Time since last request: 0.0002423 seconds.
  importAddress: GUID: 3d28e6c5572c3d8479d70ecfdc954692 - Path: Packages/com.unity.render-pipelines.universal/Editor/ShaderGraph/Includes/SelectionPickingPass.hlsl - Importer: ScriptedImporter/UnityEditor.QuickSearchModule:UnityEditor.Search:ASIAI0B
Importing 'GUID: 3d28e6c5572c3d8479d70ecfdc954692 - Path: Packages/com.unity.render-pipelines.universal/Editor/ShaderGraph/Includes/SelectionPickingPass.hlsl - Importer: ScriptedImporter/UnityEditor.QuickSearchModule:UnityEditor.Search:ASIAI0B' with importer (ScriptedImporter : UnityEditor.QuickSearchModule:UnityEditor.Search:ASIAI0B)
Imported 'GUID: 3d28e6c5572c3d8479d70ecfdc954692' -> (Import Result ID: '1b18f42cd89f55a0bfb4663e260a41d7') in 0.004 seconds [static and dynamic dependencies]. Details - ImportResultOutputID=80a8a6c32f5d4ae920134114b03b592f DependenciesID=a7e9d366cb3782fb069122b4261adc98 StaticDependenciesID=4484040ac583b246a9e6fbbb828b7546 
Number of updated asset objects reloaded before import = 0
Number of asset objects unloaded after import = 1
========================================================================
Received Import Request.
  Time of request: 2026-09-04T15:31:58.7987012Z
  Time since last request: 0.0002501 seconds.
  importAddress: GUID: 92f845725428c954b878da352f657fe5 - Path: Packages/com.unity.render-pipelines.universal/Editor/SceneTemplates/Materials/Emissive.mat - Importer: ScriptedImporter/UnityEditor.QuickSearchModule:UnityEditor.Search:ASIAI0B
Importing 'GUID: 92f845725428c954b878da352f657fe5 - Path: Packages/com.unity.render-pipelines.universal/Editor/SceneTemplates/Materials/Emissive.mat - Importer: ScriptedImporter/UnityEditor.QuickSearchModule:UnityEditor.Search:ASIAI0B' with importer (ScriptedImporter : UnityEditor.QuickSearchModule:UnityEditor.Search:ASIAI0B)
Imported 'GUID: 92f845725428c954b878da352f657fe5' -> (Import Result ID: '195183d1ad5d5328d18f9e84ebf62bfd') in 0.007 seconds [static and dynamic dependencies]. Details - ImportResultOutputID=b7353959eda3e2f644c20bd8264adb6c DependenciesID=5c38a9437a1f60b1768e1f7f6c88c5a0 StaticDependenciesID=e45b7b278bc3872b9ae6a7e3562ba3e2 
Number of updated asset objects reloaded before import = 0
Number of asset objects unloaded after import = 2
========================================================================
Received Import Request.
  Time of request: 2026-09-04T15:31:58.8142843Z
  Time since last request: 0.0002257 seconds.
  importAddress: GUID: 6483447b285419e4b89f8a853712e1ab - Path: Packages/com.unity.render-pipelines.universal/Editor/ShaderGraph/Includes/DecalMeshBiasTypeEnum.cs.hlsl - Importer: ScriptedImporter/UnityEditor.QuickSearchModule:UnityEditor.Search:ASIAI0B
Importing 'GUID: 6483447b285419e4b89f8a853712e1ab - Path: Packages/com.unity.render-pipelines.universal/Editor/ShaderGraph/Includes/DecalMeshBiasTypeEnum.cs.hlsl - Importer: ScriptedImporter/UnityEditor.QuickSearchModule:UnityEditor.Search:ASIAI0B' with importer (ScriptedImporter : UnityEditor.QuickSearchModule:UnityEditor.Search:ASIAI0B)
Imported 'GUID: 6483447b285419e4b89f8a853712e1ab' -> (Import Result ID: '694d2cb3391c4dd17cb30d75816c9f6f') in 0.003 seconds [static and dynamic dependencies]. Details - ImportResultOutputID=b8b60152b14c6bc1e2a17406a2b8df09 DependenciesID=942979b566ab2db3d7cab6d67ba8bdfd StaticDependenciesID=586456e10fcda8afb1cfc6f5ee543bdf 
Number of updated asset objects reloaded before import = 0
Number of asset objects unloaded after import = 1
========================================================================
Received Import Request.
  Time of request: 2026-09-04T15:31:58.8241419Z
  Time since last request: 0.0002044 seconds.
  importAddress: GUID: 7cba34d70552e144586a4d3ce4a33de5 - Path: Packages/com.unity.render-pipelines.universal/Editor/2D/Resources/PixelPerfectCamera.png - Importer: ScriptedImporter/UnityEditor.QuickSearchModule:UnityEditor.Search:ASIAI0B
Importing 'GUID: 7cba34d70552e144586a4d3ce4a33de5 - Path: Packages/com.unity.render-pipelines.universal/Editor/2D/Resources/PixelPerfectCamera.png - Importer: ScriptedImporter/UnityEditor.QuickSearchModule:UnityEditor.Search:ASIAI0B' with importer (ScriptedImporter : UnityEditor.QuickSearchModule:UnityEditor.Search:ASIAI0B)
Imported 'GUID: 7cba34d70552e144586a4d3ce4a33de5' -> (Import Result ID: '15e5f6688ab1ce333b9ccf1460b97bd8') in 0.007 seconds [static and dynamic dependencies]. Details - ImportResultOutputID=26477168a3f4bbaf900250e2f968135f DependenciesID=6e75ece1cd31e8a783473c8f383530ae StaticDependenciesID=9ffa79c92f0a1b3a617d2a709b202fa9 
Number of updated asset objects reloaded before import = 0
Number of asset objects unloaded after import = 1
========================================================================
Received Import Request.
  Time of request: 2026-09-04T15:31:58.8374821Z
  Time since last request: 0.000287 seconds.
  importAddress: GUID: bc3def193b270c649b041063a70a1a1f - Path: Packages/com.unity.render-pipelines.universal/Editor/ShaderGraph/GraphTemplates/Terrain Standard 4 Layers URP.shadergraph - Importer: ScriptedImporter/UnityEditor.QuickSearchModule:UnityEditor.Search:ASIAI0B
Importing 'GUID: bc3def193b270c649b041063a70a1a1f - Path: Packages/com.unity.render-pipelines.universal/Editor/ShaderGraph/GraphTemplates/Terrain Standard 4 Layers URP.shadergraph - Importer: ScriptedImporter/UnityEditor.QuickSearchModule:UnityEditor.Search:ASIAI0B' with importer (ScriptedImporter : UnityEditor.QuickSearchModule:UnityEditor.Search:ASIAI0B)
Imported 'GUID: bc3def193b270c649b041063a70a1a1f' -> (Import Result ID: '177a315d9d127a7ecd179ef608fe2d9c') in 0.014 seconds [static and dynamic dependencies]. Details - ImportResultOutputID=6585e00df20c709a6d6325348c07edd0 DependenciesID=0e0f317dd1ff0756dd5d0e3bc0b686cb StaticDependenciesID=9d2a1c3a7693867ebfb021b613c21c11 
Number of updated asset objects reloaded before import = 0
Number of asset objects unloaded after import = 9
========================================================================
Received Import Request.
  Time of request: 2026-09-04T15:31:58.8581768Z
  Time since last request: 0.0000129 seconds.
  importAddress: GUID: fb7e2c1cde476854fb7067dcca74511a - Path: Packages/com.unity.render-pipelines.universal/Editor/2D/Resources/LightCapBottomLeft.png - Importer: ScriptedImporter/UnityEditor.QuickSearchModule:UnityEditor.Search:ASIAI0B
Importing 'GUID: fb7e2c1cde476854fb7067dcca74511a - Path: Packages/com.unity.render-pipelines.universal/Editor/2D/Resources/LightCapBottomLeft.png - Importer: ScriptedImporter/UnityEditor.QuickSearchModule:UnityEditor.Search:ASIAI0B' with importer (ScriptedImporter : UnityEditor.QuickSearchModule:UnityEditor.Search:ASIAI0B)
Imported 'GUID: fb7e2c1cde476854fb7067dcca74511a' -> (Import Result ID: '65fbef74ff6b6003eef60fa6a136540a') in 0.005 seconds [static and dynamic dependencies]. Details - ImportResultOutputID=8537d3a774a4af85c680235dce0b783f DependenciesID=a793b2da3a1301ced8b092947f29c6b1 StaticDependenciesID=803dd258ee6f46f7097993c0e6d20279 
Number of updated asset objects reloaded before import = 0
Number of asset objects unloaded after import = 1
========================================================================
Received Import Request.
  Time of request: 2026-09-04T15:31:58.869148Z
  Time since last request: 0.0002187 seconds.
  importAddress: GUID: 2774e65a956f7428a9ba09fe1098e1eb - Path: Packages/com.unity.render-pipelines.universal/Editor/ShaderGraph/Includes/PBRForwardPass.hlsl - Importer: ScriptedImporter/UnityEditor.QuickSearchModule:UnityEditor.Search:ASIAI0B
Importing 'GUID: 2774e65a956f7428a9ba09fe1098e1eb - Path: Packages/com.unity.render-pipelines.universal/Editor/ShaderGraph/Includes/PBRForwardPass.hlsl - Importer: ScriptedImporter/UnityEditor.QuickSearchModule:UnityEditor.Search:ASIAI0B' with importer (ScriptedImporter : UnityEditor.QuickSearchModule:UnityEditor.Search:ASIAI0B)
Imported 'GUID: 2774e65a956f7428a9ba09fe1098e1eb' -> (Import Result ID: '9a0ec132c48620886ddfd7b64d32bfbb') in 0.003 seconds [static and dynamic dependencies]. Details - ImportResultOutputID=8bae0dd648a45a2f2e7d5c6280357714 DependenciesID=a76aac67b69acb71f607f4c5b4b0f73b StaticDependenciesID=a4e5699dc895173f0730a9dfc95f8ae1 
Number of updated asset objects reloaded before import = 0
Number of asset objects unloaded after import = 1
========================================================================
Received Import Request.
  Time of request: 2026-09-04T15:31:58.8782418Z
  Time since last request: 0.0002336 seconds.
  importAddress: GUID: ba78d2682f9fed14fb0827a24fb5a1f0 - Path: Packages/com.unity.render-pipelines.universal/Editor/ShaderGraph/Includes/ShaderPass.hlsl - Importer: ScriptedImporter/UnityEditor.QuickSearchModule:UnityEditor.Search:ASIAI0B
Importing 'GUID: ba78d2682f9fed14fb0827a24fb5a1f0 - Path: Packages/com.unity.render-pipelines.universal/Editor/ShaderGraph/Includes/ShaderPass.hlsl - Importer: ScriptedImporter/UnityEditor.QuickSearchModule:UnityEditor.Search:ASIAI0B' with importer (ScriptedImporter : UnityEditor.QuickSearchModule:UnityEditor.Search:ASIAI0B)
Imported 'GUID: ba78d2682f9fed14fb0827a24fb5a1f0' -> (Import Result ID: 'eb6f418e69d8fdd842b344c405557386') in 0.004 seconds [static and dynamic dependencies]. Details - ImportResultOutputID=5f22f3af97cea0b05649bfebbf70ea85 DependenciesID=af7a382a1222809dd8692add14c39724 StaticDependenciesID=ce574a98fcbf0df25e1fc6ecdcb7ac4f 
Number of updated asset objects reloaded before import = 0
Number of asset objects unloaded after import = 1
========================================================================
Received Import Request.
  Time of request: 2026-09-04T15:31:58.8885467Z
  Time since last request: 0.0002164 seconds.
  importAddress: GUID: 3e01bbae25716b24ea9da11102b44902 - Path: Packages/com.unity.render-pipelines.universal/Editor/ShaderGraph/GraphTemplates/UITKFullTemplate.shadergraph - Importer: ScriptedImporter/UnityEditor.QuickSearchModule:UnityEditor.Search:ASIAI0B
Importing 'GUID: 3e01bbae25716b24ea9da11102b44902 - Path: Packages/com.unity.render-pipelines.universal/Editor/ShaderGraph/GraphTemplates/UITKFullTemplate.shadergraph - Importer: ScriptedImporter/UnityEditor.QuickSearchModule:UnityEditor.Search:ASIAI0B' with importer (ScriptedImporter : UnityEditor.QuickSearchModule:UnityEditor.Search:ASIAI0B)
Imported 'GUID: 3e01bbae25716b24ea9da11102b44902' -> (Import Result ID: '16084d5c3a71c816da2768402e515834') in 0.006 seconds [static and dynamic dependencies]. Details - ImportResultOutputID=30aa85bfd66d191995059ee02c77ad9f DependenciesID=5e2acac4721cc672db64d5522c6e7afc StaticDependenciesID=51e48f3400b42f832fafe191e736b2ac 
Number of updated asset objects reloaded before import = 0
Number of asset objects unloaded after import = 5
========================================================================
Received Import Request.
  Time of request: 2026-09-04T15:31:58.9002476Z
  Time since last request: 0.0002035 seconds.
  importAddress: GUID: 6f5f3e944558b294093fde8026e4d36e - Path: Packages/com.unity.render-pipelines.universal/Editor/SceneTemplates/Indoors/Indoors Baking Set.asset - Importer: ScriptedImporter/UnityEditor.QuickSearchModule:UnityEditor.Search:ASIAI0B
Importing 'GUID: 6f5f3e944558b294093fde8026e4d36e - Path: Packages/com.unity.render-pipelines.universal/Editor/SceneTemplates/Indoors/Indoors Baking Set.asset - Importer: ScriptedImporter/UnityEditor.QuickSearchModule:UnityEditor.Search:ASIAI0B' with importer (ScriptedImporter : UnityEditor.QuickSearchModule:UnityEditor.Search:ASIAI0B)
Imported 'GUID: 6f5f3e944558b294093fde8026e4d36e' -> (Import Result ID: 'c97e3be4d1a3a3976937216a5eca2174') in 0.033 seconds [static and dynamic dependencies]. Details - ImportResultOutputID=a9fafaf15171ba13e55882973725e7c5 DependenciesID=7a159e6b724a0835f9d66ef950b8bc37 StaticDependenciesID=d9f4de58bdbb0b88a77438da5e0f84c5 
Number of updated asset objects reloaded before import = 0
Number of asset objects unloaded after import = 1
========================================================================
Received Import Request.
  Time of request: 2026-09-04T15:31:58.9403574Z
  Time since last request: 0.0002416 seconds.
  importAddress: GUID: 8f266648f26372548b2ae696d6db739e - Path: Packages/com.unity.render-pipelines.universal/Editor/ShaderGraph/Includes/DepthOnlyPass.hlsl - Importer: ScriptedImporter/UnityEditor.QuickSearchModule:UnityEditor.Search:ASIAI0B
Importing 'GUID: 8f266648f26372548b2ae696d6db739e - Path: Packages/com.unity.render-pipelines.universal/Editor/ShaderGraph/Includes/DepthOnlyPass.hlsl - Importer: ScriptedImporter/UnityEditor.QuickSearchModule:UnityEditor.Search:ASIAI0B' with importer (ScriptedImporter : UnityEditor.QuickSearchModule:UnityEditor.Search:ASIAI0B)
Imported 'GUID: 8f266648f26372548b2ae696d6db739e' -> (Import Result ID: '0d1590c9402b34cc31893d125beabb99') in 0.004 seconds [static and dynamic dependencies]. Details - ImportResultOutputID=2651290689307348df65b19e771bd291 DependenciesID=d40cb31b9a08b3e8092f3767874418c3 StaticDependenciesID=8b1293c462fe75e8dcfbadd8d21f4876 
Number of updated asset objects reloaded before import = 0
Number of asset objects unloaded after import = 1
========================================================================
Received Import Request.
  Time of request: 2026-09-04T15:31:58.9512042Z
  Time since last request: 0.0001787 seconds.
  importAddress: GUID: 0d0f817524897904ba47a6a1d55e7668 - Path: Packages/com.unity.render-pipelines.universal/Editor/Overrides/Shaders/CurveBackground.shader - Importer: ScriptedImporter/UnityEditor.QuickSearchModule:UnityEditor.Search:ASIAI0B
Importing 'GUID: 0d0f817524897904ba47a6a1d55e7668 - Path: Packages/com.unity.render-pipelines.universal/Editor/Overrides/Shaders/CurveBackground.shader - Importer: ScriptedImporter/UnityEditor.QuickSearchModule:UnityEditor.Search:ASIAI0B' with importer (ScriptedImporter : UnityEditor.QuickSearchModule:UnityEditor.Search:ASIAI0B)
Imported 'GUID: 0d0f817524897904ba47a6a1d55e7668' -> (Import Result ID: '70f86b8064d6633a362bd6d439bb3ed2') in 0.004 seconds [static and dynamic dependencies]. Details - ImportResultOutputID=f422f69c1bd12ed253145cea799a118a DependenciesID=ffe19c21dcdd864e94e87b163154c5e5 StaticDependenciesID=2b09f8c0a97ff5606a324f216ffd8240 
Number of updated asset objects reloaded before import = 0
Number of asset objects unloaded after import = 1
========================================================================
Received Import Request.
  Time of request: 2026-09-04T15:31:58.9628812Z
  Time since last request: 0.0002659 seconds.
  importAddress: GUID: 8052b80993fff1242975e48e123bb767 - Path: Packages/com.unity.render-pipelines.universal/Editor/ShaderGraph/GraphTemplates/UITKBasicTemplate.png - Importer: ScriptedImporter/UnityEditor.QuickSearchModule:UnityEditor.Search:ASIAI0B
Importing 'GUID: 8052b80993fff1242975e48e123bb767 - Path: Packages/com.unity.render-pipelines.universal/Editor/ShaderGraph/GraphTemplates/UITKBasicTemplate.png - Importer: ScriptedImporter/UnityEditor.QuickSearchModule:UnityEditor.Search:ASIAI0B' with importer (ScriptedImporter : UnityEditor.QuickSearchModule:UnityEditor.Search:ASIAI0B)
Imported 'GUID: 8052b80993fff1242975e48e123bb767' -> (Import Result ID: '4e9b13e75c3bb20bbfaba0f17bf86d6f') in 0.007 seconds [static and dynamic dependencies]. Details - ImportResultOutputID=a3e55a374f3765429ca756fc08f76d8c DependenciesID=e0ceee40b67931b616db1db44c7bf2ec StaticDependenciesID=a6d8d6d095816a0d71f09fbe535038d1 
Number of updated asset objects reloaded before import = 0
Number of asset objects unloaded after import = 1
========================================================================
Received Import Request.
  Time of request: 2026-09-04T15:31:58.9881105Z
  Time since last request: 0.0116248 seconds.
  importAddress: GUID: 1e2567cd71037a647ad53fc83080600b - Path: Packages/com.unity.render-pipelines.universal/Runtime/2D/Rendergraph/CopyCameraSortingLayerPass.cs - Importer: ScriptedImporter/UnityEditor.QuickSearchModule:UnityEditor.Search:ASIAI0B
Importing 'GUID: 1e2567cd71037a647ad53fc83080600b - Path: Packages/com.unity.render-pipelines.universal/Runtime/2D/Rendergraph/CopyCameraSortingLayerPass.cs - Importer: ScriptedImporter/UnityEditor.QuickSearchModule:UnityEditor.Search:ASIAI0B' with importer (ScriptedImporter : UnityEditor.QuickSearchModule:UnityEditor.Search:ASIAI0B)
Imported 'GUID: 1e2567cd71037a647ad53fc83080600b' -> (Import Result ID: '660e87b32d7f694ee1da03df80e534d8') in 0.004 seconds [static and dynamic dependencies]. Details - ImportResultOutputID=8a3c59c6322796f9847e0770ac8114bb DependenciesID=964fec599742f8d18770443d93aad84d StaticDependenciesID=00437cccb591510b54b904026d52856d 
Number of updated asset objects reloaded before import = 0
Number of asset objects unloaded after import = 0
========================================================================
Received Import Request.
  Time of request: 2026-09-04T15:31:58.999761Z
  Time since last request: 0.0002544 seconds.
  importAddress: GUID: 92228d45c1ff66740bfa9e6d97f7e280 - Path: Packages/com.unity.render-pipelines.universal/Editor/ShaderGraph/Targets/UniversalSubTarget.cs - Importer: ScriptedImporter/UnityEditor.QuickSearchModule:UnityEditor.Search:ASIAI0B
Importing 'GUID: 92228d45c1ff66740bfa9e6d97f7e280 - Path: Packages/com.unity.render-pipelines.universal/Editor/ShaderGraph/Targets/UniversalSubTarget.cs - Importer: ScriptedImporter/UnityEditor.QuickSearchModule:UnityEditor.Search:ASIAI0B' with importer (ScriptedImporter : UnityEditor.QuickSearchModule:UnityEditor.Search:ASIAI0B)
Imported 'GUID: 92228d45c1ff66740bfa9e6d97f7e280' -> (Import Result ID: 'cad98622167e9b91bf79bdb5b3fd6082') in 0.004 seconds [static and dynamic dependencies]. Details - ImportResultOutputID=e3af923c18ea151475f02f0288fde525 DependenciesID=f23a243f75f60496730478da6aacd9f6 StaticDependenciesID=7e418aa67e3747b7745f9f0344ec9c04 
Number of updated asset objects reloaded before import = 0
Number of asset objects unloaded after import = 0
========================================================================
Received Import Request.
  Time of request: 2026-09-04T15:31:59.0121167Z
  Time since last request: 0.0001684 seconds.
  importAddress: GUID: 4c72c43322666bd4dbe58de9815b0639 - Path: Packages/com.unity.render-pipelines.universal/Editor/VFXGraph/Shaders/VFXSGSurfaceData.template - Importer: ScriptedImporter/UnityEditor.QuickSearchModule:UnityEditor.Search:ASIAI0B
Importing 'GUID: 4c72c43322666bd4dbe58de9815b0639 - Path: Packages/com.unity.render-pipelines.universal/Editor/VFXGraph/Shaders/VFXSGSurfaceData.template - Importer: ScriptedImporter/UnityEditor.QuickSearchModule:UnityEditor.Search:ASIAI0B' with importer (ScriptedImporter : UnityEditor.QuickSearchModule:UnityEditor.Search:ASIAI0B)
Imported 'GUID: 4c72c43322666bd4dbe58de9815b0639' -> (Import Result ID: '44596fba2bd9cacd84185cded1d826b7') in 0.003 seconds [static and dynamic dependencies]. Details - ImportResultOutputID=87676a0812f9959763725a88db6ec45d DependenciesID=7248a999fc7958c996bb417e6a3e9d38 StaticDependenciesID=be9eca9607438f45bed4b5c938f297f8 
Number of updated asset objects reloaded before import = 0
Number of asset objects unloaded after import = 1
========================================================================
Received Import Request.
  Time of request: 2026-09-04T15:31:59.023912Z
  Time since last request: 0.0002519 seconds.
  importAddress: GUID: 89944a86d17a433682835ec4b89dc07f - Path: Packages/com.unity.render-pipelines.universal/Editor/VFXGraph/Shaders/VFXVertexProbeSampling.template - Importer: ScriptedImporter/UnityEditor.QuickSearchModule:UnityEditor.Search:ASIAI0B
Importing 'GUID: 89944a86d17a433682835ec4b89dc07f - Path: Packages/com.unity.render-pipelines.universal/Editor/VFXGraph/Shaders/VFXVertexProbeSampling.template - Importer: ScriptedImporter/UnityEditor.QuickSearchModule:UnityEditor.Search:ASIAI0B' with importer (ScriptedImporter : UnityEditor.QuickSearchModule:UnityEditor.Search:ASIAI0B)
Imported 'GUID: 89944a86d17a433682835ec4b89dc07f' -> (Import Result ID: '72c82f0c817c609385b86b2ba8438410') in 0.004 seconds [static and dynamic dependencies]. Details - ImportResultOutputID=ef8ec7d7835498717bdafd04f9672f69 DependenciesID=64e64ea7d6d744cab030a9278ea3468f StaticDependenciesID=e3f3f9d019f3b06131cbbe66cfcef797 
Number of updated asset objects reloaded before import = 0
Number of asset objects unloaded after import = 1
========================================================================
Received Import Request.
  Time of request: 2026-09-04T15:31:59.0370894Z
  Time since last request: 0.0002378 seconds.
  importAddress: GUID: e0c1f3f375c6ee44da3982445ffb92a4 - Path: Packages/com.unity.render-pipelines.universal/Editor/ShaderGraph/Templates/ShaderPass.template - Importer: ScriptedImporter/UnityEditor.QuickSearchModule:UnityEditor.Search:ASIAI0B
Importing 'GUID: e0c1f3f375c6ee44da3982445ffb92a4 - Path: Packages/com.unity.render-pipelines.universal/Editor/ShaderGraph/Templates/ShaderPass.template - Importer: ScriptedImporter/UnityEditor.QuickSearchModule:UnityEditor.Search:ASIAI0B' with importer (ScriptedImporter : UnityEditor.QuickSearchModule:UnityEditor.Search:ASIAI0B)
Imported 'GUID: e0c1f3f375c6ee44da3982445ffb92a4' -> (Import Result ID: 'fcad1629666b1603d1c4b0f6f8b53afc') in 0.006 seconds [static and dynamic dependencies]. Details - ImportResultOutputID=79b4e76fd11992d1f723ece065ac0e89 DependenciesID=f3d84b63436313f84ae62ffe3fd8d3a1 StaticDependenciesID=75702c1e0d0163517f9fa2f08ce944e5 
Number of updated asset objects reloaded before import = 0
Number of asset objects unloaded after import = 1
========================================================================
Received Import Request.
  Time of request: 2026-09-04T15:31:59.0514409Z
  Time since last request: 0.0002366 seconds.
  importAddress: GUID: 73570bca5636a644cb758c4a0098ae05 - Path: Packages/com.unity.render-pipelines.universal/Editor/Tools/MaterialUpgrader/UniversalSpeedTree9MaterialUpgrader.cs - Importer: ScriptedImporter/UnityEditor.QuickSearchModule:UnityEditor.Search:ASIAI0B
Importing 'GUID: 73570bca5636a644cb758c4a0098ae05 - Path: Packages/com.unity.render-pipelines.universal/Editor/Tools/MaterialUpgrader/UniversalSpeedTree9MaterialUpgrader.cs - Importer: ScriptedImporter/UnityEditor.QuickSearchModule:UnityEditor.Search:ASIAI0B' with importer (ScriptedImporter : UnityEditor.QuickSearchModule:UnityEditor.Search:ASIAI0B)
Imported 'GUID: 73570bca5636a644cb758c4a0098ae05' -> (Import Result ID: '7f4dece54decc21b0b0fb339d16bf0ed') in 0.003 seconds [static and dynamic dependencies]. Details - ImportResultOutputID=68b65df79f30c542ba013859a032d547 DependenciesID=4020578c2c3080a91807a52597aad9e1 StaticDependenciesID=b22b37f9dc64d8d3ae626166a9c22820 
Number of updated asset objects reloaded before import = 0
Number of asset objects unloaded after import = 0
========================================================================
Received Import Request.
  Time of request: 2026-09-04T15:31:59.0618535Z
  Time since last request: 0.0002369 seconds.
  importAddress: GUID: 2085a40153652db43a116297c1924476 - Path: Packages/com.unity.render-pipelines.universal/Editor/ShaderGraph/Includes/Varyings.hlsl - Importer: ScriptedImporter/UnityEditor.QuickSearchModule:UnityEditor.Search:ASIAI0B
Importing 'GUID: 2085a40153652db43a116297c1924476 - Path: Packages/com.unity.render-pipelines.universal/Editor/ShaderGraph/Includes/Varyings.hlsl - Importer: ScriptedImporter/UnityEditor.QuickSearchModule:UnityEditor.Search:ASIAI0B' with importer (ScriptedImporter : UnityEditor.QuickSearchModule:UnityEditor.Search:ASIAI0B)
Imported 'GUID: 2085a40153652db43a116297c1924476' -> (Import Result ID: '03787aa007fe2c28c67d313346698b57') in 0.004 seconds [static and dynamic dependencies]. Details - ImportResultOutputID=0eb9ee8fc37d2725d297dd4448c6de33 DependenciesID=3b8bfe7612db8d878bb21b7119a2ae78 StaticDependenciesID=37587f166f71534899c02784f2418b0b 
Number of updated asset objects reloaded before import = 0
Number of asset objects unloaded after import = 1
========================================================================
Received Import Request.
  Time of request: 2026-09-04T15:31:59.0733107Z
  Time since last request: 0.0001946 seconds.
  importAddress: GUID: 8f8544f075b7a2f4fa7324c965608fb2 - Path: Packages/com.unity.render-pipelines.universal/Runtime/2D/Rendergraph/Renderer2DRendergraph.cs - Importer: ScriptedImporter/UnityEditor.QuickSearchModule:UnityEditor.Search:ASIAI0B
Importing 'GUID: 8f8544f075b7a2f4fa7324c965608fb2 - Path: Packages/com.unity.render-pipelines.universal/Runtime/2D/Rendergraph/Renderer2DRendergraph.cs - Importer: ScriptedImporter/UnityEditor.QuickSearchModule:UnityEditor.Search:ASIAI0B' with importer (ScriptedImporter : UnityEditor.QuickSearchModule:UnityEditor.Search:ASIAI0B)
Imported 'GUID: 8f8544f075b7a2f4fa7324c965608fb2' -> (Import Result ID: 'e1129f702a07311020d55bc59709c0f5') in 0.003 seconds [static and dynamic dependencies]. Details - ImportResultOutputID=85a2222ee80a7d94ae6cd76b67538784 DependenciesID=aa7a5dc43cea005d2206db65faf0190b StaticDependenciesID=ee312a4fb2e2e48a36afc2f80a21722f 
Number of updated asset objects reloaded before import = 0
Number of asset objects unloaded after import = 0
========================================================================
Received Import Request.
  Time of request: 2026-09-04T15:31:59.0848021Z
  Time since last request: 0.0001994 seconds.
  importAddress: GUID: 14716551160f4757bf2332c27a53ec34 - Path: Packages/com.unity.render-pipelines.universal/Runtime/2D/Lights/Light2DAuthoring.cs - Importer: ScriptedImporter/UnityEditor.QuickSearchModule:UnityEditor.Search:ASIAI0B
Importing 'GUID: 14716551160f4757bf2332c27a53ec34 - Path: Packages/com.unity.render-pipelines.universal/Runtime/2D/Lights/Light2DAuthoring.cs - Importer: ScriptedImporter/UnityEditor.QuickSearchModule:UnityEditor.Search:ASIAI0B' with importer (ScriptedImporter : UnityEditor.QuickSearchModule:UnityEditor.Search:ASIAI0B)
Imported 'GUID: 14716551160f4757bf2332c27a53ec34' -> (Import Result ID: '1bdee24c435dd3e7ddfa339fa9793a03') in 0.004 seconds [static and dynamic dependencies]. Details - ImportResultOutputID=c1d8d28101f4c3c2996617f0c6331c4a DependenciesID=8460e5b2dfe2a97886786ab5e6647a1a StaticDependenciesID=930f55627b70f79bda1a5dcf33cac9f4 
Number of updated asset objects reloaded before import = 0
Number of asset objects unloaded after import = 0
========================================================================
Received Import Request.
  Time of request: 2026-09-04T15:31:59.0950812Z
  Time since last request: 0.0002617 seconds.
  importAddress: GUID: b33851187d4324530b9f7abfe14d0137 - Path: Packages/com.unity.render-pipelines.universal/Editor/ShaderGUI/ShadingModels/LitGUI.cs - Importer: ScriptedImporter/UnityEditor.QuickSearchModule:UnityEditor.Search:ASIAI0B
Importing 'GUID: b33851187d4324530b9f7abfe14d0137 - Path: Packages/com.unity.render-pipelines.universal/Editor/ShaderGUI/ShadingModels/LitGUI.cs - Importer: ScriptedImporter/UnityEditor.QuickSearchModule:UnityEditor.Search:ASIAI0B' with importer (ScriptedImporter : UnityEditor.QuickSearchModule:UnityEditor.Search:ASIAI0B)
Imported 'GUID: b33851187d4324530b9f7abfe14d0137' -> (Import Result ID: 'a78dfafc8b2d9ce511c938be24c71c66') in 0.004 seconds [static and dynamic dependencies]. Details - ImportResultOutputID=076d71cdbfc821fb65ae71619a82f2a7 DependenciesID=413a501b2c9a1258e1e53db54224fe93 StaticDependenciesID=b12acac5882e86bf9715cf33af7aab56 
Number of updated asset objects reloaded before import = 0
Number of asset objects unloaded after import = 0
========================================================================
Received Import Request.
  Time of request: 2026-09-04T15:31:59.1082795Z
  Time since last request: 0.0004921 seconds.
  importAddress: GUID: 9818dc043dbe84466a71ed6178bbffda - Path: Packages/com.unity.render-pipelines.universal/Editor/ShaderGUI/Shaders/ParticlesLitShader.cs - Importer: ScriptedImporter/UnityEditor.QuickSearchModule:UnityEditor.Search:ASIAI0B
Importing 'GUID: 9818dc043dbe84466a71ed6178bbffda - Path: Packages/com.unity.render-pipelines.universal/Editor/ShaderGUI/Shaders/ParticlesLitShader.cs - Importer: ScriptedImporter/UnityEditor.QuickSearchModule:UnityEditor.Search:ASIAI0B' with importer (ScriptedImporter : UnityEditor.QuickSearchModule:UnityEditor.Search:ASIAI0B)
Imported 'GUID: 9818dc043dbe84466a71ed6178bbffda' -> (Import Result ID: '47413b5fb0c42900bc6d52078a7b43ab') in 0.005 seconds [static and dynamic dependencies]. Details - ImportResultOutputID=c6375dd4004375cc84b72fb2c6b8f0e3 DependenciesID=e15417be866851751e5ae848eeddb395 StaticDependenciesID=8c9ef103d72fc7eb6705368b7c24b10d 
Number of updated asset objects reloaded before import = 0
Number of asset objects unloaded after import = 0
========================================================================
Received Import Request.
  Time of request: 2026-09-04T15:31:59.1251401Z
  Time since last request: 0.0003707 seconds.
  importAddress: GUID: a72ab9c46e7987c40bcd48bcf9e7c0dd - Path: Packages/com.unity.render-pipelines.universal/Editor/ShaderGUI/Shaders/LitShader.cs - Importer: ScriptedImporter/UnityEditor.QuickSearchModule:UnityEditor.Search:ASIAI0B
Importing 'GUID: a72ab9c46e7987c40bcd48bcf9e7c0dd - Path: Packages/com.unity.render-pipelines.universal/Editor/ShaderGUI/Shaders/LitShader.cs - Importer: ScriptedImporter/UnityEditor.QuickSearchModule:UnityEditor.Search:ASIAI0B' with importer (ScriptedImporter : UnityEditor.QuickSearchModule:UnityEditor.Search:ASIAI0B)
Imported 'GUID: a72ab9c46e7987c40bcd48bcf9e7c0dd' -> (Import Result ID: '13fa622baae400b54ddc9f0ff87470ea') in 0.004 seconds [static and dynamic dependencies]. Details - ImportResultOutputID=5157e3ba55ded24233524b236864014d DependenciesID=fc8fe31a74f229571cc325697cfe8018 StaticDependenciesID=e2c64cc321fcb941f7129d6d210b388a 
Number of updated asset objects reloaded before import = 0
Number of asset objects unloaded after import = 0
========================================================================
Received Import Request.
  Time of request: 2026-09-04T15:31:59.1388833Z
  Time since last request: 0.0002988 seconds.
  importAddress: GUID: e0f10937bae94291b66fd98a6d300c08 - Path: Packages/com.unity.render-pipelines.universal/Runtime/2D/Rendergraph/DrawRenderer2DPass.cs - Importer: ScriptedImporter/UnityEditor.QuickSearchModule:UnityEditor.Search:ASIAI0B
Importing 'GUID: e0f10937bae94291b66fd98a6d300c08 - Path: Packages/com.unity.render-pipelines.universal/Runtime/2D/Rendergraph/DrawRenderer2DPass.cs - Importer: ScriptedImporter/UnityEditor.QuickSearchModule:UnityEditor.Search:ASIAI0B' with importer (ScriptedImporter : UnityEditor.QuickSearchModule:UnityEditor.Search:ASIAI0B)
Imported 'GUID: e0f10937bae94291b66fd98a6d300c08' -> (Import Result ID: 'd294a8164d4300d0eee3bc83d3866690') in 0.003 seconds [static and dynamic dependencies]. Details - ImportResultOutputID=331076016d883548c6d414362246a98e DependenciesID=6866c4c7a871b2d623ff5c3b08db04dd StaticDependenciesID=5361f5498b6a922cfef360c1629f4ed9 
Number of updated asset objects reloaded before import = 0
Number of asset objects unloaded after import = 0
========================================================================
Received Import Request.
  Time of request: 2026-09-04T15:31:59.1496992Z
  Time since last request: 0.0002436 seconds.
  importAddress: GUID: 38f48a8d66b2adc46887f23a3a88ac01 - Path: Packages/com.unity.render-pipelines.universal/Runtime/2D/Shadows/CompositeShadowCaster2D.cs - Importer: ScriptedImporter/UnityEditor.QuickSearchModule:UnityEditor.Search:ASIAI0B
Importing 'GUID: 38f48a8d66b2adc46887f23a3a88ac01 - Path: Packages/com.unity.render-pipelines.universal/Runtime/2D/Shadows/CompositeShadowCaster2D.cs - Importer: ScriptedImporter/UnityEditor.QuickSearchModule:UnityEditor.Search:ASIAI0B' with importer (ScriptedImporter : UnityEditor.QuickSearchModule:UnityEditor.Search:ASIAI0B)
Imported 'GUID: 38f48a8d66b2adc46887f23a3a88ac01' -> (Import Result ID: 'ebc127d166bc7d5d4dcc0bb6ad057021') in 0.003 seconds [static and dynamic dependencies]. Details - ImportResultOutputID=1c484d97bb526762a0c9ccbcb32bc0b6 DependenciesID=ed2ba791141756d79a71aa3d88c020b6 StaticDependenciesID=e08a729fb1eeb4825b0cbada23427386 
Number of updated asset objects reloaded before import = 0
Number of asset objects unloaded after import = 0
========================================================================
Received Import Request.
  Time of request: 2026-09-04T15:31:59.1598672Z
  Time since last request: 0.0002372 seconds.
  importAddress: GUID: 75b765822461a574aa8530ff269a3686 - Path: Packages/com.unity.render-pipelines.universal/Runtime/2D/Rendergraph/DrawShadow2DPass.cs - Importer: ScriptedImporter/UnityEditor.QuickSearchModule:UnityEditor.Search:ASIAI0B
Importing 'GUID: 75b765822461a574aa8530ff269a3686 - Path: Packages/com.unity.render-pipelines.universal/Runtime/2D/Rendergraph/DrawShadow2DPass.cs - Importer: ScriptedImporter/UnityEditor.QuickSearchModule:UnityEditor.Search:ASIAI0B' with importer (ScriptedImporter : UnityEditor.QuickSearchModule:UnityEditor.Search:ASIAI0B)
Imported 'GUID: 75b765822461a574aa8530ff269a3686' -> (Import Result ID: '45c678fb17a500a6690083a596ff8787') in 0.003 seconds [static and dynamic dependencies]. Details - ImportResultOutputID=caa8b5706733a395a1c96cb095db6370 DependenciesID=98b2fee4d7595f69c35f59594cf09ad4 StaticDependenciesID=84f69828af1b426ef85037461d9896ab 
Number of updated asset objects reloaded before import = 0
Number of asset objects unloaded after import = 0
========================================================================
Received Import Request.
  Time of request: 2026-09-04T15:31:59.1825467Z
  Time since last request: 0.0124116 seconds.
  importAddress: GUID: 8406b95d18054752ac25ef8eb7ac2d41 - Path: Packages/com.unity.render-pipelines.universal/Runtime/RendererFeatures/SurfaceCacheGIRendererFeature/SurfaceCacheGIRendererFeature.cs - Importer: ScriptedImporter/UnityEditor.QuickSearchModule:UnityEditor.Search:ASIAI0B
Importing 'GUID: 8406b95d18054752ac25ef8eb7ac2d41 - Path: Packages/com.unity.render-pipelines.universal/Runtime/RendererFeatures/SurfaceCacheGIRendererFeature/SurfaceCacheGIRendererFeature.cs - Importer: ScriptedImporter/UnityEditor.QuickSearchModule:UnityEditor.Search:ASIAI0B' with importer (ScriptedImporter : UnityEditor.QuickSearchModule:UnityEditor.Search:ASIAI0B)
Imported 'GUID: 8406b95d18054752ac25ef8eb7ac2d41' -> (Import Result ID: 'f7e7dcffe70db32cd89a60d173bdf789') in 0.004 seconds [static and dynamic dependencies]. Details - ImportResultOutputID=e788753664d67fd5a481a1eb6ddd0fb7 DependenciesID=5ef793f5e605ea156ac1dc4e1b77e0e7 StaticDependenciesID=827ec7719549ddd4d9408c73376a9d1d 
Number of updated asset objects reloaded before import = 0
Number of asset objects unloaded after import = 0
========================================================================
Received Import Request.
  Time of request: 2026-09-04T15:31:59.193756Z
  Time since last request: 0.0003571 seconds.
  importAddress: GUID: 689773a2623777f4980186bdb52e4df5 - Path: Packages/com.unity.render-pipelines.universal/Runtime/Decal/ScreenSpace/DecalScreenSpaceRenderPass.cs - Importer: ScriptedImporter/UnityEditor.QuickSearchModule:UnityEditor.Search:ASIAI0B
Importing 'GUID: 689773a2623777f4980186bdb52e4df5 - Path: Packages/com.unity.render-pipelines.universal/Runtime/Decal/ScreenSpace/DecalScreenSpaceRenderPass.cs - Importer: ScriptedImporter/UnityEditor.QuickSearchModule:UnityEditor.Search:ASIAI0B' with importer (ScriptedImporter : UnityEditor.QuickSearchModule:UnityEditor.Search:ASIAI0B)
Imported 'GUID: 689773a2623777f4980186bdb52e4df5' -> (Import Result ID: 'b64d3c5d656eebc386f7704090772e0a') in 0.004 seconds [static and dynamic dependencies]. Details - ImportResultOutputID=bc1fb45b561cf6b94b523045bc64dd24 DependenciesID=805a3c1d8545a7d297b9d68e0a135a6c StaticDependenciesID=09268c1da2f988e9d9623bcf78e61921 
Number of updated asset objects reloaded before import = 0
Number of asset objects unloaded after import = 0
========================================================================
Received Import Request.
  Time of request: 2026-09-04T15:31:59.2048054Z
  Time since last request: 0.0002541 seconds.
  importAddress: GUID: f6f4af85aaf424142972405bdfd5954e - Path: Packages/com.unity.render-pipelines.universal/Runtime/Passes/PostProcess/Fsr1UpscalePostProcessPass.cs - Importer: ScriptedImporter/UnityEditor.QuickSearchModule:UnityEditor.Search:ASIAI0B
Importing 'GUID: f6f4af85aaf424142972405bdfd5954e - Path: Packages/com.unity.render-pipelines.universal/Runtime/Passes/PostProcess/Fsr1UpscalePostProcessPass.cs - Importer: ScriptedImporter/UnityEditor.QuickSearchModule:UnityEditor.Search:ASIAI0B' with importer (ScriptedImporter : UnityEditor.QuickSearchModule:UnityEditor.Search:ASIAI0B)
Imported 'GUID: f6f4af85aaf424142972405bdfd5954e' -> (Import Result ID: '743eef71dce505d11fb71a6341f36d14') in 0.005 seconds [static and dynamic dependencies]. Details - ImportResultOutputID=c3b312d4756f235b6c6dac0c72e7a707 DependenciesID=cb4482cc6fcbf3b91c5eec249cb21f51 StaticDependenciesID=1c2aec9529681fce684056a5ec185eea 
Number of updated asset objects reloaded before import = 0
Number of asset objects unloaded after import = 0
========================================================================
Received Import Request.
  Time of request: 2026-09-04T15:31:59.2165591Z
  Time since last request: 0.0002574 seconds.
  importAddress: GUID: d2bfdb1a6a725194f86f62742dda59d2 - Path: Packages/com.unity.render-pipelines.universal/Runtime/Decal/DBuffer/DBufferRenderPass.cs - Importer: ScriptedImporter/UnityEditor.QuickSearchModule:UnityEditor.Search:ASIAI0B
Importing 'GUID: d2bfdb1a6a725194f86f62742dda59d2 - Path: Packages/com.unity.render-pipelines.universal/Runtime/Decal/DBuffer/DBufferRenderPass.cs - Importer: ScriptedImporter/UnityEditor.QuickSearchModule:UnityEditor.Search:ASIAI0B' with importer (ScriptedImporter : UnityEditor.QuickSearchModule:UnityEditor.Search:ASIAI0B)
Imported 'GUID: d2bfdb1a6a725194f86f62742dda59d2' -> (Import Result ID: '881b67a2858167d9d48f2a0e6e6c8da1') in 0.003 seconds [static and dynamic dependencies]. Details - ImportResultOutputID=4481242a9f700e0e0ea887982a0bc3a9 DependenciesID=30db9e77132565c5aeb1a53518897935 StaticDependenciesID=90faac210fb2e91fcb32b562432b9d64 
Number of updated asset objects reloaded before import = 0
Number of asset objects unloaded after import = 0
========================================================================
Received Import Request.
  Time of request: 2026-09-04T15:31:59.2279382Z
  Time since last request: 0.0002342 seconds.
  importAddress: GUID: 7c302ee1d7410a6458981a5f329520b4 - Path: Packages/com.unity.render-pipelines.universal/Runtime/RendererFeatures/SurfaceCacheGIRendererFeature/ScreenResolveUpsampling.compute - Importer: ScriptedImporter/UnityEditor.QuickSearchModule:UnityEditor.Search:ASIAI0B
Importing 'GUID: 7c302ee1d7410a6458981a5f329520b4 - Path: Packages/com.unity.render-pipelines.universal/Runtime/RendererFeatures/SurfaceCacheGIRendererFeature/ScreenResolveUpsampling.compute - Importer: ScriptedImporter/UnityEditor.QuickSearchModule:UnityEditor.Search:ASIAI0B' with importer (ScriptedImporter : UnityEditor.QuickSearchModule:UnityEditor.Search:ASIAI0B)
Imported 'GUID: 7c302ee1d7410a6458981a5f329520b4' -> (Import Result ID: '67b7752381a765ba63d65cc4c551081d') in 0.004 seconds [static and dynamic dependencies]. Details - ImportResultOutputID=4ae0ba5a496eb5fc8d3427a9a58a7e23 DependenciesID=10e83ba40065b3fcd03688a0b6eb8876 StaticDependenciesID=c9c28cb115ec11b7b3e81f6031559330 
Number of updated asset objects reloaded before import = 0
Number of asset objects unloaded after import = 1
========================================================================
Received Import Request.
  Time of request: 2026-09-04T15:31:59.2383154Z
  Time since last request: 0.0001727 seconds.
  importAddress: GUID: 8e7118b526134a64dac2e096e1466dd6 - Path: Packages/com.unity.render-pipelines.universal/Runtime/Decal/Entities/DecalDrawSystem.cs - Importer: ScriptedImporter/UnityEditor.QuickSearchModule:UnityEditor.Search:ASIAI0B
Importing 'GUID: 8e7118b526134a64dac2e096e1466dd6 - Path: Packages/com.unity.render-pipelines.universal/Runtime/Decal/Entities/DecalDrawSystem.cs - Importer: ScriptedImporter/UnityEditor.QuickSearchModule:UnityEditor.Search:ASIAI0B' with importer (ScriptedImporter : UnityEditor.QuickSearchModule:UnityEditor.Search:ASIAI0B)
Imported 'GUID: 8e7118b526134a64dac2e096e1466dd6' -> (Import Result ID: '13242a32400fbee9ca3fbd7a61c559d1') in 0.004 seconds [static and dynamic dependencies]. Details - ImportResultOutputID=41b196e08e7e2f7a36bde6bc7355116f DependenciesID=d8bc1cb90d0be14072be2238b9929b7a StaticDependenciesID=a391a2e78acdd9b1da55011be13200f6 
Number of updated asset objects reloaded before import = 0
Number of asset objects unloaded after import = 0
========================================================================
Received Import Request.
  Time of request: 2026-09-04T15:31:59.2487374Z
  Time since last request: 0.0002592 seconds.
  importAddress: GUID: 7db70e0ea77f5ac47a8f4565a9406397 - Path: Packages/com.unity.render-pipelines.universal/Runtime/2D/Shadows/ShadowCaster2D.cs - Importer: ScriptedImporter/UnityEditor.QuickSearchModule:UnityEditor.Search:ASIAI0B
Importing 'GUID: 7db70e0ea77f5ac47a8f4565a9406397 - Path: Packages/com.unity.render-pipelines.universal/Runtime/2D/Shadows/ShadowCaster2D.cs - Importer: ScriptedImporter/UnityEditor.QuickSearchModule:UnityEditor.Search:ASIAI0B' with importer (ScriptedImporter : UnityEditor.QuickSearchModule:UnityEditor.Search:ASIAI0B)
Imported 'GUID: 7db70e0ea77f5ac47a8f4565a9406397' -> (Import Result ID: '39ca6dc02feee1ffb1252476894326ab') in 0.003 seconds [static and dynamic dependencies]. Details - ImportResultOutputID=d91faed3996f55094d57dbecee5272aa DependenciesID=70c49b795567fc614ce2c20afa91edf2 StaticDependenciesID=f85f5eee3eb99fc1f51b2de9bdf663a0 
Number of updated asset objects reloaded before import = 0
Number of asset objects unloaded after import = 0
========================================================================
Received Import Request.
  Time of request: 2026-09-04T15:31:59.2589034Z
  Time since last request: 0.0002311 seconds.
  importAddress: GUID: 36f159460b6b00648afabd8225abd962 - Path: Packages/com.unity.render-pipelines.universal/Runtime/2D/Sources/Light2DSource_BuiltIn.cs - Importer: ScriptedImporter/UnityEditor.QuickSearchModule:UnityEditor.Search:ASIAI0B
Importing 'GUID: 36f159460b6b00648afabd8225abd962 - Path: Packages/com.unity.render-pipelines.universal/Runtime/2D/Sources/Light2DSource_BuiltIn.cs - Importer: ScriptedImporter/UnityEditor.QuickSearchModule:UnityEditor.Search:ASIAI0B' with importer (ScriptedImporter : UnityEditor.QuickSearchModule:UnityEditor.Search:ASIAI0B)
Imported 'GUID: 36f159460b6b00648afabd8225abd962' -> (Import Result ID: '7e4117e4c31f24916dfea51f94672a3f') in 0.003 seconds [static and dynamic dependencies]. Details - ImportResultOutputID=6a5b6eb3afa5500fdbe8bc825b07c7d2 DependenciesID=0fb3c47ce506f88c4659ba5fd2783a25 StaticDependenciesID=f05b7375134ed2bbd997ef347d1ec313 
Number of updated asset objects reloaded before import = 0
Number of asset objects unloaded after import = 0
========================================================================
Received Import Request.
  Time of request: 2026-09-04T15:31:59.2685758Z
  Time since last request: 0.0002497 seconds.
  importAddress: GUID: aef66ab76b8cc4546855b92dfdddeb23 - Path: Packages/com.unity.render-pipelines.universal/Runtime/Passes/PostProcess/FinalPostProcessPass.cs - Importer: ScriptedImporter/UnityEditor.QuickSearchModule:UnityEditor.Search:ASIAI0B
Importing 'GUID: aef66ab76b8cc4546855b92dfdddeb23 - Path: Packages/com.unity.render-pipelines.universal/Runtime/Passes/PostProcess/FinalPostProcessPass.cs - Importer: ScriptedImporter/UnityEditor.QuickSearchModule:UnityEditor.Search:ASIAI0B' with importer (ScriptedImporter : UnityEditor.QuickSearchModule:UnityEditor.Search:ASIAI0B)
Imported 'GUID: aef66ab76b8cc4546855b92dfdddeb23' -> (Import Result ID: 'e3d20aded6db07ad84da5b85207b394a') in 0.003 seconds [static and dynamic dependencies]. Details - ImportResultOutputID=8ed3890891a0e99fd6c6b9f8dab11a5d DependenciesID=683d8487544f6eca0e94dfc3b5bb7462 StaticDependenciesID=5d383182fac3182b351511309713d9a7 
Number of updated asset objects reloaded before import = 0
Number of asset objects unloaded after import = 0
========================================================================
Received Import Request.
  Time of request: 2026-09-04T15:31:59.2800605Z
  Time since last request: 0.0002783 seconds.
  importAddress: GUID: 56d99b71230e8854aa450311b2cc4e85 - Path: Packages/com.unity.render-pipelines.universal/Runtime/2D/Sources/Light2DProviderSources.cs - Importer: ScriptedImporter/UnityEditor.QuickSearchModule:UnityEditor.Search:ASIAI0B
Importing 'GUID: 56d99b71230e8854aa450311b2cc4e85 - Path: Packages/com.unity.render-pipelines.universal/Runtime/2D/Sources/Light2DProviderSources.cs - Importer: ScriptedImporter/UnityEditor.QuickSearchModule:UnityEditor.Search:ASIAI0B' with importer (ScriptedImporter : UnityEditor.QuickSearchModule:UnityEditor.Search:ASIAI0B)
Imported 'GUID: 56d99b71230e8854aa450311b2cc4e85' -> (Import Result ID: 'd21928bca671173d4ee3a2d6b4c81049') in 0.003 seconds [static and dynamic dependencies]. Details - ImportResultOutputID=64de3d95da6a4b8898253c92537de1d6 DependenciesID=eda5cb0361d938478aef16ad821452f3 StaticDependenciesID=ca0eac0633617d4caaf6b1ca49406190 
Number of updated asset objects reloaded before import = 0
Number of asset objects unloaded after import = 0
========================================================================
Received Import Request.
  Time of request: 2026-09-04T15:31:59.290471Z
  Time since last request: 0.000241 seconds.
  importAddress: GUID: 4083e05963a34a969d61631315469f1c - Path: Packages/com.unity.render-pipelines.universal/Runtime/Passes/PostProcess/UpscalerPostProcessPass.cs - Importer: ScriptedImporter/UnityEditor.QuickSearchModule:UnityEditor.Search:ASIAI0B
Importing 'GUID: 4083e05963a34a969d61631315469f1c - Path: Packages/com.unity.render-pipelines.universal/Runtime/Passes/PostProcess/UpscalerPostProcessPass.cs - Importer: ScriptedImporter/UnityEditor.QuickSearchModule:UnityEditor.Search:ASIAI0B' with importer (ScriptedImporter : UnityEditor.QuickSearchModule:UnityEditor.Search:ASIAI0B)
Imported 'GUID: 4083e05963a34a969d61631315469f1c' -> (Import Result ID: '9d78165504e7d723f24025030b4be0f8') in 0.004 seconds [static and dynamic dependencies]. Details - ImportResultOutputID=073a518a56d4c0ee87512cf69960bc6c DependenciesID=b3e81320712cc984fbdbdfed0ff2310e StaticDependenciesID=bd8b31892ee5849676f865d4afa11e7f 
Number of updated asset objects reloaded before import = 0
Number of asset objects unloaded after import = 0
========================================================================
Received Import Request.
  Time of request: 2026-09-04T15:31:59.3018877Z
  Time since last request: 0.0002374 seconds.
  importAddress: GUID: 4fc75fc0db61f674ab4e788dd0b34295 - Path: Packages/com.unity.render-pipelines.universal/Runtime/Decal/ScreenSpace/DecalGBufferRenderPass.cs - Importer: ScriptedImporter/UnityEditor.QuickSearchModule:UnityEditor.Search:ASIAI0B
Importing 'GUID: 4fc75fc0db61f674ab4e788dd0b34295 - Path: Packages/com.unity.render-pipelines.universal/Runtime/Decal/ScreenSpace/DecalGBufferRenderPass.cs - Importer: ScriptedImporter/UnityEditor.QuickSearchModule:UnityEditor.Search:ASIAI0B' with importer (ScriptedImporter : UnityEditor.QuickSearchModule:UnityEditor.Search:ASIAI0B)
Imported 'GUID: 4fc75fc0db61f674ab4e788dd0b34295' -> (Import Result ID: 'a0dd9b1343fb863a128b07efd8072c76') in 0.003 seconds [static and dynamic dependencies]. Details - ImportResultOutputID=c9a5a1d7579bda61096c1d689c405e77 DependenciesID=c1a7a82038088cb3afe72a05b644daae StaticDependenciesID=8ed31eaad14006df8ebb021d60fa94d2 
Number of updated asset objects reloaded before import = 0
Number of asset objects unloaded after import = 0
========================================================================
Received Import Request.
  Time of request: 2026-09-04T15:31:59.3123713Z
  Time since last request: 0.0003461 seconds.
  importAddress: GUID: bc72453fe7004b54a9b676b403c0ba54 - Path: Packages/com.unity.render-pipelines.universal/Runtime/Decal/DBuffer/DBufferDepthCopyPass.cs - Importer: ScriptedImporter/UnityEditor.QuickSearchModule:UnityEditor.Search:ASIAI0B
Importing 'GUID: bc72453fe7004b54a9b676b403c0ba54 - Path: Packages/com.unity.render-pipelines.universal/Runtime/Decal/DBuffer/DBufferDepthCopyPass.cs - Importer: ScriptedImporter/UnityEditor.QuickSearchModule:UnityEditor.Search:ASIAI0B' with importer (ScriptedImporter : UnityEditor.QuickSearchModule:UnityEditor.Search:ASIAI0B)
Imported 'GUID: bc72453fe7004b54a9b676b403c0ba54' -> (Import Result ID: 'fbdcc9c3c5c5b40420ec7b840b636bf9') in 0.004 seconds [static and dynamic dependencies]. Details - ImportResultOutputID=492badf49c40f4a6487cef0f6d113adb DependenciesID=0068a580ed88298eb95d51078ed5a3ee StaticDependenciesID=a447bef8ac9e53d09c9fb972ee5ca268 
Number of updated asset objects reloaded before import = 0
Number of asset objects unloaded after import = 0
========================================================================
Received Import Request.
  Time of request: 2026-09-04T15:31:59.325289Z
  Time since last request: 0.0003335 seconds.
  importAddress: GUID: 3d9fc4c0ae8e22f49a8ebefad82718d9 - Path: Packages/com.unity.render-pipelines.universal/Runtime/RendererFeatures/SurfaceCacheGIRendererFeature/PatchAllocation.compute - Importer: ScriptedImporter/UnityEditor.QuickSearchModule:UnityEditor.Search:ASIAI0B
Importing 'GUID: 3d9fc4c0ae8e22f49a8ebefad82718d9 - Path: Packages/com.unity.render-pipelines.universal/Runtime/RendererFeatures/SurfaceCacheGIRendererFeature/PatchAllocation.compute - Importer: ScriptedImporter/UnityEditor.QuickSearchModule:UnityEditor.Search:ASIAI0B' with importer (ScriptedImporter : UnityEditor.QuickSearchModule:UnityEditor.Search:ASIAI0B)
Imported 'GUID: 3d9fc4c0ae8e22f49a8ebefad82718d9' -> (Import Result ID: '5dd8daa65b281568668ada4b2968722c') in 0.004 seconds [static and dynamic dependencies]. Details - ImportResultOutputID=2f7f3be0f4162420855821413ed9c417 DependenciesID=358e5cb3adeec59caefd0529814a1ef2 StaticDependenciesID=4f91748ba446566988561038d188b331 
Number of updated asset objects reloaded before import = 0
Number of asset objects unloaded after import = 1
========================================================================
Received Import Request.
  Time of request: 2026-09-04T15:31:59.3372416Z
  Time since last request: 0.000272 seconds.
  importAddress: GUID: 2485e47eef604b74ab3897c10c266891 - Path: Packages/com.unity.render-pipelines.universal/Runtime/2D/Sources/Provider2DInfo.cs - Importer: ScriptedImporter/UnityEditor.QuickSearchModule:UnityEditor.Search:ASIAI0B
Importing 'GUID: 2485e47eef604b74ab3897c10c266891 - Path: Packages/com.unity.render-pipelines.universal/Runtime/2D/Sources/Provider2DInfo.cs - Importer: ScriptedImporter/UnityEditor.QuickSearchModule:UnityEditor.Search:ASIAI0B' with importer (ScriptedImporter : UnityEditor.QuickSearchModule:UnityEditor.Search:ASIAI0B)
Imported 'GUID: 2485e47eef604b74ab3897c10c266891' -> (Import Result ID: '0da3fe4637d7f4e9fe70211d4f382420') in 0.005 seconds [static and dynamic dependencies]. Details - ImportResultOutputID=2970ab96a4284be518aeadfed8f3c32b DependenciesID=59b7282e2d1feb538edd5303abe34fd1 StaticDependenciesID=956dd078ffe960c47f20abaab1a22432 
Number of updated asset objects reloaded before import = 0
Number of asset objects unloaded after import = 0
========================================================================
Received Import Request.
  Time of request: 2026-09-04T15:31:59.3492094Z
  Time since last request: 0.0002552 seconds.
  importAddress: GUID: 5e0f824bccf304ad2ad63266bf1a602e - Path: Packages/com.unity.render-pipelines.universal/Runtime/Passes/PostProcess/DepthOfFieldBokehProcessPass.cs - Importer: ScriptedImporter/UnityEditor.QuickSearchModule:UnityEditor.Search:ASIAI0B
Importing 'GUID: 5e0f824bccf304ad2ad63266bf1a602e - Path: Packages/com.unity.render-pipelines.universal/Runtime/Passes/PostProcess/DepthOfFieldBokehProcessPass.cs - Importer: ScriptedImporter/UnityEditor.QuickSearchModule:UnityEditor.Search:ASIAI0B' with importer (ScriptedImporter : UnityEditor.QuickSearchModule:UnityEditor.Search:ASIAI0B)
Imported 'GUID: 5e0f824bccf304ad2ad63266bf1a602e' -> (Import Result ID: 'fb5b08d2520ca49d9377a7177388d52d') in 0.003 seconds [static and dynamic dependencies]. Details - ImportResultOutputID=646b627258340365e5d8ee9aa3240d2f DependenciesID=1ad21562976633834c49b4eafcd6eb60 StaticDependenciesID=8fcbc5a10d135199fe61f7549ef7cd63 
Number of updated asset objects reloaded before import = 0
Number of asset objects unloaded after import = 0
========================================================================
Received Import Request.
  Time of request: 2026-09-04T15:31:59.3591272Z
  Time since last request: 0.0002278 seconds.
  importAddress: GUID: 8820d60aea9a4c6fa6d11ddb83d1db90 - Path: Packages/com.unity.render-pipelines.universal/Runtime/Passes/PostProcess/LensFlareDataDrivenPostProcessPass.cs - Importer: ScriptedImporter/UnityEditor.QuickSearchModule:UnityEditor.Search:ASIAI0B
Importing 'GUID: 8820d60aea9a4c6fa6d11ddb83d1db90 - Path: Packages/com.unity.render-pipelines.universal/Runtime/Passes/PostProcess/LensFlareDataDrivenPostProcessPass.cs - Importer: ScriptedImporter/UnityEditor.QuickSearchModule:UnityEditor.Search:ASIAI0B' with importer (ScriptedImporter : UnityEditor.QuickSearchModule:UnityEditor.Search:ASIAI0B)
Imported 'GUID: 8820d60aea9a4c6fa6d11ddb83d1db90' -> (Import Result ID: 'd9ca60373122cd4b967235dc45e9af66') in 0.003 seconds [static and dynamic dependencies]. Details - ImportResultOutputID=8f0b01f389b6fdedb065c3415a71126e DependenciesID=fbe069b98b6b978e8453307cb066b930 StaticDependenciesID=63c75071ebb8df3c5053b6d57b0d21a1 
Number of updated asset objects reloaded before import = 0
Number of asset objects unloaded after import = 0
========================================================================
Received Import Request.
  Time of request: 2026-09-04T15:31:59.3801386Z
  Time since last request: 0.0104837 seconds.
  importAddress: GUID: bfed3e498947fcb4890b7f40f54d85b9 - Path: Packages/com.unity.render-pipelines.universal/Textures/BlueNoise16/L/LDR_LLL1_12.png - Importer: ScriptedImporter/UnityEditor.QuickSearchModule:UnityEditor.Search:ASIAI0B
Importing 'GUID: bfed3e498947fcb4890b7f40f54d85b9 - Path: Packages/com.unity.render-pipelines.universal/Textures/BlueNoise16/L/LDR_LLL1_12.png - Importer: ScriptedImporter/UnityEditor.QuickSearchModule:UnityEditor.Search:ASIAI0B' with importer (ScriptedImporter : UnityEditor.QuickSearchModule:UnityEditor.Search:ASIAI0B)
Imported 'GUID: bfed3e498947fcb4890b7f40f54d85b9' -> (Import Result ID: 'b5dd2c0c06944990d2bc516535fc2fda') in 0.007 seconds [static and dynamic dependencies]. Details - ImportResultOutputID=8925ae7250fc32ab3510f430f8d4e0ce DependenciesID=698b39eeb1953b311a488713fa19df33 StaticDependenciesID=59e16c7c5ba1049206682cdfe2f3f67e 
Number of updated asset objects reloaded before import = 0
Number of asset objects unloaded after import = 1
========================================================================
Received Import Request.
  Time of request: 2026-09-04T15:31:59.3941821Z
  Time since last request: 0.0002417 seconds.
  importAddress: GUID: 3d9f007ebf49681499e13ba8a66c386d - Path: Packages/com.unity.render-pipelines.universal/Tests/Editor/URPGlobalSettingsMigrationTests/ShaderStrippingSettingsMigrationTest.cs - Importer: ScriptedImporter/UnityEditor.QuickSearchModule:UnityEditor.Search:ASIAI0B
Importing 'GUID: 3d9f007ebf49681499e13ba8a66c386d - Path: Packages/com.unity.render-pipelines.universal/Tests/Editor/URPGlobalSettingsMigrationTests/ShaderStrippingSettingsMigrationTest.cs - Importer: ScriptedImporter/UnityEditor.QuickSearchModule:UnityEditor.Search:ASIAI0B' with importer (ScriptedImporter : UnityEditor.QuickSearchModule:UnityEditor.Search:ASIAI0B)
Imported 'GUID: 3d9f007ebf49681499e13ba8a66c386d' -> (Import Result ID: 'cb054735a350bcaa89e152f886a0c933') in 0.003 seconds [static and dynamic dependencies]. Details - ImportResultOutputID=8785bb0c05b0d5bca91709a2e5801ac5 DependenciesID=3e7f04b8b465dff6704ab9d3733bf465 StaticDependenciesID=138b0844a0d52ebc56abba960145f4fc 
Number of updated asset objects reloaded before import = 0
Number of asset objects unloaded after import = 0
========================================================================
Received Import Request.
  Time of request: 2026-09-04T15:31:59.6659818Z
  Time since last request: 0.2637197 seconds.
  importAddress: GUID: 2861459260b14a2481f8f8e7f6637d8f - Path: Packages/com.unity.render-pipelines.universal/Shaders/2D/Include/SurfaceData2D.hlsl - Importer: ScriptedImporter/UnityEditor.QuickSearchModule:UnityEditor.Search:ASIAI0B
Importing 'GUID: 2861459260b14a2481f8f8e7f6637d8f - Path: Packages/com.unity.render-pipelines.universal/Shaders/2D/Include/SurfaceData2D.hlsl - Importer: ScriptedImporter/UnityEditor.QuickSearchModule:UnityEditor.Search:ASIAI0B' with importer (ScriptedImporter : UnityEditor.QuickSearchModule:UnityEditor.Search:ASIAI0B)
Imported 'GUID: 2861459260b14a2481f8f8e7f6637d8f' -> (Import Result ID: '9fb902e7a0dd8b443b07d8a842148ba4') in 0.004 seconds [static and dynamic dependencies]. Details - ImportResultOutputID=d4c99e0c0645c266e6e32aa8602c9a96 DependenciesID=1f5b4a1784667d18a42130635d6f44bc StaticDependenciesID=de18dd6aeb80b62567cdd298069f3b59 
Number of updated asset objects reloaded before import = 0
Number of asset objects unloaded after import = 1
========================================================================
Received Import Request.
  Time of request: 2026-09-04T15:31:59.6767794Z
  Time since last request: 0.0002798 seconds.
  importAddress: GUID: e7ee44e4db2311b428e6f789318838f8 - Path: Packages/com.unity.render-pipelines.universal/Shaders/2D/Include/CombinedShapeLightShared.hlsl - Importer: ScriptedImporter/UnityEditor.QuickSearchModule:UnityEditor.Search:ASIAI0B
Importing 'GUID: e7ee44e4db2311b428e6f789318838f8 - Path: Packages/com.unity.render-pipelines.universal/Shaders/2D/Include/CombinedShapeLightShared.hlsl - Importer: ScriptedImporter/UnityEditor.QuickSearchModule:UnityEditor.Search:ASIAI0B' with importer (ScriptedImporter : UnityEditor.QuickSearchModule:UnityEditor.Search:ASIAI0B)
Imported 'GUID: e7ee44e4db2311b428e6f789318838f8' -> (Import Result ID: 'a6043738529433d5c38809c31f5b4485') in 0.004 seconds [static and dynamic dependencies]. Details - ImportResultOutputID=14f08344f4572c6a6cc87df79a6a8317 DependenciesID=b46f5479fc9343cfb7045416f37ac369 StaticDependenciesID=2e25e207825e0f1c50a6cb6c59ace8e7 
Number of updated asset objects reloaded before import = 0
Number of asset objects unloaded after import = 1
========================================================================
Received Import Request.
  Time of request: 2026-09-04T15:31:59.6893137Z
  Time since last request: 0.000239 seconds.
  importAddress: GUID: 694e01e6361351641bfb5cc5fc69f087 - Path: Packages/com.unity.render-pipelines.universal/Shaders/2D/Include/Normals2DCommon.hlsl - Importer: ScriptedImporter/UnityEditor.QuickSearchModule:UnityEditor.Search:ASIAI0B
Importing 'GUID: 694e01e6361351641bfb5cc5fc69f087 - Path: Packages/com.unity.render-pipelines.universal/Shaders/2D/Include/Normals2DCommon.hlsl - Importer: ScriptedImporter/UnityEditor.QuickSearchModule:UnityEditor.Search:ASIAI0B' with importer (ScriptedImporter : UnityEditor.QuickSearchModule:UnityEditor.Search:ASIAI0B)
Imported 'GUID: 694e01e6361351641bfb5cc5fc69f087' -> (Import Result ID: '859265328791938f8805538267679f68') in 0.004 seconds [static and dynamic dependencies]. Details - ImportResultOutputID=d636c4639e755fc8c5ed0f2e2b407e8f DependenciesID=2340cfd91272eeb5c901807da7c01f74 StaticDependenciesID=952fd5e16624e6cc3daf2bf861289b1c 
Number of updated asset objects reloaded before import = 0
Number of asset objects unloaded after import = 1
========================================================================
Received Import Request.
  Time of request: 2026-09-04T15:31:59.700277Z
  Time since last request: 0.0001971 seconds.
  importAddress: GUID: 931e5ffca47cea54783e99bf989216b5 - Path: Packages/com.unity.render-pipelines.universal/Shaders/2D/Include/LightingUtility.hlsl - Importer: ScriptedImporter/UnityEditor.QuickSearchModule:UnityEditor.Search:ASIAI0B
Importing 'GUID: 931e5ffca47cea54783e99bf989216b5 - Path: Packages/com.unity.render-pipelines.universal/Shaders/2D/Include/LightingUtility.hlsl - Importer: ScriptedImporter/UnityEditor.QuickSearchModule:UnityEditor.Search:ASIAI0B' with importer (ScriptedImporter : UnityEditor.QuickSearchModule:UnityEditor.Search:ASIAI0B)
Imported 'GUID: 931e5ffca47cea54783e99bf989216b5' -> (Import Result ID: '7b08dbf15a6ae68418bafea032bba9d6') in 0.004 seconds [static and dynamic dependencies]. Details - ImportResultOutputID=41bb2947667349650bacfcc10bcc0270 DependenciesID=5ce207394dd0a484467d0097fb8711b6 StaticDependenciesID=46f27a51af3461109ee9275e3b5a4381 
Number of updated asset objects reloaded before import = 0
Number of asset objects unloaded after import = 1
========================================================================
Received Import Request.
  Time of request: 2026-09-04T15:31:59.7118459Z
  Time since last request: 0.0003067 seconds.
  importAddress: GUID: 6472bf1a81592fe41a53a321e920bf6f - Path: Packages/com.unity.render-pipelines.universal/Tests/Editor/PostProcessDataTests/PostProcessDataAnalyticsTests.cs - Importer: ScriptedImporter/UnityEditor.QuickSearchModule:UnityEditor.Search:ASIAI0B
Importing 'GUID: 6472bf1a81592fe41a53a321e920bf6f - Path: Packages/com.unity.render-pipelines.universal/Tests/Editor/PostProcessDataTests/PostProcessDataAnalyticsTests.cs - Importer: ScriptedImporter/UnityEditor.QuickSearchModule:UnityEditor.Search:ASIAI0B' with importer (ScriptedImporter : UnityEditor.QuickSearchModule:UnityEditor.Search:ASIAI0B)
Imported 'GUID: 6472bf1a81592fe41a53a321e920bf6f' -> (Import Result ID: '6cc2916e6dca7a25a5ecfc0303e28775') in 0.004 seconds [static and dynamic dependencies]. Details - ImportResultOutputID=1279c8d35f0f458b5e4f939d02fde055 DependenciesID=e2367f489a7692d24ebd11c6e1881a4c StaticDependenciesID=1a720a96a91879afc939664eae24f54f 
Number of updated asset objects reloaded before import = 0
Number of asset objects unloaded after import = 0
========================================================================
Received Import Request.
  Time of request: 2026-09-04T15:31:59.7228854Z
  Time since last request: 0.0002886 seconds.
  importAddress: GUID: 045a06f7c76196a43a929d2a916c7d95 - Path: Packages/com.unity.render-pipelines.universal/Runtime/VFXGraph/Shaders/VFXLit.hlsl - Importer: ScriptedImporter/UnityEditor.QuickSearchModule:UnityEditor.Search:ASIAI0B
Importing 'GUID: 045a06f7c76196a43a929d2a916c7d95 - Path: Packages/com.unity.render-pipelines.universal/Runtime/VFXGraph/Shaders/VFXLit.hlsl - Importer: ScriptedImporter/UnityEditor.QuickSearchModule:UnityEditor.Search:ASIAI0B' with importer (ScriptedImporter : UnityEditor.QuickSearchModule:UnityEditor.Search:ASIAI0B)
Imported 'GUID: 045a06f7c76196a43a929d2a916c7d95' -> (Import Result ID: '74b5c7b42fcc150b28c872ebe5593ec4') in 0.004 seconds [static and dynamic dependencies]. Details - ImportResultOutputID=a2e1f5de65538651526d0b298fd30503 DependenciesID=7380cd5fc207b46095e9443f05146f50 StaticDependenciesID=7c3b1487bd4a5394e5c55379cec1b43e 
Number of updated asset objects reloaded before import = 0
Number of asset objects unloaded after import = 1
========================================================================
Received Import Request.
  Time of request: 2026-09-04T15:31:59.7325419Z
  Time since last request: 0.0002512 seconds.
  importAddress: GUID: 5ce9e51bf709e4e459da190b3cf4d110 - Path: Packages/com.unity.render-pipelines.universal/Shaders/2D/Include/ShapeLightVariables.hlsl - Importer: ScriptedImporter/UnityEditor.QuickSearchModule:UnityEditor.Search:ASIAI0B
Importing 'GUID: 5ce9e51bf709e4e459da190b3cf4d110 - Path: Packages/com.unity.render-pipelines.universal/Shaders/2D/Include/ShapeLightVariables.hlsl - Importer: ScriptedImporter/UnityEditor.QuickSearchModule:UnityEditor.Search:ASIAI0B' with importer (ScriptedImporter : UnityEditor.QuickSearchModule:UnityEditor.Search:ASIAI0B)
Imported 'GUID: 5ce9e51bf709e4e459da190b3cf4d110' -> (Import Result ID: '0300271c40e505d54b4eacbc834ad263') in 0.003 seconds [static and dynamic dependencies]. Details - ImportResultOutputID=7093c455e84cd01f961e96d67c533a36 DependenciesID=b2d2c7d0b1e387108a801c95462f65ba StaticDependenciesID=9e5d931b7575cf2a4407a8222f600d18 
Number of updated asset objects reloaded before import = 0
Number of asset objects unloaded after import = 1
========================================================================
Received Import Request.
  Time of request: 2026-09-04T15:31:59.7423987Z
  Time since last request: 0.0002291 seconds.
  importAddress: GUID: c9ac51d204bc24b118ec6bc5ab6c29c6 - Path: Packages/com.unity.render-pipelines.universal/Shaders/2D/Include/SpriteMaskShared.hlsl - Importer: ScriptedImporter/UnityEditor.QuickSearchModule:UnityEditor.Search:ASIAI0B
Importing 'GUID: c9ac51d204bc24b118ec6bc5ab6c29c6 - Path: Packages/com.unity.render-pipelines.universal/Shaders/2D/Include/SpriteMaskShared.hlsl - Importer: ScriptedImporter/UnityEditor.QuickSearchModule:UnityEditor.Search:ASIAI0B' with importer (ScriptedImporter : UnityEditor.QuickSearchModule:UnityEditor.Search:ASIAI0B)
Imported 'GUID: c9ac51d204bc24b118ec6bc5ab6c29c6' -> (Import Result ID: 'e0de692c0142b17d9b53d79160adc857') in 0.003 seconds [static and dynamic dependencies]. Details - ImportResultOutputID=76baa3a6fb7f7ace563020904ad22575 DependenciesID=55c68964c2c57bdf948376e5fbd2236c StaticDependenciesID=0b9f4c8f986569341ab3b6a8dc719f65 
Number of updated asset objects reloaded before import = 0
Number of asset objects unloaded after import = 1
========================================================================
Received Import Request.
  Time of request: 2026-09-04T15:31:59.7516599Z
  Time since last request: 0.0002657 seconds.
  importAddress: GUID: a176945d0e562084691bce8e11084c6a - Path: Packages/com.unity.render-pipelines.universal/Tests/Editor/PostProcessDataTests/1.shader - Importer: ScriptedImporter/UnityEditor.QuickSearchModule:UnityEditor.Search:ASIAI0B
Importing 'GUID: a176945d0e562084691bce8e11084c6a - Path: Packages/com.unity.render-pipelines.universal/Tests/Editor/PostProcessDataTests/1.shader - Importer: ScriptedImporter/UnityEditor.QuickSearchModule:UnityEditor.Search:ASIAI0B' with importer (ScriptedImporter : UnityEditor.QuickSearchModule:UnityEditor.Search:ASIAI0B)
Imported 'GUID: a176945d0e562084691bce8e11084c6a' -> (Import Result ID: '5ab052efd0be2bb7a31766e30b4607d7') in 0.005 seconds [static and dynamic dependencies]. Details - ImportResultOutputID=7e1f53d836a5441a1c2774d2c2c5af3b DependenciesID=2e81a951e8a36e26a25dd6827928db21 StaticDependenciesID=f4660c6f9e33627e2e9216bd2438b5af 
Number of updated asset objects reloaded before import = 0
Number of asset objects unloaded after import = 1
========================================================================
Received Import Request.
  Time of request: 2026-09-04T15:31:59.7639259Z
  Time since last request: 0.0002464 seconds.
  importAddress: GUID: a97f3c61d12c481b90f25508f7556f2f - Path: Packages/com.unity.render-pipelines.universal/Tests/Editor/URPGlobalSettingsMigrationTests/DefaultVolumeProfileMigrationTest.cs - Importer: ScriptedImporter/UnityEditor.QuickSearchModule:UnityEditor.Search:ASIAI0B
Importing 'GUID: a97f3c61d12c481b90f25508f7556f2f - Path: Packages/com.unity.render-pipelines.universal/Tests/Editor/URPGlobalSettingsMigrationTests/DefaultVolumeProfileMigrationTest.cs - Importer: ScriptedImporter/UnityEditor.QuickSearchModule:UnityEditor.Search:ASIAI0B' with importer (ScriptedImporter : UnityEditor.QuickSearchModule:UnityEditor.Search:ASIAI0B)
Imported 'GUID: a97f3c61d12c481b90f25508f7556f2f' -> (Import Result ID: 'd8bd30e62813bdee7f779f1464e223c1') in 0.003 seconds [static and dynamic dependencies]. Details - ImportResultOutputID=c53a035502de0506c612bf8bf93c4680 DependenciesID=0b8312c944bcc9596680e37c36eb0987 StaticDependenciesID=bfa5a6515d244489f6ebbb66441957be 
Number of updated asset objects reloaded before import = 0
Number of asset objects unloaded after import = 0
========================================================================
Received Import Request.
  Time of request: 2026-09-04T15:31:59.7943214Z
  Time since last request: 0.0196856 seconds.
  importAddress: GUID: 523042f52a938dd469d367936b00da21 - Path: Packages/com.unity.render-pipelines.universal/Editor/2D/ShaderGraph/Includes/MeshNormalPass.hlsl - Importer: ScriptedImporter/UnityEditor.QuickSearchModule:UnityEditor.Search:ASIAI0B
Importing 'GUID: 523042f52a938dd469d367936b00da21 - Path: Packages/com.unity.render-pipelines.universal/Editor/2D/ShaderGraph/Includes/MeshNormalPass.hlsl - Importer: ScriptedImporter/UnityEditor.QuickSearchModule:UnityEditor.Search:ASIAI0B' with importer (ScriptedImporter : UnityEditor.QuickSearchModule:UnityEditor.Search:ASIAI0B)
Imported 'GUID: 523042f52a938dd469d367936b00da21' -> (Import Result ID: '3d44ec0a89cf97560a1c1787369095d7') in 0.004 seconds [static and dynamic dependencies]. Details - ImportResultOutputID=e61882e6b6b1a59395ba800576c70d92 DependenciesID=b3761bdcf65a46486d9e32258a9a00d6 StaticDependenciesID=a2353a6d6e60f6f4014b24b4ed9c4104 
Number of updated asset objects reloaded before import = 0
Number of asset objects unloaded after import = 1
========================================================================
Received Import Request.
  Time of request: 2026-09-04T15:31:59.8051494Z
  Time since last request: 0.000242 seconds.
  importAddress: GUID: 4dcc0502f8586f941b5c4a66717205e8 - Path: Packages/com.unity.render-pipelines.universal/Textures/BlueNoise16/L/LDR_LLL1_15.png - Importer: ScriptedImporter/UnityEditor.QuickSearchModule:UnityEditor.Search:ASIAI0B
Importing 'GUID: 4dcc0502f8586f941b5c4a66717205e8 - Path: Packages/com.unity.render-pipelines.universal/Textures/BlueNoise16/L/LDR_LLL1_15.png - Importer: ScriptedImporter/UnityEditor.QuickSearchModule:UnityEditor.Search:ASIAI0B' with importer (ScriptedImporter : UnityEditor.QuickSearchModule:UnityEditor.Search:ASIAI0B)
Imported 'GUID: 4dcc0502f8586f941b5c4a66717205e8' -> (Import Result ID: '92dc74301990c32df0322b08f0bffe61') in 0.007 seconds [static and dynamic dependencies]. Details - ImportResultOutputID=8b4da7cb34da247feb188f875176ce8a DependenciesID=38618c8ca01ba74af5934aa6b564c123 StaticDependenciesID=5510161a16ef71b28e87658602333d5d 
Number of updated asset objects reloaded before import = 0
Number of asset objects unloaded after import = 1
========================================================================
Received Import Request.
  Time of request: 2026-09-04T15:31:59.8194094Z
  Time since last request: 0.0002451 seconds.
  importAddress: GUID: ff47e5a0f105eb34883b973e51f4db62 - Path: Packages/com.unity.render-pipelines.universal/Textures/BlueNoise16/L/LDR_LLL1_28.png - Importer: ScriptedImporter/UnityEditor.QuickSearchModule:UnityEditor.Search:ASIAI0B
Importing 'GUID: ff47e5a0f105eb34883b973e51f4db62 - Path: Packages/com.unity.render-pipelines.universal/Textures/BlueNoise16/L/LDR_LLL1_28.png - Importer: ScriptedImporter/UnityEditor.QuickSearchModule:UnityEditor.Search:ASIAI0B' with importer (ScriptedImporter : UnityEditor.QuickSearchModule:UnityEditor.Search:ASIAI0B)
Imported 'GUID: ff47e5a0f105eb34883b973e51f4db62' -> (Import Result ID: 'b7fa4e7f6f29d0c8351333bf19e566a9') in 0.007 seconds [static and dynamic dependencies]. Details - ImportResultOutputID=bd0aa3bbd4c928f03db757be9733a533 DependenciesID=348298adddde26046eea04e46d758cea StaticDependenciesID=161cccde1b28562b62a72a6dbc8a9074 
Number of updated asset objects reloaded before import = 0
Number of asset objects unloaded after import = 1
========================================================================
Received Import Request.
  Time of request: 2026-09-04T15:31:59.8317131Z
  Time since last request: 0.0002907 seconds.
  importAddress: GUID: e3d24661c1e055f45a7560c033dbb837 - Path: Packages/com.unity.render-pipelines.universal/Textures/BlueNoise64/L/LDR_LLL1_0.png - Importer: ScriptedImporter/UnityEditor.QuickSearchModule:UnityEditor.Search:ASIAI0B
Importing 'GUID: e3d24661c1e055f45a7560c033dbb837 - Path: Packages/com.unity.render-pipelines.universal/Textures/BlueNoise64/L/LDR_LLL1_0.png - Importer: ScriptedImporter/UnityEditor.QuickSearchModule:UnityEditor.Search:ASIAI0B' with importer (ScriptedImporter : UnityEditor.QuickSearchModule:UnityEditor.Search:ASIAI0B)
Imported 'GUID: e3d24661c1e055f45a7560c033dbb837' -> (Import Result ID: '5559367a2d9e47ea9c7b6ae25dedd414') in 0.011 seconds [static and dynamic dependencies]. Details - ImportResultOutputID=d8a7239ef7b9aa9270333c8a170de666 DependenciesID=9d2603a6cb0a8685d115b65a2510599e StaticDependenciesID=19f518f31e9ff2eb475fa42309266001 
Number of updated asset objects reloaded before import = 0
Number of asset objects unloaded after import = 1
========================================================================
Received Import Request.
  Time of request: 2026-09-04T15:31:59.8498733Z
  Time since last request: 0.0003324 seconds.
  importAddress: GUID: dc7283e53c0339a40adca7609d7985d7 - Path: Packages/com.unity.render-pipelines.universal/Editor/2D/ShaderGraph/AssetCallbacks/CreateSpriteLitShaderGraph.cs - Importer: ScriptedImporter/UnityEditor.QuickSearchModule:UnityEditor.Search:ASIAI0B
Importing 'GUID: dc7283e53c0339a40adca7609d7985d7 - Path: Packages/com.unity.render-pipelines.universal/Editor/2D/ShaderGraph/AssetCallbacks/CreateSpriteLitShaderGraph.cs - Importer: ScriptedImporter/UnityEditor.QuickSearchModule:UnityEditor.Search:ASIAI0B' with importer (ScriptedImporter : UnityEditor.QuickSearchModule:UnityEditor.Search:ASIAI0B)
Imported 'GUID: dc7283e53c0339a40adca7609d7985d7' -> (Import Result ID: '4e0d3faa3e0f5e292e30be44948e11b0') in 0.004 seconds [static and dynamic dependencies]. Details - ImportResultOutputID=2a7f9ad065b89c8249c2cede7b308978 DependenciesID=681085e69fccb24ed48fdc2a3bd73038 StaticDependenciesID=d170657eaece9b6cc1368bfdf05ed109 
Number of updated asset objects reloaded before import = 0
Number of asset objects unloaded after import = 0
========================================================================
Received Import Request.
  Time of request: 2026-09-04T15:31:59.8603537Z
  Time since last request: 0.0003079 seconds.
  importAddress: GUID: 25a0ebb4827f3cc47a1af2c79005f65b - Path: Packages/com.unity.render-pipelines.universal/Editor/ShaderGraph/GraphTemplates/2D/1_2D Sprite Unlit.shadergraph - Importer: ScriptedImporter/UnityEditor.QuickSearchModule:UnityEditor.Search:ASIAI0B
Importing 'GUID: 25a0ebb4827f3cc47a1af2c79005f65b - Path: Packages/com.unity.render-pipelines.universal/Editor/ShaderGraph/GraphTemplates/2D/1_2D Sprite Unlit.shadergraph - Importer: ScriptedImporter/UnityEditor.QuickSearchModule:UnityEditor.Search:ASIAI0B' with importer (ScriptedImporter : UnityEditor.QuickSearchModule:UnityEditor.Search:ASIAI0B)
Imported 'GUID: 25a0ebb4827f3cc47a1af2c79005f65b' -> (Import Result ID: '07fee8db71dd4649110ecd35e9bc13d3') in 0.012 seconds [static and dynamic dependencies]. Details - ImportResultOutputID=31b5ffb1812fe3464b49a03b0690658a DependenciesID=c4e6661a3e4eb67ca380be9ae2f4ca8c StaticDependenciesID=7a25f84eb8c371c735ce3fff7102a949 
Number of updated asset objects reloaded before import = 0
Number of asset objects unloaded after import = 5
========================================================================
Received Import Request.
  Time of request: 2026-09-04T15:31:59.8811617Z
  Time since last request: 0.0000184 seconds.
  importAddress: GUID: e957854850ccb7140a538f7a93f8761b - Path: Packages/com.unity.render-pipelines.universal/Editor/2D/Resources/InspectorIcons/ParametricLight.png - Importer: ScriptedImporter/UnityEditor.QuickSearchModule:UnityEditor.Search:ASIAI0B
Importing 'GUID: e957854850ccb7140a538f7a93f8761b - Path: Packages/com.unity.render-pipelines.universal/Editor/2D/Resources/InspectorIcons/ParametricLight.png - Importer: ScriptedImporter/UnityEditor.QuickSearchModule:UnityEditor.Search:ASIAI0B' with importer (ScriptedImporter : UnityEditor.QuickSearchModule:UnityEditor.Search:ASIAI0B)
Imported 'GUID: e957854850ccb7140a538f7a93f8761b' -> (Import Result ID: '5f3c66b5e9b6d1117e6138bd190c6eff') in 0.011 seconds [static and dynamic dependencies]. Details - ImportResultOutputID=766dadb22af118d3e47b01c016381be4 DependenciesID=20f7355af2542b9423af454069c2eb1c StaticDependenciesID=6b5cf1d97a146f04961cf2025ea13b1a 
Number of updated asset objects reloaded before import = 0
Number of asset objects unloaded after import = 1
========================================================================
Received Import Request.
  Time of request: 2026-09-04T15:31:59.9023848Z
  Time since last request: 0.0002627 seconds.
  importAddress: GUID: 8f5dd14b314efbe4684329d8a14bbe38 - Path: Packages/com.unity.render-pipelines.universal/Editor/2D/Resources/InspectorIcons/GlobalLight.png - Importer: ScriptedImporter/UnityEditor.QuickSearchModule:UnityEditor.Search:ASIAI0B
Importing 'GUID: 8f5dd14b314efbe4684329d8a14bbe38 - Path: Packages/com.unity.render-pipelines.universal/Editor/2D/Resources/InspectorIcons/GlobalLight.png - Importer: ScriptedImporter/UnityEditor.QuickSearchModule:UnityEditor.Search:ASIAI0B' with importer (ScriptedImporter : UnityEditor.QuickSearchModule:UnityEditor.Search:ASIAI0B)
Imported 'GUID: 8f5dd14b314efbe4684329d8a14bbe38' -> (Import Result ID: 'a3a64740b6b3b4c19867d3e69a331885') in 0.013 seconds [static and dynamic dependencies]. Details - ImportResultOutputID=45fccd2b1a75a29ebc34aa2bab495c77 DependenciesID=9dd181d2e7cbf2d2d4524eddaa6a58bc StaticDependenciesID=ccc3e44f15495e236e1d4ba04dd79ebb 
Number of updated asset objects reloaded before import = 0
Number of asset objects unloaded after import = 1
========================================================================
Received Import Request.
  Time of request: 2026-09-04T15:31:59.9220284Z
  Time since last request: 0.0002487 seconds.
  importAddress: GUID: b1d9d11b6a33b4b4e83c36bd926bbb77 - Path: Packages/com.unity.render-pipelines.universal/Editor/2D/ShaderGraph/AssetCallbacks/CreateSpriteUnlitShaderGraph.cs - Importer: ScriptedImporter/UnityEditor.QuickSearchModule:UnityEditor.Search:ASIAI0B
Importing 'GUID: b1d9d11b6a33b4b4e83c36bd926bbb77 - Path: Packages/com.unity.render-pipelines.universal/Editor/2D/ShaderGraph/AssetCallbacks/CreateSpriteUnlitShaderGraph.cs - Importer: ScriptedImporter/UnityEditor.QuickSearchModule:UnityEditor.Search:ASIAI0B' with importer (ScriptedImporter : UnityEditor.QuickSearchModule:UnityEditor.Search:ASIAI0B)
Imported 'GUID: b1d9d11b6a33b4b4e83c36bd926bbb77' -> (Import Result ID: '5e775fb8e1018650ee0a69757494c243') in 0.007 seconds [static and dynamic dependencies]. Details - ImportResultOutputID=1dae89b97e6855a3bd3dda28302ddf12 DependenciesID=b62cf0b5e51d610c143fe154dcfad679 StaticDependenciesID=990e75162bbfe73a19078caf0fee8d6b 
Number of updated asset objects reloaded before import = 0
Number of asset objects unloaded after import = 0
========================================================================
Received Import Request.
  Time of request: 2026-09-04T15:31:59.9367091Z
  Time since last request: 0.0002102 seconds.
  importAddress: GUID: c989e1ed85cf7154caa922fec53e6af6 - Path: Packages/com.unity.render-pipelines.universal/Textures/BlueNoise16/L/LDR_LLL1_27.png - Importer: ScriptedImporter/UnityEditor.QuickSearchModule:UnityEditor.Search:ASIAI0B
Importing 'GUID: c989e1ed85cf7154caa922fec53e6af6 - Path: Packages/com.unity.render-pipelines.universal/Textures/BlueNoise16/L/LDR_LLL1_27.png - Importer: ScriptedImporter/UnityEditor.QuickSearchModule:UnityEditor.Search:ASIAI0B' with importer (ScriptedImporter : UnityEditor.QuickSearchModule:UnityEditor.Search:ASIAI0B)
Imported 'GUID: c989e1ed85cf7154caa922fec53e6af6' -> (Import Result ID: 'c131a8c8ca8439f6cbd7d5f587807b5f') in 0.008 seconds [static and dynamic dependencies]. Details - ImportResultOutputID=3554e91c7bddd73b45d63b97acfe1d30 DependenciesID=bbfe028fe0909f5607704495d60c0a56 StaticDependenciesID=8e0f7519d722f83cbfec1514eec824e4 
Number of updated asset objects reloaded before import = 0
Number of asset objects unloaded after import = 1
========================================================================
Received Import Request.
  Time of request: 2026-09-04T15:31:59.9513038Z
  Time since last request: 0.0002436 seconds.
  importAddress: GUID: bde135b320597544b9ac325092409f8b - Path: Packages/com.unity.render-pipelines.universal/Editor/ShaderGraph/GraphTemplates/2D/0_2D Sprite Lit.shadergraph - Importer: ScriptedImporter/UnityEditor.QuickSearchModule:UnityEditor.Search:ASIAI0B
Importing 'GUID: bde135b320597544b9ac325092409f8b - Path: Packages/com.unity.render-pipelines.universal/Editor/ShaderGraph/GraphTemplates/2D/0_2D Sprite Lit.shadergraph - Importer: ScriptedImporter/UnityEditor.QuickSearchModule:UnityEditor.Search:ASIAI0B' with importer (ScriptedImporter : UnityEditor.QuickSearchModule:UnityEditor.Search:ASIAI0B)
Imported 'GUID: bde135b320597544b9ac325092409f8b' -> (Import Result ID: '5c593ce22b11669eaf4edb969dd09d19') in 0.008 seconds [static and dynamic dependencies]. Details - ImportResultOutputID=d7f3ed0835456ddcb805ed092328f03f DependenciesID=c3cc8f59b690a918fd398071f1422b1f StaticDependenciesID=e9f9b5081ca2c7cd0cb6837567ae0165 
Number of updated asset objects reloaded before import = 0
Number of asset objects unloaded after import = 5
========================================================================
Received Import Request.
  Time of request: 2026-09-04T15:31:59.9670904Z
  Time since last request: 0.0000805 seconds.
  importAddress: GUID: f69770e54f2823f43badf77916acad83 - Path: Packages/com.unity.render-pipelines.universal/Textures/BlueNoise16/L/LDR_LLL1_22.png - Importer: ScriptedImporter/UnityEditor.QuickSearchModule:UnityEditor.Search:ASIAI0B
Importing 'GUID: f69770e54f2823f43badf77916acad83 - Path: Packages/com.unity.render-pipelines.universal/Textures/BlueNoise16/L/LDR_LLL1_22.png - Importer: ScriptedImporter/UnityEditor.QuickSearchModule:UnityEditor.Search:ASIAI0B' with importer (ScriptedImporter : UnityEditor.QuickSearchModule:UnityEditor.Search:ASIAI0B)
Imported 'GUID: f69770e54f2823f43badf77916acad83' -> (Import Result ID: 'bf7969222a20953f1912ce31a6e38f4e') in 0.006 seconds [static and dynamic dependencies]. Details - ImportResultOutputID=06158b0e6844db456c982b8d0b3f5ead DependenciesID=0ac614c0ebfb2e9a2e1410d152501a0e StaticDependenciesID=0c7b492e9b9be7b3a33918119d440730 
Number of updated asset objects reloaded before import = 0
Number of asset objects unloaded after import = 1
========================================================================
Received Import Request.
  Time of request: 2026-09-04T15:31:59.981625Z
  Time since last request: 0.0011425 seconds.
  importAddress: GUID: 19a7eabf161c29846b42f73a2965d39b - Path: Packages/com.unity.render-pipelines.universal/Editor/2D/ShaderGraph/Includes/Mesh2DLitPass.hlsl - Importer: ScriptedImporter/UnityEditor.QuickSearchModule:UnityEditor.Search:ASIAI0B
Importing 'GUID: 19a7eabf161c29846b42f73a2965d39b - Path: Packages/com.unity.render-pipelines.universal/Editor/2D/ShaderGraph/Includes/Mesh2DLitPass.hlsl - Importer: ScriptedImporter/UnityEditor.QuickSearchModule:UnityEditor.Search:ASIAI0B' with importer (ScriptedImporter : UnityEditor.QuickSearchModule:UnityEditor.Search:ASIAI0B)
Imported 'GUID: 19a7eabf161c29846b42f73a2965d39b' -> (Import Result ID: '1cff9972f65ddd79b4dd3a6fa9282721') in 0.004 seconds [static and dynamic dependencies]. Details - ImportResultOutputID=2b28a6c139b8ce6658e93b4109de03a3 DependenciesID=860767b25669c891c578449146b5584d StaticDependenciesID=7e22c30ed6757894b39fa4e8d521208d 
Number of updated asset objects reloaded before import = 0
Number of asset objects unloaded after import = 1
========================================================================
Received Import Request.
  Time of request: 2026-09-04T15:31:59.9932502Z
  Time since last request: 0.000211 seconds.
  importAddress: GUID: 1c3c6d69a645b804fa232004b96b7ad3 - Path: Packages/com.unity.render-pipelines.universal/Textures/BlueNoise16/L/LDR_LLL1_25.png - Importer: ScriptedImporter/UnityEditor.QuickSearchModule:UnityEditor.Search:ASIAI0B
Importing 'GUID: 1c3c6d69a645b804fa232004b96b7ad3 - Path: Packages/com.unity.render-pipelines.universal/Textures/BlueNoise16/L/LDR_LLL1_25.png - Importer: ScriptedImporter/UnityEditor.QuickSearchModule:UnityEditor.Search:ASIAI0B' with importer (ScriptedImporter : UnityEditor.QuickSearchModule:UnityEditor.Search:ASIAI0B)
Imported 'GUID: 1c3c6d69a645b804fa232004b96b7ad3' -> (Import Result ID: 'bdd1d470c12ab93be71fee4f0bfc3be0') in 0.007 seconds [static and dynamic dependencies]. Details - ImportResultOutputID=faa46112dbfea4743900cbc6cf3694ce DependenciesID=50737336e17cb00c68bb6ee7dbb58d31 StaticDependenciesID=66812072860af9e5f700653fea3fc12f 
Number of updated asset objects reloaded before import = 0
Number of asset objects unloaded after import = 1
========================================================================
Received Import Request.
  Time of request: 2026-09-04T15:32:00.0066338Z
  Time since last request: 0.0002392 seconds.
  importAddress: GUID: 896d9004736809c4fb5973b7c12eb8b9 - Path: Packages/com.unity.render-pipelines.universal/Textures/BlueNoise16/L/LDR_LLL1_30.png - Importer: ScriptedImporter/UnityEditor.QuickSearchModule:UnityEditor.Search:ASIAI0B
Importing 'GUID: 896d9004736809c4fb5973b7c12eb8b9 - Path: Packages/com.unity.render-pipelines.universal/Textures/BlueNoise16/L/LDR_LLL1_30.png - Importer: ScriptedImporter/UnityEditor.QuickSearchModule:UnityEditor.Search:ASIAI0B' with importer (ScriptedImporter : UnityEditor.QuickSearchModule:UnityEditor.Search:ASIAI0B)
Imported 'GUID: 896d9004736809c4fb5973b7c12eb8b9' -> (Import Result ID: '4a853b22f5572f189e48a8d4fb28a80e') in 0.008 seconds [static and dynamic dependencies]. Details - ImportResultOutputID=1039a3d2aab1411be1a9805dfb7fb1e4 DependenciesID=e96e161e2d05d37f0da37f49f7f2e840 StaticDependenciesID=55cc361772bb228a1b9632c52d850a2e 
Number of updated asset objects reloaded before import = 0
Number of asset objects unloaded after import = 1
========================================================================
Received Import Request.
  Time of request: 2026-09-04T15:32:00.0221926Z
  Time since last request: 0.0002543 seconds.
  importAddress: GUID: 8839c54710da3374f994e12f39b6d65f - Path: Packages/com.unity.render-pipelines.universal/Editor/2D/Resources/InspectorIcons/SpriteLight.png - Importer: ScriptedImporter/UnityEditor.QuickSearchModule:UnityEditor.Search:ASIAI0B
Importing 'GUID: 8839c54710da3374f994e12f39b6d65f - Path: Packages/com.unity.render-pipelines.universal/Editor/2D/Resources/InspectorIcons/SpriteLight.png - Importer: ScriptedImporter/UnityEditor.QuickSearchModule:UnityEditor.Search:ASIAI0B' with importer (ScriptedImporter : UnityEditor.QuickSearchModule:UnityEditor.Search:ASIAI0B)
Imported 'GUID: 8839c54710da3374f994e12f39b6d65f' -> (Import Result ID: 'f4bd9c6a52b4b6e585139975b4832607') in 0.006 seconds [static and dynamic dependencies]. Details - ImportResultOutputID=8ce7cd49eb5e8cc869404297ce0de7f7 DependenciesID=41b8eaac00673a2b4e469601d1e14b93 StaticDependenciesID=1460c1ca2d09e3e1a7364bffe1b1cba2 
Number of updated asset objects reloaded before import = 0
Number of asset objects unloaded after import = 1
========================================================================
Received Import Request.
  Time of request: 2026-09-04T15:32:00.049594Z
  Time since last request: 0.0140808 seconds.
  importAddress: GUID: 16b454c8be4c1854fab1aa702812af16 - Path: Packages/com.unity.render-pipelines.universal/Editor/VFXGraph/Shaders/Templates/VFXParticleCube.template - Importer: ScriptedImporter/UnityEditor.QuickSearchModule:UnityEditor.Search:ASIAI0B
Importing 'GUID: 16b454c8be4c1854fab1aa702812af16 - Path: Packages/com.unity.render-pipelines.universal/Editor/VFXGraph/Shaders/Templates/VFXParticleCube.template - Importer: ScriptedImporter/UnityEditor.QuickSearchModule:UnityEditor.Search:ASIAI0B' with importer (ScriptedImporter : UnityEditor.QuickSearchModule:UnityEditor.Search:ASIAI0B)
Imported 'GUID: 16b454c8be4c1854fab1aa702812af16' -> (Import Result ID: '9c35095cb83d2d8790a39a7d60083840') in 0.005 seconds [static and dynamic dependencies]. Details - ImportResultOutputID=84d0abcc6516fa9deea5b9a3d8c16892 DependenciesID=069d0cfa587f7e87b55955a3ebff60b6 StaticDependenciesID=285a4374933a4b8c49c2b449867c6aba 
Number of updated asset objects reloaded before import = 0
Number of asset objects unloaded after import = 1
========================================================================
Received Import Request.
  Time of request: 2026-09-04T15:32:00.061595Z
  Time since last request: 0.0002623 seconds.
  importAddress: GUID: 25ee3a4bc58576c42aa35f5e3b411125 - Path: Packages/com.unity.render-pipelines.universal/Runtime/2D/Shadows/Providers/ShadowShape2DProvider_Collider.cs - Importer: ScriptedImporter/UnityEditor.QuickSearchModule:UnityEditor.Search:ASIAI0B
Importing 'GUID: 25ee3a4bc58576c42aa35f5e3b411125 - Path: Packages/com.unity.render-pipelines.universal/Runtime/2D/Shadows/Providers/ShadowShape2DProvider_Collider.cs - Importer: ScriptedImporter/UnityEditor.QuickSearchModule:UnityEditor.Search:ASIAI0B' with importer (ScriptedImporter : UnityEditor.QuickSearchModule:UnityEditor.Search:ASIAI0B)
Imported 'GUID: 25ee3a4bc58576c42aa35f5e3b411125' -> (Import Result ID: '1f0750d2e00722e422d796b3efa4616e') in 0.004 seconds [static and dynamic dependencies]. Details - ImportResultOutputID=7ac9aa0f729be12eec84761f5a845d88 DependenciesID=5c7dadf703448df15a3d00a422e7a51a StaticDependenciesID=1c3ac7b01cbdbc232f5f120535a8a962 
Number of updated asset objects reloaded before import = 0
Number of asset objects unloaded after import = 0
========================================================================
Received Import Request.
  Time of request: 2026-09-04T15:32:00.0726732Z
  Time since last request: 0.000247 seconds.
  importAddress: GUID: 881ec97c8823ab046b7d532464c636f3 - Path: Packages/com.unity.render-pipelines.universal/Runtime/2D/Shadows/Providers/ShadowShape2DProvider_SpriteRenderer.cs - Importer: ScriptedImporter/UnityEditor.QuickSearchModule:UnityEditor.Search:ASIAI0B
Importing 'GUID: 881ec97c8823ab046b7d532464c636f3 - Path: Packages/com.unity.render-pipelines.universal/Runtime/2D/Shadows/Providers/ShadowShape2DProvider_SpriteRenderer.cs - Importer: ScriptedImporter/UnityEditor.QuickSearchModule:UnityEditor.Search:ASIAI0B' with importer (ScriptedImporter : UnityEditor.QuickSearchModule:UnityEditor.Search:ASIAI0B)
Imported 'GUID: 881ec97c8823ab046b7d532464c636f3' -> (Import Result ID: '265c5a808d7f24f4da0cb98be068399d') in 0.004 seconds [static and dynamic dependencies]. Details - ImportResultOutputID=8756e8d98d9bc1e960f685afd9f93dfd DependenciesID=d62b702c19add38248e7bc54d1d58ae4 StaticDependenciesID=e74bdceffac3cbb088c3806238783125 
Number of updated asset objects reloaded before import = 0
Number of asset objects unloaded after import = 0
========================================================================
Received Import Request.
  Time of request: 2026-09-04T15:32:00.084439Z
  Time since last request: 0.0002563 seconds.
  importAddress: GUID: fbffb490ff4824544a472e97ee0a6679 - Path: Packages/com.unity.render-pipelines.universal/Runtime/2D/Lights/Providers/Light2DProvider.cs - Importer: ScriptedImporter/UnityEditor.QuickSearchModule:UnityEditor.Search:ASIAI0B
Importing 'GUID: fbffb490ff4824544a472e97ee0a6679 - Path: Packages/com.unity.render-pipelines.universal/Runtime/2D/Lights/Providers/Light2DProvider.cs - Importer: ScriptedImporter/UnityEditor.QuickSearchModule:UnityEditor.Search:ASIAI0B' with importer (ScriptedImporter : UnityEditor.QuickSearchModule:UnityEditor.Search:ASIAI0B)
Imported 'GUID: fbffb490ff4824544a472e97ee0a6679' -> (Import Result ID: '14c6d782f01a48e7aadb7c57ffe2a3d8') in 0.004 seconds [static and dynamic dependencies]. Details - ImportResultOutputID=81817386ac13761f866b3af0024536ff DependenciesID=aebaf59302d6a09d90adb71a55b2116b StaticDependenciesID=4ceb380e542edac1c5b0aae2cd05cb20 
Number of updated asset objects reloaded before import = 0
Number of asset objects unloaded after import = 0
========================================================================
Received Import Request.
  Time of request: 2026-09-04T15:32:00.0948Z
  Time since last request: 0.0002211 seconds.
  importAddress: GUID: 7978073cb0cd25f4f8e29b37e3f55d2a - Path: Packages/com.unity.render-pipelines.universal/Runtime/2D/Passes/Utility/RendererLighting.cs - Importer: ScriptedImporter/UnityEditor.QuickSearchModule:UnityEditor.Search:ASIAI0B
Importing 'GUID: 7978073cb0cd25f4f8e29b37e3f55d2a - Path: Packages/com.unity.render-pipelines.universal/Runtime/2D/Passes/Utility/RendererLighting.cs - Importer: ScriptedImporter/UnityEditor.QuickSearchModule:UnityEditor.Search:ASIAI0B' with importer (ScriptedImporter : UnityEditor.QuickSearchModule:UnityEditor.Search:ASIAI0B)
Imported 'GUID: 7978073cb0cd25f4f8e29b37e3f55d2a' -> (Import Result ID: '775e57ed35b388919afe060445ea589c') in 0.004 seconds [static and dynamic dependencies]. Details - ImportResultOutputID=3869b0e66bb06ff72a4576ccf8a8a2c7 DependenciesID=3493424974d62a6764d855ace728304d StaticDependenciesID=16b85b79e747a46c1f6e3da1d55c94bc 
Number of updated asset objects reloaded before import = 0
Number of asset objects unloaded after import = 0
========================================================================
Received Import Request.
  Time of request: 2026-09-04T15:32:00.105607Z
  Time since last request: 0.0002385 seconds.
  importAddress: GUID: 349d67d896d33a54181e800b229b65ec - Path: Packages/com.unity.render-pipelines.universal/Editor/VFXGraph/Shaders/Templates/VFXParticleLinesSW.template - Importer: ScriptedImporter/UnityEditor.QuickSearchModule:UnityEditor.Search:ASIAI0B
Importing 'GUID: 349d67d896d33a54181e800b229b65ec - Path: Packages/com.unity.render-pipelines.universal/Editor/VFXGraph/Shaders/Templates/VFXParticleLinesSW.template - Importer: ScriptedImporter/UnityEditor.QuickSearchModule:UnityEditor.Search:ASIAI0B' with importer (ScriptedImporter : UnityEditor.QuickSearchModule:UnityEditor.Search:ASIAI0B)
Imported 'GUID: 349d67d896d33a54181e800b229b65ec' -> (Import Result ID: '6876a1952ceb5270e3d82d504fb31fc0') in 0.004 seconds [static and dynamic dependencies]. Details - ImportResultOutputID=a88c972bedd0b3f1aeaf93a83c7d7c73 DependenciesID=19ba60324bfbc2298d9485927c1707d8 StaticDependenciesID=c0812275d55e57d339f6044eaa312752 
Number of updated asset objects reloaded before import = 0
Number of asset objects unloaded after import = 1
========================================================================
Received Import Request.
  Time of request: 2026-09-04T15:32:00.117631Z
  Time since last request: 0.0004155 seconds.
  importAddress: GUID: e428475e2bdb81f499cdbe3c59953975 - Path: Packages/com.unity.render-pipelines.universal/Runtime/2D/Shadows/Providers/ShadowShapeProvider2D_Utility.cs - Importer: ScriptedImporter/UnityEditor.QuickSearchModule:UnityEditor.Search:ASIAI0B
Importing 'GUID: e428475e2bdb81f499cdbe3c59953975 - Path: Packages/com.unity.render-pipelines.universal/Runtime/2D/Shadows/Providers/ShadowShapeProvider2D_Utility.cs - Importer: ScriptedImporter/UnityEditor.QuickSearchModule:UnityEditor.Search:ASIAI0B' with importer (ScriptedImporter : UnityEditor.QuickSearchModule:UnityEditor.Search:ASIAI0B)
Imported 'GUID: e428475e2bdb81f499cdbe3c59953975' -> (Import Result ID: '7dbbc2a53d19b170267e005deb2c3941') in 0.003 seconds [static and dynamic dependencies]. Details - ImportResultOutputID=2897b58dd70d009d877f2eddfb37e8e8 DependenciesID=05544a377b57c880caee78140a831feb StaticDependenciesID=2a3ed66311709e1b0d1b05630e860fd3 
Number of updated asset objects reloaded before import = 0
Number of asset objects unloaded after import = 0
========================================================================
Received Import Request.
  Time of request: 2026-09-04T15:32:00.1280307Z
  Time since last request: 0.0002906 seconds.
  importAddress: GUID: 7967efc2e5a28854bb33f9b07eee5675 - Path: Packages/com.unity.render-pipelines.universal/Runtime/2D/Shadows/Shadow Provider Utility/ShadowShape2D.cs - Importer: ScriptedImporter/UnityEditor.QuickSearchModule:UnityEditor.Search:ASIAI0B
Importing 'GUID: 7967efc2e5a28854bb33f9b07eee5675 - Path: Packages/com.unity.render-pipelines.universal/Runtime/2D/Shadows/Shadow Provider Utility/ShadowShape2D.cs - Importer: ScriptedImporter/UnityEditor.QuickSearchModule:UnityEditor.Search:ASIAI0B' with importer (ScriptedImporter : UnityEditor.QuickSearchModule:UnityEditor.Search:ASIAI0B)
Imported 'GUID: 7967efc2e5a28854bb33f9b07eee5675' -> (Import Result ID: 'df0d8ead713e41a0783797391744049a') in 0.004 seconds [static and dynamic dependencies]. Details - ImportResultOutputID=19e836e7c8feac8b87bd0921849be316 DependenciesID=15e509dea68d7c225fbca9d4ce25b4b5 StaticDependenciesID=21bcceed66b7c1f3d093b5c8763f65db 
Number of updated asset objects reloaded before import = 0
Number of asset objects unloaded after import = 0
========================================================================
Received Import Request.
  Time of request: 2026-09-04T15:32:00.1520698Z
  Time since last request: 0.0127 seconds.
  importAddress: GUID: 4b313a234ad620945b078e06349d46f5 - Path: Packages/com.unity.render-pipelines.universal/Editor/VFXGraph/Shaders/Templates/ParticleMeshesLit/PassVelocity.template - Importer: ScriptedImporter/UnityEditor.QuickSearchModule:UnityEditor.Search:ASIAI0B
Importing 'GUID: 4b313a234ad620945b078e06349d46f5 - Path: Packages/com.unity.render-pipelines.universal/Editor/VFXGraph/Shaders/Templates/ParticleMeshesLit/PassVelocity.template - Importer: ScriptedImporter/UnityEditor.QuickSearchModule:UnityEditor.Search:ASIAI0B' with importer (ScriptedImporter : UnityEditor.QuickSearchModule:UnityEditor.Search:ASIAI0B)
Imported 'GUID: 4b313a234ad620945b078e06349d46f5' -> (Import Result ID: '9377a094d8abae33a73eaf0845233204') in 0.004 seconds [static and dynamic dependencies]. Details - ImportResultOutputID=3e5bfad77625fcdda99f8607d16e8e7e DependenciesID=caff880b8efde7275fbcaf931ad7aed6 StaticDependenciesID=390e17ae9ad8cd30342830e589b8c7a6 
Number of updated asset objects reloaded before import = 0
Number of asset objects unloaded after import = 1
========================================================================
Received Import Request.
  Time of request: 2026-09-04T15:32:00.1619274Z
  Time since last request: 0.0002464 seconds.
  importAddress: GUID: 915f7a9ae9b5ab542b48b313dbf0489c - Path: Packages/com.unity.render-pipelines.universal/Editor/VFXGraph/Shaders/Templates/ParticleMeshesLit/PassSelection.template - Importer: ScriptedImporter/UnityEditor.QuickSearchModule:UnityEditor.Search:ASIAI0B
Importing 'GUID: 915f7a9ae9b5ab542b48b313dbf0489c - Path: Packages/com.unity.render-pipelines.universal/Editor/VFXGraph/Shaders/Templates/ParticleMeshesLit/PassSelection.template - Importer: ScriptedImporter/UnityEditor.QuickSearchModule:UnityEditor.Search:ASIAI0B' with importer (ScriptedImporter : UnityEditor.QuickSearchModule:UnityEditor.Search:ASIAI0B)
Imported 'GUID: 915f7a9ae9b5ab542b48b313dbf0489c' -> (Import Result ID: 'eb054540a473c927708df8d822dea726') in 0.004 seconds [static and dynamic dependencies]. Details - ImportResultOutputID=919528ed4f748735513ac0cc738ebfff DependenciesID=0ce4e268aa48d0df058e53f10d832eb8 StaticDependenciesID=b6f7684bba040c04723722b08c868c4b 
Number of updated asset objects reloaded before import = 0
Number of asset objects unloaded after import = 1
========================================================================
Received Import Request.
  Time of request: 2026-09-04T15:32:00.1731676Z
  Time since last request: 0.0002343 seconds.
  importAddress: GUID: de573be7419f3b84295377f64cf664c7 - Path: Packages/com.unity.render-pipelines.universal/Editor/Tools/Converters/PPv2/EffectConverters/VignetteConverter.cs - Importer: ScriptedImporter/UnityEditor.QuickSearchModule:UnityEditor.Search:ASIAI0B
Importing 'GUID: de573be7419f3b84295377f64cf664c7 - Path: Packages/com.unity.render-pipelines.universal/Editor/Tools/Converters/PPv2/EffectConverters/VignetteConverter.cs - Importer: ScriptedImporter/UnityEditor.QuickSearchModule:UnityEditor.Search:ASIAI0B' with importer (ScriptedImporter : UnityEditor.QuickSearchModule:UnityEditor.Search:ASIAI0B)
Imported 'GUID: de573be7419f3b84295377f64cf664c7' -> (Import Result ID: '15eda691b7e554732c38fcacf9e6e0b1') in 0.004 seconds [static and dynamic dependencies]. Details - ImportResultOutputID=3f536eb7a70c16d884773625b17b8cdb DependenciesID=71f9b21e5d8199eacc808cd6b7f6ad74 StaticDependenciesID=3a74d43528b0edee2d75249583b0b01d 
Number of updated asset objects reloaded before import = 0
Number of asset objects unloaded after import = 0
========================================================================
Received Import Request.
  Time of request: 2026-09-04T15:32:00.1847093Z
  Time since last request: 0.0002028 seconds.
  importAddress: GUID: e54411f64dc2beb43998b9727f62fa32 - Path: Packages/com.unity.render-pipelines.universal/Editor/VFXGraph/Shaders/Templates/ParticlePlanarPrimitivesLit/PassDepthOrMV.template - Importer: ScriptedImporter/UnityEditor.QuickSearchModule:UnityEditor.Search:ASIAI0B
Importing 'GUID: e54411f64dc2beb43998b9727f62fa32 - Path: Packages/com.unity.render-pipelines.universal/Editor/VFXGraph/Shaders/Templates/ParticlePlanarPrimitivesLit/PassDepthOrMV.template - Importer: ScriptedImporter/UnityEditor.QuickSearchModule:UnityEditor.Search:ASIAI0B' with importer (ScriptedImporter : UnityEditor.QuickSearchModule:UnityEditor.Search:ASIAI0B)
Imported 'GUID: e54411f64dc2beb43998b9727f62fa32' -> (Import Result ID: 'a663da89b533c839ac77f4aa0a901641') in 0.004 seconds [static and dynamic dependencies]. Details - ImportResultOutputID=571b7dd4e975d720dedd27580552ff8f DependenciesID=986f2ac4cb76cd523889d9db6baa2653 StaticDependenciesID=94c3fa258b1be49efc6caa0184b4c900 
Number of updated asset objects reloaded before import = 0
Number of asset objects unloaded after import = 1
========================================================================
Received Import Request.
  Time of request: 2026-09-04T15:32:00.1955218Z
  Time since last request: 0.0002647 seconds.
  importAddress: GUID: 526188e7c1965614aa36043f95c18390 - Path: Packages/com.unity.render-pipelines.universal/Editor/VFXGraph/Shaders/Templates/ParticleLinesSW/PassForward2D.template - Importer: ScriptedImporter/UnityEditor.QuickSearchModule:UnityEditor.Search:ASIAI0B
Importing 'GUID: 526188e7c1965614aa36043f95c18390 - Path: Packages/com.unity.render-pipelines.universal/Editor/VFXGraph/Shaders/Templates/ParticleLinesSW/PassForward2D.template - Importer: ScriptedImporter/UnityEditor.QuickSearchModule:UnityEditor.Search:ASIAI0B' with importer (ScriptedImporter : UnityEditor.QuickSearchModule:UnityEditor.Search:ASIAI0B)
Imported 'GUID: 526188e7c1965614aa36043f95c18390' -> (Import Result ID: 'f496bfe2427f572c941289a68bcacbe4') in 0.005 seconds [static and dynamic dependencies]. Details - ImportResultOutputID=4c5e485b9dc9205ecff1075df930e907 DependenciesID=24eb5bb116230c71b4da8fdf19ffcf38 StaticDependenciesID=9599453991b61919351250f02145a1a6 
Number of updated asset objects reloaded before import = 0
Number of asset objects unloaded after import = 1
========================================================================
Received Import Request.
  Time of request: 2026-09-04T15:32:00.2085424Z
  Time since last request: 0.0002437 seconds.
  importAddress: GUID: 23f922a362522a540b38b85bb2a5353f - Path: Packages/com.unity.render-pipelines.universal/Editor/VFXGraph/Shaders/Templates/ParticleMeshesLit/PassDepth.template - Importer: ScriptedImporter/UnityEditor.QuickSearchModule:UnityEditor.Search:ASIAI0B
Importing 'GUID: 23f922a362522a540b38b85bb2a5353f - Path: Packages/com.unity.render-pipelines.universal/Editor/VFXGraph/Shaders/Templates/ParticleMeshesLit/PassDepth.template - Importer: ScriptedImporter/UnityEditor.QuickSearchModule:UnityEditor.Search:ASIAI0B' with importer (ScriptedImporter : UnityEditor.QuickSearchModule:UnityEditor.Search:ASIAI0B)
Imported 'GUID: 23f922a362522a540b38b85bb2a5353f' -> (Import Result ID: '955d2f977c331bf4bb0cf399ccaf995a') in 0.003 seconds [static and dynamic dependencies]. Details - ImportResultOutputID=ee04665e45ca3de9ce0566d3b3145a13 DependenciesID=fed2eb2ddaf7cef57be5ba68e869618b StaticDependenciesID=b386b22211f257b6cd3627644eea9c4f 
Number of updated asset objects reloaded before import = 0
Number of asset objects unloaded after import = 1
========================================================================
Received Import Request.
  Time of request: 2026-09-04T15:32:00.2354195Z
  Time since last request: 0.0168861 seconds.
  importAddress: GUID: 7d07176ae506b05458500c8aa695d90e - Path: Packages/com.unity.render-pipelines.universal/Editor/VFXGraph/Shaders/Templates/ParticlePlanarPrimitivesLit/PassShadowCaster.template - Importer: ScriptedImporter/UnityEditor.QuickSearchModule:UnityEditor.Search:ASIAI0B
Importing 'GUID: 7d07176ae506b05458500c8aa695d90e - Path: Packages/com.unity.render-pipelines.universal/Editor/VFXGraph/Shaders/Templates/ParticlePlanarPrimitivesLit/PassShadowCaster.template - Importer: ScriptedImporter/UnityEditor.QuickSearchModule:UnityEditor.Search:ASIAI0B' with importer (ScriptedImporter : UnityEditor.QuickSearchModule:UnityEditor.Search:ASIAI0B)
Imported 'GUID: 7d07176ae506b05458500c8aa695d90e' -> (Import Result ID: 'cf667863eb5f3d63fd631bce0fdbae62') in 0.004 seconds [static and dynamic dependencies]. Details - ImportResultOutputID=06a2eecf9740836a7e20d1fdb2f8be54 DependenciesID=3d877538b53d0f6dae25939ec68b5d2d StaticDependenciesID=5f66a319f10b622fa60e917b3a46db63 
Number of updated asset objects reloaded before import = 0
Number of asset objects unloaded after import = 1
========================================================================
Received Import Request.
  Time of request: 2026-09-04T15:32:00.2462831Z
  Time since last request: 0.0002472 seconds.
  importAddress: GUID: 6ca5883cd45940728412e0fa8e22403c - Path: Packages/com.unity.render-pipelines.universal/Editor/VFXGraph/Shaders/Templates/URPDecal/PassForwardEmissive.template - Importer: ScriptedImporter/UnityEditor.QuickSearchModule:UnityEditor.Search:ASIAI0B
Importing 'GUID: 6ca5883cd45940728412e0fa8e22403c - Path: Packages/com.unity.render-pipelines.universal/Editor/VFXGraph/Shaders/Templates/URPDecal/PassForwardEmissive.template - Importer: ScriptedImporter/UnityEditor.QuickSearchModule:UnityEditor.Search:ASIAI0B' with importer (ScriptedImporter : UnityEditor.QuickSearchModule:UnityEditor.Search:ASIAI0B)
Imported 'GUID: 6ca5883cd45940728412e0fa8e22403c' -> (Import Result ID: 'ce507ae14b9c7e0214a57bf03e67ad0d') in 0.003 seconds [static and dynamic dependencies]. Details - ImportResultOutputID=46ed7451bdf331d3eabfead9361cf564 DependenciesID=f9f6a6f3015120b7797f3aa2c5ea41eb StaticDependenciesID=3970a41d26f9e786ddd478a5bdf3593c 
Number of updated asset objects reloaded before import = 0
Number of asset objects unloaded after import = 1
========================================================================
Received Import Request.
  Time of request: 2026-09-04T15:32:00.2690113Z
  Time since last request: 0.012922 seconds.
  importAddress: GUID: 0722f9616ea0a48e280b552e67e783a5 - Path: Packages/com.unity.render-pipelines.universal/Tests/Editor/Tools/Converters/MaterialUpgrader/StandardMaterialUpgraderTest.cs - Importer: ScriptedImporter/UnityEditor.QuickSearchModule:UnityEditor.Search:ASIAI0B
Importing 'GUID: 0722f9616ea0a48e280b552e67e783a5 - Path: Packages/com.unity.render-pipelines.universal/Tests/Editor/Tools/Converters/MaterialUpgrader/StandardMaterialUpgraderTest.cs - Importer: ScriptedImporter/UnityEditor.QuickSearchModule:UnityEditor.Search:ASIAI0B' with importer (ScriptedImporter : UnityEditor.QuickSearchModule:UnityEditor.Search:ASIAI0B)
Imported 'GUID: 0722f9616ea0a48e280b552e67e783a5' -> (Import Result ID: '82cf375c0a16547f2c226a18d900543d') in 0.006 seconds [static and dynamic dependencies]. Details - ImportResultOutputID=b07044853b8dbfd707e9c0b8ee2e9cab DependenciesID=c957d7d9b1dbc542c13ecd48004c9524 StaticDependenciesID=a3c61915d9e00fd780f3dad487b2e936 
Number of updated asset objects reloaded before import = 0
Number of asset objects unloaded after import = 0
========================================================================
Received Import Request.
  Time of request: 2026-09-04T15:32:00.2820978Z
  Time since last request: 0.0002917 seconds.
  importAddress: GUID: 1b477d4c93a074c40bf5c83b3d7962a4 - Path: Packages/com.unity.render-pipelines.universal/Tests/Editor/Tools/Converters/MaterialUpgrader/MaterialUpgraderTestBase.cs - Importer: ScriptedImporter/UnityEditor.QuickSearchModule:UnityEditor.Search:ASIAI0B
Importing 'GUID: 1b477d4c93a074c40bf5c83b3d7962a4 - Path: Packages/com.unity.render-pipelines.universal/Tests/Editor/Tools/Converters/MaterialUpgrader/MaterialUpgraderTestBase.cs - Importer: ScriptedImporter/UnityEditor.QuickSearchModule:UnityEditor.Search:ASIAI0B' with importer (ScriptedImporter : UnityEditor.QuickSearchModule:UnityEditor.Search:ASIAI0B)
Imported 'GUID: 1b477d4c93a074c40bf5c83b3d7962a4' -> (Import Result ID: 'de730745168b2383b4789b6d314e575d') in 0.004 seconds [static and dynamic dependencies]. Details - ImportResultOutputID=7ce21ab652bfe88c4f977e6b3d7bfbeb DependenciesID=578bef48cc863bdafc557a3c7ab48137 StaticDependenciesID=a95b07bd2937005c4040151b23f3f7a1 
Number of updated asset objects reloaded before import = 0
Number of asset objects unloaded after import = 0
========================================================================
Received Import Request.
  Time of request: 2026-09-04T15:32:00.293683Z
  Time since last request: 0.0002661 seconds.
  importAddress: GUID: 877cfbcc0403542bfad5325abdbf5944 - Path: Packages/com.unity.render-pipelines.universal/Tests/Editor/Tools/Converters/MaterialUpgrader/AutodeskInteractiveFadeMaterialUpgradeTest.cs - Importer: ScriptedImporter/UnityEditor.QuickSearchModule:UnityEditor.Search:ASIAI0B
Importing 'GUID: 877cfbcc0403542bfad5325abdbf5944 - Path: Packages/com.unity.render-pipelines.universal/Tests/Editor/Tools/Converters/MaterialUpgrader/AutodeskInteractiveFadeMaterialUpgradeTest.cs - Importer: ScriptedImporter/UnityEditor.QuickSearchModule:UnityEditor.Search:ASIAI0B' with importer (ScriptedImporter : UnityEditor.QuickSearchModule:UnityEditor.Search:ASIAI0B)
Imported 'GUID: 877cfbcc0403542bfad5325abdbf5944' -> (Import Result ID: '9ddac7372c78ad1ba10d051eecbadcc8') in 0.003 seconds [static and dynamic dependencies]. Details - ImportResultOutputID=de48701b73f3383b23d7fc3d63d4e0e6 DependenciesID=7c66974de79b5db044d55760a0c69cb0 StaticDependenciesID=28f82f9af263db228f5a0f8e2fdc37ad 
Number of updated asset objects reloaded before import = 0
Number of asset objects unloaded after import = 0
========================================================================
Received Import Request.
  Time of request: 2026-09-04T15:32:00.321651Z
  Time since last request: 0.0174199 seconds.
  importAddress: GUID: 7b85d37b2f076804f8b93f821d6ff88e - Path: Packages/com.unity.collab-proxy/Editor/SwitchUVCSPlugin.cs - Importer: ScriptedImporter/UnityEditor.QuickSearchModule:UnityEditor.Search:ASIAI0B
Importing 'GUID: 7b85d37b2f076804f8b93f821d6ff88e - Path: Packages/com.unity.collab-proxy/Editor/SwitchUVCSPlugin.cs - Importer: ScriptedImporter/UnityEditor.QuickSearchModule:UnityEditor.Search:ASIAI0B' with importer (ScriptedImporter : UnityEditor.QuickSearchModule:UnityEditor.Search:ASIAI0B)
Imported 'GUID: 7b85d37b2f076804f8b93f821d6ff88e' -> (Import Result ID: 'c17ccb33175d10d088859d6b30b0de82') in 0.005 seconds [static and dynamic dependencies]. Details - ImportResultOutputID=52bc6e213fcb00575c461d1865e56d85 DependenciesID=762324e45822248c7962d314b0bea56e StaticDependenciesID=16742e480861fd2201e3a070b79d04bc 
Number of updated asset objects reloaded before import = 0
Number of asset objects unloaded after import = 0
========================================================================
Received Import Request.
  Time of request: 2026-09-04T15:32:00.3332269Z
  Time since last request: 0.000349 seconds.
  importAddress: GUID: 4af85446b06bf694a966f280918beb31 - Path: Packages/com.unity.collab-proxy/Editor/GetRelativePath.cs - Importer: ScriptedImporter/UnityEditor.QuickSearchModule:UnityEditor.Search:ASIAI0B
Importing 'GUID: 4af85446b06bf694a966f280918beb31 - Path: Packages/com.unity.collab-proxy/Editor/GetRelativePath.cs - Importer: ScriptedImporter/UnityEditor.QuickSearchModule:UnityEditor.Search:ASIAI0B' with importer (ScriptedImporter : UnityEditor.QuickSearchModule:UnityEditor.Search:ASIAI0B)
Imported 'GUID: 4af85446b06bf694a966f280918beb31' -> (Import Result ID: '5a63f004bd7db3af22612469140a8760') in 0.003 seconds [static and dynamic dependencies]. Details - ImportResultOutputID=b470c77a6e5dd488bfc8988c105c4356 DependenciesID=335734de23ef494e707ef06948b46c93 StaticDependenciesID=2850cf58b866a3516b96c78e65f09080 
Number of updated asset objects reloaded before import = 0
Number of asset objects unloaded after import = 0
========================================================================
Received Import Request.
  Time of request: 2026-09-04T15:32:00.3434148Z
  Time since last request: 0.0003634 seconds.
  importAddress: GUID: e7dc580933b555942b2f89a14ca659f1 - Path: Packages/com.unity.collab-proxy/Editor/IntSetting.cs - Importer: ScriptedImporter/UnityEditor.QuickSearchModule:UnityEditor.Search:ASIAI0B
Importing 'GUID: e7dc580933b555942b2f89a14ca659f1 - Path: Packages/com.unity.collab-proxy/Editor/IntSetting.cs - Importer: ScriptedImporter/UnityEditor.QuickSearchModule:UnityEditor.Search:ASIAI0B' with importer (ScriptedImporter : UnityEditor.QuickSearchModule:UnityEditor.Search:ASIAI0B)
Imported 'GUID: e7dc580933b555942b2f89a14ca659f1' -> (Import Result ID: '3b0d324a486a486479352b0478323bf4') in 0.004 seconds [static and dynamic dependencies]. Details - ImportResultOutputID=cd2367cdafd692a2da4770fa7e6a9247 DependenciesID=4b7327dda12b18040b087738d9284d24 StaticDependenciesID=e123abe634f5169a16215a5ea8019b48 
Number of updated asset objects reloaded before import = 0
Number of asset objects unloaded after import = 0
========================================================================
Received Import Request.
  Time of request: 2026-09-04T15:32:00.3550699Z
  Time since last request: 0.0003001 seconds.
  importAddress: GUID: 52a2c019761d4f74ea3dbdaa0d889673 - Path: Packages/com.unity.collab-proxy/LICENSE.md - Importer: ScriptedImporter/UnityEditor.QuickSearchModule:UnityEditor.Search:ASIAI0B
Importing 'GUID: 52a2c019761d4f74ea3dbdaa0d889673 - Path: Packages/com.unity.collab-proxy/LICENSE.md - Importer: ScriptedImporter/UnityEditor.QuickSearchModule:UnityEditor.Search:ASIAI0B' with importer (ScriptedImporter : UnityEditor.QuickSearchModule:UnityEditor.Search:ASIAI0B)
Imported 'GUID: 52a2c019761d4f74ea3dbdaa0d889673' -> (Import Result ID: 'f44213a713893fec3a6099c7c3731ec7') in 0.004 seconds [static and dynamic dependencies]. Details - ImportResultOutputID=292088c0f88b5bff46aef2ba7934fd38 DependenciesID=9bdac13499ce575caae549a909af5ec0 StaticDependenciesID=365e91e8cd786ec44c50fb373de1041e 
Number of updated asset objects reloaded before import = 0
Number of asset objects unloaded after import = 1
========================================================================
Received Import Request.
  Time of request: 2026-09-04T15:32:00.3661648Z
  Time since last request: 0.0002161 seconds.
  importAddress: GUID: 1686ac2e1d109ed43bf2dec74fed784f - Path: Packages/com.unity.collab-proxy/Editor/AssetMenu/AssetsSelection.cs - Importer: ScriptedImporter/UnityEditor.QuickSearchModule:UnityEditor.Search:ASIAI0B
Importing 'GUID: 1686ac2e1d109ed43bf2dec74fed784f - Path: Packages/com.unity.collab-proxy/Editor/AssetMenu/AssetsSelection.cs - Importer: ScriptedImporter/UnityEditor.QuickSearchModule:UnityEditor.Search:ASIAI0B' with importer (ScriptedImporter : UnityEditor.QuickSearchModule:UnityEditor.Search:ASIAI0B)
Imported 'GUID: 1686ac2e1d109ed43bf2dec74fed784f' -> (Import Result ID: '8d9cc6bde114ab7dc8eaf2f990764e5a') in 0.004 seconds [static and dynamic dependencies]. Details - ImportResultOutputID=f675f4ac868605b7aadf2e00aa7b4fec DependenciesID=7254539b4e5536a6cbc4bda14ff26f0e StaticDependenciesID=22e973fbd4995c2b75cfe34f50551472 
Number of updated asset objects reloaded before import = 0
Number of asset objects unloaded after import = 0
========================================================================
Received Import Request.
  Time of request: 2026-09-04T15:32:00.375727Z
  Time since last request: 0.0002173 seconds.
  importAddress: GUID: ace421d79f5a6bd41bca418cddff7683 - Path: Packages/com.unity.render-pipelines.universal/Tests/Editor/Tools/Converters/ReadonlyMaterialConverter/ReadonlyMaterialConverterTests.MaterialReferenceBuilder.cs - Importer: ScriptedImporter/UnityEditor.QuickSearchModule:UnityEditor.Search:ASIAI0B
Importing 'GUID: ace421d79f5a6bd41bca418cddff7683 - Path: Packages/com.unity.render-pipelines.universal/Tests/Editor/Tools/Converters/ReadonlyMaterialConverter/ReadonlyMaterialConverterTests.MaterialReferenceBuilder.cs - Importer: ScriptedImporter/UnityEditor.QuickSearchModule:UnityEditor.Search:ASIAI0B' with importer (ScriptedImporter : UnityEditor.QuickSearchModule:UnityEditor.Search:ASIAI0B)
Imported 'GUID: ace421d79f5a6bd41bca418cddff7683' -> (Import Result ID: 'b4e0da43874e60fbbac70a9fa0712e67') in 0.004 seconds [static and dynamic dependencies]. Details - ImportResultOutputID=d47f472e2b97414c84a3b3a4a378ea12 DependenciesID=27a00c682eb9a796dbc1ae5a89da89ca StaticDependenciesID=ecd5460f72b66c5a271b10ea852741da 
Number of updated asset objects reloaded before import = 0
Number of asset objects unloaded after import = 0
========================================================================
Received Import Request.
  Time of request: 2026-09-04T15:32:00.3875029Z
  Time since last request: 0.0002131 seconds.
  importAddress: GUID: f6aa8eca9e9e84840b73620eb177ea9e - Path: Packages/com.unity.collab-proxy/Editor/CheckWorkspaceTreeNodeStatus.cs - Importer: ScriptedImporter/UnityEditor.QuickSearchModule:UnityEditor.Search:ASIAI0B
Importing 'GUID: f6aa8eca9e9e84840b73620eb177ea9e - Path: Packages/com.unity.collab-proxy/Editor/CheckWorkspaceTreeNodeStatus.cs - Importer: ScriptedImporter/UnityEditor.QuickSearchModule:UnityEditor.Search:ASIAI0B' with importer (ScriptedImporter : UnityEditor.QuickSearchModule:UnityEditor.Search:ASIAI0B)
Imported 'GUID: f6aa8eca9e9e84840b73620eb177ea9e' -> (Import Result ID: 'd7c8e03cbcd694e30bc227f9bd7037a8') in 0.003 seconds [static and dynamic dependencies]. Details - ImportResultOutputID=fe98372bedd99498f646fa1b1e5d5fdc DependenciesID=c30b70c39f930476a92d1a7686241c2a StaticDependenciesID=544fc5b64b9140d92200773d7eefd04b 
Number of updated asset objects reloaded before import = 0
Number of asset objects unloaded after import = 0
========================================================================
Received Import Request.
  Time of request: 2026-09-04T15:32:00.3987322Z
  Time since last request: 0.0002333 seconds.
  importAddress: GUID: 2d63e236b259c9b4c8c5175cb624721f - Path: Packages/com.unity.collab-proxy/Editor/WaitForPendingOperations.cs - Importer: ScriptedImporter/UnityEditor.QuickSearchModule:UnityEditor.Search:ASIAI0B
Importing 'GUID: 2d63e236b259c9b4c8c5175cb624721f - Path: Packages/com.unity.collab-proxy/Editor/WaitForPendingOperations.cs - Importer: ScriptedImporter/UnityEditor.QuickSearchModule:UnityEditor.Search:ASIAI0B' with importer (ScriptedImporter : UnityEditor.QuickSearchModule:UnityEditor.Search:ASIAI0B)
Imported 'GUID: 2d63e236b259c9b4c8c5175cb624721f' -> (Import Result ID: '74ed0b938d59144431338c83cfcd4da2') in 0.004 seconds [static and dynamic dependencies]. Details - ImportResultOutputID=b24b6a45a82826d355077179c9793881 DependenciesID=a737dd68f8add5700c528fe9ed0d2f0d StaticDependenciesID=046f9ca8808d7182941246810b070626 
Number of updated asset objects reloaded before import = 0
Number of asset objects unloaded after import = 0
========================================================================
Received Import Request.
  Time of request: 2026-09-04T15:32:00.4110874Z
  Time since last request: 0.0001804 seconds.
  importAddress: GUID: 1dc96db8ece508c4696f7e89c2cd11e3 - Path: Packages/com.unity.collab-proxy/Editor/UnityConfigurationChecker.cs - Importer: ScriptedImporter/UnityEditor.QuickSearchModule:UnityEditor.Search:ASIAI0B
Importing 'GUID: 1dc96db8ece508c4696f7e89c2cd11e3 - Path: Packages/com.unity.collab-proxy/Editor/UnityConfigurationChecker.cs - Importer: ScriptedImporter/UnityEditor.QuickSearchModule:UnityEditor.Search:ASIAI0B' with importer (ScriptedImporter : UnityEditor.QuickSearchModule:UnityEditor.Search:ASIAI0B)
Imported 'GUID: 1dc96db8ece508c4696f7e89c2cd11e3' -> (Import Result ID: '2d033cb79dab3acb9ac9fb5c7bce02e3') in 0.012 seconds [static and dynamic dependencies]. Details - ImportResultOutputID=ab975e5cae7b7660c357221032044cb3 DependenciesID=41ff959a92b45b0d1a9724cdbd2ca0a4 StaticDependenciesID=da52fdeccbfed03f9bf0cbd76f49a644 
Number of updated asset objects reloaded before import = 0
Number of asset objects unloaded after import = 0
========================================================================
Received Import Request.
  Time of request: 2026-09-04T15:32:00.4325613Z
  Time since last request: 0.0001887 seconds.
  importAddress: GUID: 14c7ad7d838cc1d4691f5d9ca504f0ac - Path: Packages/com.unity.collab-proxy/Editor/DrawGuiModeSwitcher.cs - Importer: ScriptedImporter/UnityEditor.QuickSearchModule:UnityEditor.Search:ASIAI0B
Importing 'GUID: 14c7ad7d838cc1d4691f5d9ca504f0ac - Path: Packages/com.unity.collab-proxy/Editor/DrawGuiModeSwitcher.cs - Importer: ScriptedImporter/UnityEditor.QuickSearchModule:UnityEditor.Search:ASIAI0B' with importer (ScriptedImporter : UnityEditor.QuickSearchModule:UnityEditor.Search:ASIAI0B)
Imported 'GUID: 14c7ad7d838cc1d4691f5d9ca504f0ac' -> (Import Result ID: 'cfb9d174d298148b9a356ec069e89ae4') in 0.005 seconds [static and dynamic dependencies]. Details - ImportResultOutputID=93757d38c95cb0302aca34e78ee5e5cd DependenciesID=0002f44920bbfbdbda8de28f46dc61e8 StaticDependenciesID=b07af10586d2c23fdea1928e3b5ea68b 
Number of updated asset objects reloaded before import = 0
Number of asset objects unloaded after import = 0
========================================================================
Received Import Request.
  Time of request: 2026-09-04T15:32:00.4460613Z
  Time since last request: 0.0001941 seconds.
  importAddress: GUID: f32f865aa8b3e3341be18107db54b5cb - Path: Packages/com.unity.collab-proxy/Editor/UVCSToolbarButtonIsShownPreference.cs - Importer: ScriptedImporter/UnityEditor.QuickSearchModule:UnityEditor.Search:ASIAI0B
Importing 'GUID: f32f865aa8b3e3341be18107db54b5cb - Path: Packages/com.unity.collab-proxy/Editor/UVCSToolbarButtonIsShownPreference.cs - Importer: ScriptedImporter/UnityEditor.QuickSearchModule:UnityEditor.Search:ASIAI0B' with importer (ScriptedImporter : UnityEditor.QuickSearchModule:UnityEditor.Search:ASIAI0B)
Imported 'GUID: f32f865aa8b3e3341be18107db54b5cb' -> (Import Result ID: 'f0c960611430560acdef0d815bb4a69e') in 0.005 seconds [static and dynamic dependencies]. Details - ImportResultOutputID=1d685ecfddcd47d3795bf21c90eaeaa7 DependenciesID=b33f2833222157249ba13369bf647ebf StaticDependenciesID=924e999e4495507e0ec351519140cbe6 
Number of updated asset objects reloaded before import = 0
Number of asset objects unloaded after import = 0
========================================================================
Received Import Request.
  Time of request: 2026-09-04T15:32:00.4584889Z
  Time since last request: 0.000335 seconds.
  importAddress: GUID: 608f66b5adac272459273ddaf3e4db5d - Path: Packages/com.unity.collab-proxy/Editor/PlasticApp.cs - Importer: ScriptedImporter/UnityEditor.QuickSearchModule:UnityEditor.Search:ASIAI0B
Importing 'GUID: 608f66b5adac272459273ddaf3e4db5d - Path: Packages/com.unity.collab-proxy/Editor/PlasticApp.cs - Importer: ScriptedImporter/UnityEditor.QuickSearchModule:UnityEditor.Search:ASIAI0B' with importer (ScriptedImporter : UnityEditor.QuickSearchModule:UnityEditor.Search:ASIAI0B)
Imported 'GUID: 608f66b5adac272459273ddaf3e4db5d' -> (Import Result ID: '1febd0b4ae38cb2e7b262a88129b8c84') in 0.004 seconds [static and dynamic dependencies]. Details - ImportResultOutputID=ba08a34d6cfaacd521e73c076f39098d DependenciesID=5b4c59299f45dc4a494c65a81992c1f4 StaticDependenciesID=27839e82a43ee55b7cd6dbbbcdb37840 
Number of updated asset objects reloaded before import = 0
Number of asset objects unloaded after import = 0
========================================================================
Received Import Request.
  Time of request: 2026-09-04T15:32:00.4699649Z
  Time since last request: 0.000239 seconds.
  importAddress: GUID: aebdb56b44622b2468b014e27e5e28e5 - Path: Packages/com.unity.collab-proxy/Editor/UVCSPlugin.cs - Importer: ScriptedImporter/UnityEditor.QuickSearchModule:UnityEditor.Search:ASIAI0B
Importing 'GUID: aebdb56b44622b2468b014e27e5e28e5 - Path: Packages/com.unity.collab-proxy/Editor/UVCSPlugin.cs - Importer: ScriptedImporter/UnityEditor.QuickSearchModule:UnityEditor.Search:ASIAI0B' with importer (ScriptedImporter : UnityEditor.QuickSearchModule:UnityEditor.Search:ASIAI0B)
Imported 'GUID: aebdb56b44622b2468b014e27e5e28e5' -> (Import Result ID: 'f190a48ad1c311c3c2a6e6e6f91cc419') in 0.004 seconds [static and dynamic dependencies]. Details - ImportResultOutputID=0f89683c77ec007cc832c8a2eb52e954 DependenciesID=9f9584cb9d355fbc4d541c31e24634f1 StaticDependenciesID=34a7def566b4bf3601a69e3052f32f9d 
Number of updated asset objects reloaded before import = 0
Number of asset objects unloaded after import = 0
========================================================================
Received Import Request.
  Time of request: 2026-09-04T15:32:00.4924843Z
  Time since last request: 0.0121657 seconds.
  importAddress: GUID: 332442c8f4f7b1943bb9e12fc97356e4 - Path: Packages/com.unity.collab-proxy/Editor/Configuration/WriteLogConfiguration.cs - Importer: ScriptedImporter/UnityEditor.QuickSearchModule:UnityEditor.Search:ASIAI0B
Importing 'GUID: 332442c8f4f7b1943bb9e12fc97356e4 - Path: Packages/com.unity.collab-proxy/Editor/Configuration/WriteLogConfiguration.cs - Importer: ScriptedImporter/UnityEditor.QuickSearchModule:UnityEditor.Search:ASIAI0B' with importer (ScriptedImporter : UnityEditor.QuickSearchModule:UnityEditor.Search:ASIAI0B)
Imported 'GUID: 332442c8f4f7b1943bb9e12fc97356e4' -> (Import Result ID: 'c3dd63da5d55ec685b3d662e94f0c943') in 0.004 seconds [static and dynamic dependencies]. Details - ImportResultOutputID=5507414f390c4b3530187de098ac82ab DependenciesID=58767c26ee2410beca4adedaafefecce StaticDependenciesID=3b0a7fe4de5dbb3095f6ee58e7a08d41 
Number of updated asset objects reloaded before import = 0
Number of asset objects unloaded after import = 0
========================================================================
Received Import Request.
  Time of request: 2026-09-04T15:32:00.5034751Z
  Time since last request: 0.0002693 seconds.
  importAddress: GUID: dc0cbec450c3bd54eb12276dcfdc27d3 - Path: Packages/com.unity.collab-proxy/Editor/Developer/GenericProgress.cs - Importer: ScriptedImporter/UnityEditor.QuickSearchModule:UnityEditor.Search:ASIAI0B
Importing 'GUID: dc0cbec450c3bd54eb12276dcfdc27d3 - Path: Packages/com.unity.collab-proxy/Editor/Developer/GenericProgress.cs - Importer: ScriptedImporter/UnityEditor.QuickSearchModule:UnityEditor.Search:ASIAI0B' with importer (ScriptedImporter : UnityEditor.QuickSearchModule:UnityEditor.Search:ASIAI0B)
Imported 'GUID: dc0cbec450c3bd54eb12276dcfdc27d3' -> (Import Result ID: 'e1f90a97656fdaca13e45a78f2098490') in 0.003 seconds [static and dynamic dependencies]. Details - ImportResultOutputID=6477650fd4ad3e29321ccfc5510d04af DependenciesID=3fcda210692dc92bbca79577b88416fb StaticDependenciesID=13695ea71a83cbe793f343bb85cd2f02 
Number of updated asset objects reloaded before import = 0
Number of asset objects unloaded after import = 0
========================================================================
Received Import Request.
  Time of request: 2026-09-04T15:32:00.5136857Z
  Time since last request: 0.0003046 seconds.
  importAddress: GUID: ce652d891ad5ed540b0d6e474d00130c - Path: Packages/com.unity.collab-proxy/Editor/Developer/UpdateProgress.cs - Importer: ScriptedImporter/UnityEditor.QuickSearchModule:UnityEditor.Search:ASIAI0B
Importing 'GUID: ce652d891ad5ed540b0d6e474d00130c - Path: Packages/com.unity.collab-proxy/Editor/Developer/UpdateProgress.cs - Importer: ScriptedImporter/UnityEditor.QuickSearchModule:UnityEditor.Search:ASIAI0B' with importer (ScriptedImporter : UnityEditor.QuickSearchModule:UnityEditor.Search:ASIAI0B)
Imported 'GUID: ce652d891ad5ed540b0d6e474d00130c' -> (Import Result ID: 'a72cc251b817e00abce1f35f75d94893') in 0.003 seconds [static and dynamic dependencies]. Details - ImportResultOutputID=f2c8adf20e8681a7136b20c4f98aad0f DependenciesID=85d7b16229316588f6a03cb7c3495875 StaticDependenciesID=280041ba60ba68998d67676178237933 
Number of updated asset objects reloaded before import = 0
Number of asset objects unloaded after import = 0
========================================================================
Received Import Request.
  Time of request: 2026-09-04T15:32:00.5251083Z
  Time since last request: 0.000305 seconds.
  importAddress: GUID: 68f2f2587930106408dd3b00fb4974ff - Path: Packages/com.unity.collab-proxy/Editor/AssetOverlays/DrawHierarchyOverlay.cs - Importer: ScriptedImporter/UnityEditor.QuickSearchModule:UnityEditor.Search:ASIAI0B
Importing 'GUID: 68f2f2587930106408dd3b00fb4974ff - Path: Packages/com.unity.collab-proxy/Editor/AssetOverlays/DrawHierarchyOverlay.cs - Importer: ScriptedImporter/UnityEditor.QuickSearchModule:UnityEditor.Search:ASIAI0B' with importer (ScriptedImporter : UnityEditor.QuickSearchModule:UnityEditor.Search:ASIAI0B)
Imported 'GUID: 68f2f2587930106408dd3b00fb4974ff' -> (Import Result ID: 'afd9daac1c6cb5dc5c26d95f06fafb35') in 0.003 seconds [static and dynamic dependencies]. Details - ImportResultOutputID=0a76715859c7d780f50a46812b77edab DependenciesID=f0b3ca2bcf44d81a891d18a56b22ae46 StaticDependenciesID=823e23033becc48a87d8fcf73423e056 
Number of updated asset objects reloaded before import = 0
Number of asset objects unloaded after import = 0
========================================================================
Received Import Request.
  Time of request: 2026-09-04T15:32:00.5354178Z
  Time since last request: 0.0002711 seconds.
  importAddress: GUID: e5854d1a1c573e040afdbb54103decf3 - Path: Packages/com.unity.collab-proxy/Editor/Headless/HeadlessViewSwitcher.cs - Importer: ScriptedImporter/UnityEditor.QuickSearchModule:UnityEditor.Search:ASIAI0B
Importing 'GUID: e5854d1a1c573e040afdbb54103decf3 - Path: Packages/com.unity.collab-proxy/Editor/Headless/HeadlessViewSwitcher.cs - Importer: ScriptedImporter/UnityEditor.QuickSearchModule:UnityEditor.Search:ASIAI0B' with importer (ScriptedImporter : UnityEditor.QuickSearchModule:UnityEditor.Search:ASIAI0B)
Imported 'GUID: e5854d1a1c573e040afdbb54103decf3' -> (Import Result ID: 'a9f67bcbf3330738bff7c8ac41cce3b3') in 0.003 seconds [static and dynamic dependencies]. Details - ImportResultOutputID=b4f400c75a9b878c6ce362d81610e24d DependenciesID=05b7761cb9fdb89113152e5b6c18d2fa StaticDependenciesID=4d745855e5c701e7d7ef75f0435a516a 
Number of updated asset objects reloaded before import = 0
Number of asset objects unloaded after import = 0
========================================================================
Received Import Request.
  Time of request: 2026-09-04T15:32:00.5443739Z
  Time since last request: 0.0002465 seconds.
  importAddress: GUID: 6cad902920d2d0e448b4a307b199d8fd - Path: Packages/com.unity.collab-proxy/Editor/AssetsUtils/ProjectPath.cs - Importer: ScriptedImporter/UnityEditor.QuickSearchModule:UnityEditor.Search:ASIAI0B
Importing 'GUID: 6cad902920d2d0e448b4a307b199d8fd - Path: Packages/com.unity.collab-proxy/Editor/AssetsUtils/ProjectPath.cs - Importer: ScriptedImporter/UnityEditor.QuickSearchModule:UnityEditor.Search:ASIAI0B' with importer (ScriptedImporter : UnityEditor.QuickSearchModule:UnityEditor.Search:ASIAI0B)
Imported 'GUID: 6cad902920d2d0e448b4a307b199d8fd' -> (Import Result ID: 'ea1b1502afc20e6ec3f6583cf8dd9e72') in 0.003 seconds [static and dynamic dependencies]. Details - ImportResultOutputID=dc25a4d17d3f4fe82b205327399f6355 DependenciesID=25dc057b0f1d9b9ccda6518dfa73e765 StaticDependenciesID=4169e9a93079f1c1d5e9a0c07c0e6dae 
Number of updated asset objects reloaded before import = 0
Number of asset objects unloaded after import = 0
========================================================================
Received Import Request.
  Time of request: 2026-09-04T15:32:00.5547773Z
  Time since last request: 0.0004252 seconds.
  importAddress: GUID: cc9b578c680471e41965738c85cbabbf - Path: Packages/com.unity.collab-proxy/Editor/Developer/IncomingChangesNotification.cs - Importer: ScriptedImporter/UnityEditor.QuickSearchModule:UnityEditor.Search:ASIAI0B
Importing 'GUID: cc9b578c680471e41965738c85cbabbf - Path: Packages/com.unity.collab-proxy/Editor/Developer/IncomingChangesNotification.cs - Importer: ScriptedImporter/UnityEditor.QuickSearchModule:UnityEditor.Search:ASIAI0B' with importer (ScriptedImporter : UnityEditor.QuickSearchModule:UnityEditor.Search:ASIAI0B)
Imported 'GUID: cc9b578c680471e41965738c85cbabbf' -> (Import Result ID: '4e95eab68fe45c9959d9bb898f4df5fa') in 0.003 seconds [static and dynamic dependencies]. Details - ImportResultOutputID=7c7aa65f1b056cb9c23b59329428d6d6 DependenciesID=beea319b361da7e95e56d8106dca6003 StaticDependenciesID=77f684f9c2d0f8668238c4997e765e61 
Number of updated asset objects reloaded before import = 0
Number of asset objects unloaded after import = 0
========================================================================
Received Import Request.
  Time of request: 2026-09-04T15:32:00.5647129Z
  Time since last request: 0.0002365 seconds.
  importAddress: GUID: 08c46e1f56d34c62ba9e0107516e21db - Path: Packages/com.unity.collab-proxy/Editor/Diff/DiffWindow.cs - Importer: ScriptedImporter/UnityEditor.QuickSearchModule:UnityEditor.Search:ASIAI0B
Importing 'GUID: 08c46e1f56d34c62ba9e0107516e21db - Path: Packages/com.unity.collab-proxy/Editor/Diff/DiffWindow.cs - Importer: ScriptedImporter/UnityEditor.QuickSearchModule:UnityEditor.Search:ASIAI0B' with importer (ScriptedImporter : UnityEditor.QuickSearchModule:UnityEditor.Search:ASIAI0B)
Imported 'GUID: 08c46e1f56d34c62ba9e0107516e21db' -> (Import Result ID: '7c14babafe925f494ed952769905ccc2') in 0.003 seconds [static and dynamic dependencies]. Details - ImportResultOutputID=431f0c5a1ce89171e7cf2b369f3e57b0 DependenciesID=b51b50716c61932cace69568bc63b19a StaticDependenciesID=b9b98377598c5116f57152f00ebe7f3a 
Number of updated asset objects reloaded before import = 0
Number of asset objects unloaded after import = 0
========================================================================
Received Import Request.
  Time of request: 2026-09-04T15:32:00.5760356Z
  Time since last request: 0.0002752 seconds.
  importAddress: GUID: 1acfe7cc6c5909f4a954500ea46f9123 - Path: Packages/com.unity.collab-proxy/Editor/CodeEditor/TextViewPosition.cs - Importer: ScriptedImporter/UnityEditor.QuickSearchModule:UnityEditor.Search:ASIAI0B
Importing 'GUID: 1acfe7cc6c5909f4a954500ea46f9123 - Path: Packages/com.unity.collab-proxy/Editor/CodeEditor/TextViewPosition.cs - Importer: ScriptedImporter/UnityEditor.QuickSearchModule:UnityEditor.Search:ASIAI0B' with importer (ScriptedImporter : UnityEditor.QuickSearchModule:UnityEditor.Search:ASIAI0B)
Imported 'GUID: 1acfe7cc6c5909f4a954500ea46f9123' -> (Import Result ID: '49d60c89f8fe8a18961af84bc8374f4f') in 0.003 seconds [static and dynamic dependencies]. Details - ImportResultOutputID=cbf4323b39d60b524a33e96656933652 DependenciesID=474156a4e7cbeaaf60495d31dd80ad5e StaticDependenciesID=9b6df09b39118e918a681857625c27c4 
Number of updated asset objects reloaded before import = 0
Number of asset objects unloaded after import = 0
========================================================================
Received Import Request.
  Time of request: 2026-09-04T15:32:00.5857029Z
  Time since last request: 0.0002573 seconds.
  importAddress: GUID: 26e3da9604f1418d8da4a0b39108d6e7 - Path: Packages/com.unity.collab-proxy/Editor/Diff/DiffMessagePanel.cs - Importer: ScriptedImporter/UnityEditor.QuickSearchModule:UnityEditor.Search:ASIAI0B
Importing 'GUID: 26e3da9604f1418d8da4a0b39108d6e7 - Path: Packages/com.unity.collab-proxy/Editor/Diff/DiffMessagePanel.cs - Importer: ScriptedImporter/UnityEditor.QuickSearchModule:UnityEditor.Search:ASIAI0B' with importer (ScriptedImporter : UnityEditor.QuickSearchModule:UnityEditor.Search:ASIAI0B)
Imported 'GUID: 26e3da9604f1418d8da4a0b39108d6e7' -> (Import Result ID: '906c6450bb2798bc1766b47c1d031b24') in 0.003 seconds [static and dynamic dependencies]. Details - ImportResultOutputID=0336267432c1e81d10e0334bb74689a5 DependenciesID=7b95efcc5d66558a1d387047e9035a35 StaticDependenciesID=abe8ed9b0e75fbba5eb4f0a07c9066c5 
Number of updated asset objects reloaded before import = 0
Number of asset objects unloaded after import = 0
========================================================================
Received Import Request.
  Time of request: 2026-09-04T15:32:00.5952186Z
  Time since last request: 0.000252 seconds.
  importAddress: GUID: 1b0473213bc885840bb309ebce32b6fb - Path: Packages/com.unity.collab-proxy/Editor/Headless/HeadlessMergeViewLauncher.cs - Importer: ScriptedImporter/UnityEditor.QuickSearchModule:UnityEditor.Search:ASIAI0B
Importing 'GUID: 1b0473213bc885840bb309ebce32b6fb - Path: Packages/com.unity.collab-proxy/Editor/Headless/HeadlessMergeViewLauncher.cs - Importer: ScriptedImporter/UnityEditor.QuickSearchModule:UnityEditor.Search:ASIAI0B' with importer (ScriptedImporter : UnityEditor.QuickSearchModule:UnityEditor.Search:ASIAI0B)
Imported 'GUID: 1b0473213bc885840bb309ebce32b6fb' -> (Import Result ID: '07ae0b97c6ee014cf816b871273aa480') in 0.003 seconds [static and dynamic dependencies]. Details - ImportResultOutputID=3fdf845aea7eb1f8c737dcda26e57f8c DependenciesID=37cfd8589fc35505e0c8cacffcbe46fd StaticDependenciesID=5b335e443dab03b5dbd1a5545579cebf 
Number of updated asset objects reloaded before import = 0
Number of asset objects unloaded after import = 0
========================================================================
Received Import Request.
  Time of request: 2026-09-04T15:32:00.6058818Z
  Time since last request: 0.0003046 seconds.
  importAddress: GUID: d9369fa547ca81b4fafa42a3e74c1b7a - Path: Packages/com.unity.collab-proxy/Editor/AssetsUtils/GetSelectedPaths.cs - Importer: ScriptedImporter/UnityEditor.QuickSearchModule:UnityEditor.Search:ASIAI0B
Importing 'GUID: d9369fa547ca81b4fafa42a3e74c1b7a - Path: Packages/com.unity.collab-proxy/Editor/AssetsUtils/GetSelectedPaths.cs - Importer: ScriptedImporter/UnityEditor.QuickSearchModule:UnityEditor.Search:ASIAI0B' with importer (ScriptedImporter : UnityEditor.QuickSearchModule:UnityEditor.Search:ASIAI0B)
Imported 'GUID: d9369fa547ca81b4fafa42a3e74c1b7a' -> (Import Result ID: '072c225441e4fd12ed0d3673477ed150') in 0.004 seconds [static and dynamic dependencies]. Details - ImportResultOutputID=1b0d4dcdca79adc0a205fe956c196e81 DependenciesID=729e9d011ca96fb9851bbe48d5b88437 StaticDependenciesID=6a621b81063ed650c63cf72e06da4bcf 
Number of updated asset objects reloaded before import = 0
Number of asset objects unloaded after import = 0
========================================================================
Received Import Request.
  Time of request: 2026-09-04T15:32:00.6169719Z
  Time since last request: 0.000255 seconds.
  importAddress: GUID: 69c93fadaeb340eca663fdeb3ba79614 - Path: Packages/com.unity.collab-proxy/Editor/CodeEditor/ScrollBarVisibility.cs - Importer: ScriptedImporter/UnityEditor.QuickSearchModule:UnityEditor.Search:ASIAI0B
Importing 'GUID: 69c93fadaeb340eca663fdeb3ba79614 - Path: Packages/com.unity.collab-proxy/Editor/CodeEditor/ScrollBarVisibility.cs - Importer: ScriptedImporter/UnityEditor.QuickSearchModule:UnityEditor.Search:ASIAI0B' with importer (ScriptedImporter : UnityEditor.QuickSearchModule:UnityEditor.Search:ASIAI0B)
Imported 'GUID: 69c93fadaeb340eca663fdeb3ba79614' -> (Import Result ID: '33a9f35a97f717cbfa148907764663fd') in 0.003 seconds [static and dynamic dependencies]. Details - ImportResultOutputID=c23ea168d2f9c7aa794f0c2191d48361 DependenciesID=4e73b6bc86c717b26603e2efe96f61dd StaticDependenciesID=53a62d34994d36cf8acebdf6261cafeb 
Number of updated asset objects reloaded before import = 0
Number of asset objects unloaded after import = 0
========================================================================
Received Import Request.
  Time of request: 2026-09-04T15:32:00.6318072Z
  Time since last request: 0.0053131 seconds.
  importAddress: GUID: 30c4cfa3209d4a44480017a19ec5b3b8 - Path: Packages/com.unity.collab-proxy/Editor/UI/DrawActionHelpBox.cs - Importer: ScriptedImporter/UnityEditor.QuickSearchModule:UnityEditor.Search:ASIAI0B
Importing 'GUID: 30c4cfa3209d4a44480017a19ec5b3b8 - Path: Packages/com.unity.collab-proxy/Editor/UI/DrawActionHelpBox.cs - Importer: ScriptedImporter/UnityEditor.QuickSearchModule:UnityEditor.Search:ASIAI0B' with importer (ScriptedImporter : UnityEditor.QuickSearchModule:UnityEditor.Search:ASIAI0B)
Imported 'GUID: 30c4cfa3209d4a44480017a19ec5b3b8' -> (Import Result ID: '7243151357f4f379d5ee4f3fcb99dcc3') in 0.004 seconds [static and dynamic dependencies]. Details - ImportResultOutputID=7223465ba8649244bf3d3aaa6538454e DependenciesID=899e220d79ff0eed35d8596f4e0eee95 StaticDependenciesID=a35041785b13c7228d06edd20527cb37 
Number of updated asset objects reloaded before import = 0
Number of asset objects unloaded after import = 0
========================================================================
Received Import Request.
  Time of request: 2026-09-04T15:32:00.6420265Z
  Time since last request: 0.0006545 seconds.
  importAddress: GUID: a4431274b9694af98cec7d089835c6a4 - Path: Packages/com.unity.collab-proxy/Editor/Topbar/TopbarButtons.cs - Importer: ScriptedImporter/UnityEditor.QuickSearchModule:UnityEditor.Search:ASIAI0B
Importing 'GUID: a4431274b9694af98cec7d089835c6a4 - Path: Packages/com.unity.collab-proxy/Editor/Topbar/TopbarButtons.cs - Importer: ScriptedImporter/UnityEditor.QuickSearchModule:UnityEditor.Search:ASIAI0B' with importer (ScriptedImporter : UnityEditor.QuickSearchModule:UnityEditor.Search:ASIAI0B)
Imported 'GUID: a4431274b9694af98cec7d089835c6a4' -> (Import Result ID: '42684c7238683451629a9838a56bf0c3') in 0.003 seconds [static and dynamic dependencies]. Details - ImportResultOutputID=4f6593725935a5538070c8065b96c88c DependenciesID=a12169ed8ae9f41174e91ac734ee6117 StaticDependenciesID=e64c356fbaba9fbded20350144c66bdf 
Number of updated asset objects reloaded before import = 0
Number of asset objects unloaded after import = 0
========================================================================
Received Import Request.
  Time of request: 2026-09-04T15:32:00.6508535Z
  Time since last request: 0.0002467 seconds.
  importAddress: GUID: 3c3253f17b35cd14ab618b470fb0e52a - Path: Packages/com.unity.collab-proxy/Editor/UI/DrawActionToolbar.cs - Importer: ScriptedImporter/UnityEditor.QuickSearchModule:UnityEditor.Search:ASIAI0B
Importing 'GUID: 3c3253f17b35cd14ab618b470fb0e52a - Path: Packages/com.unity.collab-proxy/Editor/UI/DrawActionToolbar.cs - Importer: ScriptedImporter/UnityEditor.QuickSearchModule:UnityEditor.Search:ASIAI0B' with importer (ScriptedImporter : UnityEditor.QuickSearchModule:UnityEditor.Search:ASIAI0B)
Imported 'GUID: 3c3253f17b35cd14ab618b470fb0e52a' -> (Import Result ID: 'cd6b5d2842e4ca961c96415f9fa8bcba') in 0.003 seconds [static and dynamic dependencies]. Details - ImportResultOutputID=6ebc3a157ff60e3cc2ea6c39b5e92d43 DependenciesID=599d6546a5f8cb6a5e2c5f8a8b416bc8 StaticDependenciesID=7b4f77dabb55e7d5be0b62ea9d343c81 
Number of updated asset objects reloaded before import = 0
Number of asset objects unloaded after import = 0
========================================================================
Received Import Request.
  Time of request: 2026-09-04T15:32:00.6608289Z
  Time since last request: 0.0002509 seconds.
  importAddress: GUID: 1c9b352f456640c9925a381f736ecb5d - Path: Packages/com.unity.collab-proxy/Editor/Settings/DiffAndMergeOptionsFoldout.cs - Importer: ScriptedImporter/UnityEditor.QuickSearchModule:UnityEditor.Search:ASIAI0B
Importing 'GUID: 1c9b352f456640c9925a381f736ecb5d - Path: Packages/com.unity.collab-proxy/Editor/Settings/DiffAndMergeOptionsFoldout.cs - Importer: ScriptedImporter/UnityEditor.QuickSearchModule:UnityEditor.Search:ASIAI0B' with importer (ScriptedImporter : UnityEditor.QuickSearchModule:UnityEditor.Search:ASIAI0B)
Imported 'GUID: 1c9b352f456640c9925a381f736ecb5d' -> (Import Result ID: 'ed23178dc12c0d3202d5e7f87a09b8e2') in 0.003 seconds [static and dynamic dependencies]. Details - ImportResultOutputID=902655be79213e988c7b8e2b19bd5ea7 DependenciesID=de4ade55c2bb6b00d4c28ef48d50bce0 StaticDependenciesID=e01b6124d7c454387176d3255d6a4192 
Number of updated asset objects reloaded before import = 0
Number of asset objects unloaded after import = 0
========================================================================
Received Import Request.
  Time of request: 2026-09-04T15:32:00.6705006Z
  Time since last request: 0.0002553 seconds.
  importAddress: GUID: 75e502da07ff345528edbecd094b5cb5 - Path: Packages/com.unity.collab-proxy/Editor/UI/DelayedActionBySecondsRunner.cs - Importer: ScriptedImporter/UnityEditor.QuickSearchModule:UnityEditor.Search:ASIAI0B
Importing 'GUID: 75e502da07ff345528edbecd094b5cb5 - Path: Packages/com.unity.collab-proxy/Editor/UI/DelayedActionBySecondsRunner.cs - Importer: ScriptedImporter/UnityEditor.QuickSearchModule:UnityEditor.Search:ASIAI0B' with importer (ScriptedImporter : UnityEditor.QuickSearchModule:UnityEditor.Search:ASIAI0B)
Imported 'GUID: 75e502da07ff345528edbecd094b5cb5' -> (Import Result ID: 'a0b1d5e42219e728bb164e2a27938354') in 0.003 seconds [static and dynamic dependencies]. Details - ImportResultOutputID=faa5f26f6acc7bff77e34bed694313c0 DependenciesID=3b2f50ae08c211f67916a44ea22c794b StaticDependenciesID=175cfd927820ff64f0901cd4dcf57931 
Number of updated asset objects reloaded before import = 0
Number of asset objects unloaded after import = 0
========================================================================
Received Import Request.
  Time of request: 2026-09-04T15:32:00.6798874Z
  Time since last request: 0.0002196 seconds.
  importAddress: GUID: 0f222cc01be81b842b1333c92fb7355c - Path: Packages/com.unity.collab-proxy/Editor/UI/DrawUserIcon.cs - Importer: ScriptedImporter/UnityEditor.QuickSearchModule:UnityEditor.Search:ASIAI0B
Importing 'GUID: 0f222cc01be81b842b1333c92fb7355c - Path: Packages/com.unity.collab-proxy/Editor/UI/DrawUserIcon.cs - Importer: ScriptedImporter/UnityEditor.QuickSearchModule:UnityEditor.Search:ASIAI0B' with importer (ScriptedImporter : UnityEditor.QuickSearchModule:UnityEditor.Search:ASIAI0B)
Imported 'GUID: 0f222cc01be81b842b1333c92fb7355c' -> (Import Result ID: '99688dcf3ee3fb184a0a253211ec0c67') in 0.003 seconds [static and dynamic dependencies]. Details - ImportResultOutputID=e49e1df5f3af67e2378fd1d08ac00601 DependenciesID=651eb540b0cfe5bd4f0e357e91be1a38 StaticDependenciesID=59e3451d7e9ff3a64e8f45793d5900ab 
Number of updated asset objects reloaded before import = 0
Number of asset objects unloaded after import = 0
========================================================================
Received Import Request.
  Time of request: 2026-09-04T15:32:00.689768Z
  Time since last request: 0.0002108 seconds.
  importAddress: GUID: 9c41da65bf0c4ef2bcf303f406d8e2c8 - Path: Packages/com.unity.collab-proxy/Editor/Topbar/NotificationsArea.cs - Importer: ScriptedImporter/UnityEditor.QuickSearchModule:UnityEditor.Search:ASIAI0B
Importing 'GUID: 9c41da65bf0c4ef2bcf303f406d8e2c8 - Path: Packages/com.unity.collab-proxy/Editor/Topbar/NotificationsArea.cs - Importer: ScriptedImporter/UnityEditor.QuickSearchModule:UnityEditor.Search:ASIAI0B' with importer (ScriptedImporter : UnityEditor.QuickSearchModule:UnityEditor.Search:ASIAI0B)
Imported 'GUID: 9c41da65bf0c4ef2bcf303f406d8e2c8' -> (Import Result ID: 'b73de53fd4f6228f4f3fc0068894bf26') in 0.003 seconds [static and dynamic dependencies]. Details - ImportResultOutputID=d4e3af67fd627538b243b352afc7a293 DependenciesID=603f32888f8232bfc66f921650f85334 StaticDependenciesID=7258c3265ba6143f7fa1e3427c3d0c0c 
Number of updated asset objects reloaded before import = 0
Number of asset objects unloaded after import = 0
========================================================================
Received Import Request.
  Time of request: 2026-09-04T15:32:00.699423Z
  Time since last request: 0.0002555 seconds.
  importAddress: GUID: ccc9f105224248edbf0b807faa2bcba9 - Path: Packages/com.unity.collab-proxy/Editor/UI/AttributeColor.cs - Importer: ScriptedImporter/UnityEditor.QuickSearchModule:UnityEditor.Search:ASIAI0B
Importing 'GUID: ccc9f105224248edbf0b807faa2bcba9 - Path: Packages/com.unity.collab-proxy/Editor/UI/AttributeColor.cs - Importer: ScriptedImporter/UnityEditor.QuickSearchModule:UnityEditor.Search:ASIAI0B' with importer (ScriptedImporter : UnityEditor.QuickSearchModule:UnityEditor.Search:ASIAI0B)
Imported 'GUID: ccc9f105224248edbf0b807faa2bcba9' -> (Import Result ID: '05febdbf13a50c1261d494f19bea503b') in 0.003 seconds [static and dynamic dependencies]. Details - ImportResultOutputID=2f5431ce95279b6155b02fa58b2f592e DependenciesID=6293c8aa582626b90f968adeaa743ffd StaticDependenciesID=10326b141c0f590c9217d233f844b004 
Number of updated asset objects reloaded before import = 0
Number of asset objects unloaded after import = 0
========================================================================
Received Import Request.
  Time of request: 2026-09-04T15:32:00.7097102Z
  Time since last request: 0.0002444 seconds.
  importAddress: GUID: cdd5bec613c44cd3b5fcd57177754bb9 - Path: Packages/com.unity.collab-proxy/Editor/Tool/IsExeVersion.cs - Importer: ScriptedImporter/UnityEditor.QuickSearchModule:UnityEditor.Search:ASIAI0B
Importing 'GUID: cdd5bec613c44cd3b5fcd57177754bb9 - Path: Packages/com.unity.collab-proxy/Editor/Tool/IsExeVersion.cs - Importer: ScriptedImporter/UnityEditor.QuickSearchModule:UnityEditor.Search:ASIAI0B' with importer (ScriptedImporter : UnityEditor.QuickSearchModule:UnityEditor.Search:ASIAI0B)
Imported 'GUID: cdd5bec613c44cd3b5fcd57177754bb9' -> (Import Result ID: 'c67b886b969123dd74a1eadcec6b54ea') in 0.003 seconds [static and dynamic dependencies]. Details - ImportResultOutputID=4040c9e4725374b28eb51273c20bd9bf DependenciesID=6810477c49470abab1d92e3d15c3ce44 StaticDependenciesID=fa9e2471c79653eb1546c422d53a52ae 
Number of updated asset objects reloaded before import = 0
Number of asset objects unloaded after import = 0
========================================================================
Received Import Request.
  Time of request: 2026-09-04T15:32:00.7202287Z
  Time since last request: 0.0002312 seconds.
  importAddress: GUID: de4aea75bc204d14cb432cf1708548f1 - Path: Packages/com.unity.collab-proxy/Editor/UI/EditorDispatcher.cs - Importer: ScriptedImporter/UnityEditor.QuickSearchModule:UnityEditor.Search:ASIAI0B
Importing 'GUID: de4aea75bc204d14cb432cf1708548f1 - Path: Packages/com.unity.collab-proxy/Editor/UI/EditorDispatcher.cs - Importer: ScriptedImporter/UnityEditor.QuickSearchModule:UnityEditor.Search:ASIAI0B' with importer (ScriptedImporter : UnityEditor.QuickSearchModule:UnityEditor.Search:ASIAI0B)
Imported 'GUID: de4aea75bc204d14cb432cf1708548f1' -> (Import Result ID: 'b382f26b63d91a59ffb2761aab9d7fb6') in 0.004 seconds [static and dynamic dependencies]. Details - ImportResultOutputID=076479ab60ebb36c7431dadd64f5b8ef DependenciesID=68546d52622789dabe709887aa882a06 StaticDependenciesID=978ab48391fe67e11d72266b03378134 
Number of updated asset objects reloaded before import = 0
Number of asset objects unloaded after import = 0
========================================================================
Received Import Request.
  Time of request: 2026-09-04T15:32:00.7337715Z
  Time since last request: 0.0002353 seconds.
  importAddress: GUID: 3a6fba741cdd5fb4982a73a4d791754f - Path: Packages/com.unity.collab-proxy/Editor/UI/DockEditorWindow.cs - Importer: ScriptedImporter/UnityEditor.QuickSearchModule:UnityEditor.Search:ASIAI0B
Importing 'GUID: 3a6fba741cdd5fb4982a73a4d791754f - Path: Packages/com.unity.collab-proxy/Editor/UI/DockEditorWindow.cs - Importer: ScriptedImporter/UnityEditor.QuickSearchModule:UnityEditor.Search:ASIAI0B' with importer (ScriptedImporter : UnityEditor.QuickSearchModule:UnityEditor.Search:ASIAI0B)
Imported 'GUID: 3a6fba741cdd5fb4982a73a4d791754f' -> (Import Result ID: 'cd6e29b5d5ca1a26b10e60f60085475f') in 0.004 seconds [static and dynamic dependencies]. Details - ImportResultOutputID=09bfdeaf790d78a858d7ce7ff7e2c20b DependenciesID=13ed22409ec7d7cd8d0114d4037aace4 StaticDependenciesID=128ac06cd6f296e8078f5781783fc40d 
Number of updated asset objects reloaded before import = 0
Number of asset objects unloaded after import = 0
========================================================================
Received Import Request.
  Time of request: 2026-09-04T15:32:00.7442964Z
  Time since last request: 0.0002558 seconds.
  importAddress: GUID: f79c84772bc81844fb9e662249f1e400 - Path: Packages/com.unity.collab-proxy/Editor/UI/CheckUnityException.cs - Importer: ScriptedImporter/UnityEditor.QuickSearchModule:UnityEditor.Search:ASIAI0B
Importing 'GUID: f79c84772bc81844fb9e662249f1e400 - Path: Packages/com.unity.collab-proxy/Editor/UI/CheckUnityException.cs - Importer: ScriptedImporter/UnityEditor.QuickSearchModule:UnityEditor.Search:ASIAI0B' with importer (ScriptedImporter : UnityEditor.QuickSearchModule:UnityEditor.Search:ASIAI0B)
Imported 'GUID: f79c84772bc81844fb9e662249f1e400' -> (Import Result ID: 'f6392d6b0235a8b4d79c1ff1d0880631') in 0.004 seconds [static and dynamic dependencies]. Details - ImportResultOutputID=b0d39e6ce144f733e10711a137112509 DependenciesID=4b24ce33a878a8779de3e049acb51e83 StaticDependenciesID=79f158e10cb269af3a84e30d01a36b14 
Number of updated asset objects reloaded before import = 0
Number of asset objects unloaded after import = 0
========================================================================
Received Import Request.
  Time of request: 2026-09-04T15:32:00.7535474Z
  Time since last request: 0.0002289 seconds.
  importAddress: GUID: e26dd2ea146011948b8e7518465ea71a - Path: Packages/com.unity.collab-proxy/Editor/UI/DialogWithCheckBox_Legacy.cs - Importer: ScriptedImporter/UnityEditor.QuickSearchModule:UnityEditor.Search:ASIAI0B
Importing 'GUID: e26dd2ea146011948b8e7518465ea71a - Path: Packages/com.unity.collab-proxy/Editor/UI/DialogWithCheckBox_Legacy.cs - Importer: ScriptedImporter/UnityEditor.QuickSearchModule:UnityEditor.Search:ASIAI0B' with importer (ScriptedImporter : UnityEditor.QuickSearchModule:UnityEditor.Search:ASIAI0B)
Imported 'GUID: e26dd2ea146011948b8e7518465ea71a' -> (Import Result ID: '8d2cb46c7d93f726cdce3b6d09dba839') in 0.003 seconds [static and dynamic dependencies]. Details - ImportResultOutputID=380194f4df4ec4166b74e9e9da43aec3 DependenciesID=6d0224f0d4da132d7b28efb1068f1558 StaticDependenciesID=34016cafb12561703f5eecd4bbad5ac0 
Number of updated asset objects reloaded before import = 0
Number of asset objects unloaded after import = 0
========================================================================
Received Import Request.
  Time of request: 2026-09-04T15:32:00.7665248Z
  Time since last request: 0.0037797 seconds.
  importAddress: GUID: 2f0909bef14cc58438d6fcea85ba8555 - Path: Packages/com.unity.collab-proxy/Lib/Editor/zlib64Plastic.dll - Importer: ScriptedImporter/UnityEditor.QuickSearchModule:UnityEditor.Search:ASIAI0B
Importing 'GUID: 2f0909bef14cc58438d6fcea85ba8555 - Path: Packages/com.unity.collab-proxy/Lib/Editor/zlib64Plastic.dll - Importer: ScriptedImporter/UnityEditor.QuickSearchModule:UnityEditor.Search:ASIAI0B' with importer (ScriptedImporter : UnityEditor.QuickSearchModule:UnityEditor.Search:ASIAI0B)
Imported 'GUID: 2f0909bef14cc58438d6fcea85ba8555' -> (Import Result ID: '863465b18ede301b322611976334863f') in 0.005 seconds [static and dynamic dependencies]. Details - ImportResultOutputID=797c00af00b318603616ee3da65ecf45 DependenciesID=6b4f92048f67a06fd370860d89c3ec93 StaticDependenciesID=90f3798f355226bc1d99280357f774cd 
Number of updated asset objects reloaded before import = 0
Number of asset objects unloaded after import = 0
========================================================================
Received Import Request.
  Time of request: 2026-09-04T15:32:00.7772939Z
  Time since last request: 0.0001583 seconds.
  importAddress: GUID: 4932f8b3d8c26804bb16dc5cb5b766ce - Path: Packages/com.unity.collab-proxy/Editor/WebApi/TokenExchangeResponse.cs - Importer: ScriptedImporter/UnityEditor.QuickSearchModule:UnityEditor.Search:ASIAI0B
Importing 'GUID: 4932f8b3d8c26804bb16dc5cb5b766ce - Path: Packages/com.unity.collab-proxy/Editor/WebApi/TokenExchangeResponse.cs - Importer: ScriptedImporter/UnityEditor.QuickSearchModule:UnityEditor.Search:ASIAI0B' with importer (ScriptedImporter : UnityEditor.QuickSearchModule:UnityEditor.Search:ASIAI0B)
Imported 'GUID: 4932f8b3d8c26804bb16dc5cb5b766ce' -> (Import Result ID: 'e209d22862671965412f388c833d6553') in 0.004 seconds [static and dynamic dependencies]. Details - ImportResultOutputID=86a6dee4b7c008a48c92bca1fcb783ae DependenciesID=e05302bac7c39fd9460609b7753ff9a1 StaticDependenciesID=8ed11bf7ff27ceadaf908f3579471d07 
Number of updated asset objects reloaded before import = 0
Number of asset objects unloaded after import = 0
========================================================================
Received Import Request.
  Time of request: 2026-09-04T15:32:00.7881104Z
  Time since last request: 0.0002472 seconds.
  importAddress: GUID: db9d246046f68df409cf1f58ea3dcc68 - Path: Packages/com.unity.collab-proxy/Editor/_Deprecated/PlasticPlugin.cs - Importer: ScriptedImporter/UnityEditor.QuickSearchModule:UnityEditor.Search:ASIAI0B
Importing 'GUID: db9d246046f68df409cf1f58ea3dcc68 - Path: Packages/com.unity.collab-proxy/Editor/_Deprecated/PlasticPlugin.cs - Importer: ScriptedImporter/UnityEditor.QuickSearchModule:UnityEditor.Search:ASIAI0B' with importer (ScriptedImporter : UnityEditor.QuickSearchModule:UnityEditor.Search:ASIAI0B)
Imported 'GUID: db9d246046f68df409cf1f58ea3dcc68' -> (Import Result ID: 'd611212b8c0fe7a69bc719e413b210d6') in 0.004 seconds [static and dynamic dependencies]. Details - ImportResultOutputID=f3c88ca61e8d9aba3506084168644352 DependenciesID=a26cb5d3fc08ccf4f54ef2f765ab9aa6 StaticDependenciesID=48edad0714955fda014c3e5a070622ab 
Number of updated asset objects reloaded before import = 0
Number of asset objects unloaded after import = 0
========================================================================
Received Import Request.
  Time of request: 2026-09-04T15:32:00.7992665Z
  Time since last request: 0.0002537 seconds.
  importAddress: GUID: b3b18600c13f447a90bf04fc2a6dc2d5 - Path: Packages/com.unity.collab-proxy/Editor/UI/SplitterSettings.cs - Importer: ScriptedImporter/UnityEditor.QuickSearchModule:UnityEditor.Search:ASIAI0B
Importing 'GUID: b3b18600c13f447a90bf04fc2a6dc2d5 - Path: Packages/com.unity.collab-proxy/Editor/UI/SplitterSettings.cs - Importer: ScriptedImporter/UnityEditor.QuickSearchModule:UnityEditor.Search:ASIAI0B' with importer (ScriptedImporter : UnityEditor.QuickSearchModule:UnityEditor.Search:ASIAI0B)
Imported 'GUID: b3b18600c13f447a90bf04fc2a6dc2d5' -> (Import Result ID: '18dc41af07eb4c421bc3516d964c4aa3') in 0.004 seconds [static and dynamic dependencies]. Details - ImportResultOutputID=c5a420735bfad4af0aa03f52ed589620 DependenciesID=41b5857b1579c989b57f090f7388d5e6 StaticDependenciesID=aed421b958e392fca307955f3d9e1b4c 
Number of updated asset objects reloaded before import = 0
Number of asset objects unloaded after import = 0
========================================================================
Received Import Request.
  Time of request: 2026-09-04T15:32:00.8102803Z
  Time since last request: 0.000238 seconds.
  importAddress: GUID: 3389e142c33d23546a31fc469443a2c3 - Path: Packages/com.unity.collab-proxy/Editor/Views/ConfirmContinueWithPendingChangesDialog.cs - Importer: ScriptedImporter/UnityEditor.QuickSearchModule:UnityEditor.Search:ASIAI0B
Importing 'GUID: 3389e142c33d23546a31fc469443a2c3 - Path: Packages/com.unity.collab-proxy/Editor/Views/ConfirmContinueWithPendingChangesDialog.cs - Importer: ScriptedImporter/UnityEditor.QuickSearchModule:UnityEditor.Search:ASIAI0B' with importer (ScriptedImporter : UnityEditor.QuickSearchModule:UnityEditor.Search:ASIAI0B)
Imported 'GUID: 3389e142c33d23546a31fc469443a2c3' -> (Import Result ID: '934bfcbced3015ce7a5330c804533315') in 0.004 seconds [static and dynamic dependencies]. Details - ImportResultOutputID=5ebadfcf7254c3336c9bac555aa8ffb6 DependenciesID=2272ff6f1800ebd831c139b3166374c1 StaticDependenciesID=3c128e875cc216b8ff9019d59b1a4f2a 
Number of updated asset objects reloaded before import = 0
Number of asset objects unloaded after import = 0
========================================================================
Received Import Request.
  Time of request: 2026-09-04T15:32:00.8206047Z
  Time since last request: 0.000344 seconds.
  importAddress: GUID: 2bd4f044bfa05a14ebd7f4e6dcd0fb74 - Path: Packages/com.unity.collab-proxy/Editor/UI/INotificationContent.cs - Importer: ScriptedImporter/UnityEditor.QuickSearchModule:UnityEditor.Search:ASIAI0B
Importing 'GUID: 2bd4f044bfa05a14ebd7f4e6dcd0fb74 - Path: Packages/com.unity.collab-proxy/Editor/UI/INotificationContent.cs - Importer: ScriptedImporter/UnityEditor.QuickSearchModule:UnityEditor.Search:ASIAI0B' with importer (ScriptedImporter : UnityEditor.QuickSearchModule:UnityEditor.Search:ASIAI0B)
Imported 'GUID: 2bd4f044bfa05a14ebd7f4e6dcd0fb74' -> (Import Result ID: '8d663b1113808e25440ddd9206b7c194') in 0.003 seconds [static and dynamic dependencies]. Details - ImportResultOutputID=98630a4a41183df35c569f5f42f2d5c2 DependenciesID=602f5ca6c9d0357fd2ac4b4e7862e3a3 StaticDependenciesID=1c9ca30797cbf19d7139bf76f4a11d98 
Number of updated asset objects reloaded before import = 0
Number of asset objects unloaded after import = 0
========================================================================
Received Import Request.
  Time of request: 2026-09-04T15:32:00.8306531Z
  Time since last request: 0.0002235 seconds.
  importAddress: GUID: d1c46ccb760d06146a24b7e265e19566 - Path: Packages/com.unity.collab-proxy/Editor/WebApi/CredentialsResponse.cs - Importer: ScriptedImporter/UnityEditor.QuickSearchModule:UnityEditor.Search:ASIAI0B
Importing 'GUID: d1c46ccb760d06146a24b7e265e19566 - Path: Packages/com.unity.collab-proxy/Editor/WebApi/CredentialsResponse.cs - Importer: ScriptedImporter/UnityEditor.QuickSearchModule:UnityEditor.Search:ASIAI0B' with importer (ScriptedImporter : UnityEditor.QuickSearchModule:UnityEditor.Search:ASIAI0B)
Imported 'GUID: d1c46ccb760d06146a24b7e265e19566' -> (Import Result ID: 'd68ca42317447a9ca60af96384ffae2d') in 0.003 seconds [static and dynamic dependencies]. Details - ImportResultOutputID=d20fc83197de88a4b5816cd7300b7833 DependenciesID=873061ee6ee3a93d74b21c1b1659bc60 StaticDependenciesID=ada0c569ce59deca3ecfb51936423e2a 
Number of updated asset objects reloaded before import = 0
Number of asset objects unloaded after import = 0
========================================================================
Received Import Request.
  Time of request: 2026-09-04T15:32:00.8404196Z
  Time since last request: 0.0002397 seconds.
  importAddress: GUID: ccc33cdb0ce54f878e30b674fe635381 - Path: Packages/com.unity.collab-proxy/Editor/UI/RectExtensions.cs - Importer: ScriptedImporter/UnityEditor.QuickSearchModule:UnityEditor.Search:ASIAI0B
Importing 'GUID: ccc33cdb0ce54f878e30b674fe635381 - Path: Packages/com.unity.collab-proxy/Editor/UI/RectExtensions.cs - Importer: ScriptedImporter/UnityEditor.QuickSearchModule:UnityEditor.Search:ASIAI0B' with importer (ScriptedImporter : UnityEditor.QuickSearchModule:UnityEditor.Search:ASIAI0B)
Imported 'GUID: ccc33cdb0ce54f878e30b674fe635381' -> (Import Result ID: '4c0c7357053a48255acb371aa8440764') in 0.003 seconds [static and dynamic dependencies]. Details - ImportResultOutputID=32e92a2e86d21d02b9ea71f22408125c DependenciesID=e94835675b20003ec584c8f3b11ea683 StaticDependenciesID=1a6faed59127a58ffab1d47dfcae4aa4 
Number of updated asset objects reloaded before import = 0
Number of asset objects unloaded after import = 0
========================================================================
Received Import Request.
  Time of request: 2026-09-04T15:32:00.8509027Z
  Time since last request: 0.000334 seconds.
  importAddress: GUID: 701a688f3cb0245579bf46b63d0b7134 - Path: Packages/com.unity.collab-proxy/Editor/UI/RunModal.cs - Importer: ScriptedImporter/UnityEditor.QuickSearchModule:UnityEditor.Search:ASIAI0B
Importing 'GUID: 701a688f3cb0245579bf46b63d0b7134 - Path: Packages/com.unity.collab-proxy/Editor/UI/RunModal.cs - Importer: ScriptedImporter/UnityEditor.QuickSearchModule:UnityEditor.Search:ASIAI0B' with importer (ScriptedImporter : UnityEditor.QuickSearchModule:UnityEditor.Search:ASIAI0B)
Imported 'GUID: 701a688f3cb0245579bf46b63d0b7134' -> (Import Result ID: '85a12e44bea26529c95d1d0fb1af63d9') in 0.003 seconds [static and dynamic dependencies]. Details - ImportResultOutputID=cf21d41adec8025b0f8dde8c8da5563b DependenciesID=71e493d9caa35b8bd2702ee4cb784ace StaticDependenciesID=0a67e1da83581b56af8ac026091576d8 
Number of updated asset objects reloaded before import = 0
Number of asset objects unloaded after import = 0
========================================================================
Received Import Request.
  Time of request: 2026-09-04T15:32:00.8635989Z
  Time since last request: 0.0003234 seconds.
  importAddress: GUID: 278463514ca704271b228ad4ddc32e6b - Path: Packages/com.unity.collab-proxy/Editor/UI/ThreadWaiterRegistry.cs - Importer: ScriptedImporter/UnityEditor.QuickSearchModule:UnityEditor.Search:ASIAI0B
Importing 'GUID: 278463514ca704271b228ad4ddc32e6b - Path: Packages/com.unity.collab-proxy/Editor/UI/ThreadWaiterRegistry.cs - Importer: ScriptedImporter/UnityEditor.QuickSearchModule:UnityEditor.Search:ASIAI0B' with importer (ScriptedImporter : UnityEditor.QuickSearchModule:UnityEditor.Search:ASIAI0B)
Imported 'GUID: 278463514ca704271b228ad4ddc32e6b' -> (Import Result ID: 'b69a7364f31238709a5b4a3a18238461') in 0.003 seconds [static and dynamic dependencies]. Details - ImportResultOutputID=46d0fbb8294cf8d8e21d405c494de9fb DependenciesID=e64256b29b97648d3032da00ef9ee509 StaticDependenciesID=e03387401332a6f85152c31715cc88c9 
Number of updated asset objects reloaded before import = 0
Number of asset objects unloaded after import = 0
========================================================================
Received Import Request.
  Time of request: 2026-09-04T15:32:00.8736493Z
  Time since last request: 0.0002321 seconds.
  importAddress: GUID: 9e56b150f059e654b911faff982eacf8 - Path: Packages/com.unity.collab-proxy/Editor/_Deprecated/README.md - Importer: ScriptedImporter/UnityEditor.QuickSearchModule:UnityEditor.Search:ASIAI0B
Importing 'GUID: 9e56b150f059e654b911faff982eacf8 - Path: Packages/com.unity.collab-proxy/Editor/_Deprecated/README.md - Importer: ScriptedImporter/UnityEditor.QuickSearchModule:UnityEditor.Search:ASIAI0B' with importer (ScriptedImporter : UnityEditor.QuickSearchModule:UnityEditor.Search:ASIAI0B)
Imported 'GUID: 9e56b150f059e654b911faff982eacf8' -> (Import Result ID: 'f51e185c494df984d6df28d155b38a47') in 0.004 seconds [static and dynamic dependencies]. Details - ImportResultOutputID=fcd8a7118c1ec722b5e50c4440932acd DependenciesID=fb9e77bcb14df0b733b0f4db1974fe82 StaticDependenciesID=9dfad05240a0ca88c8b19d04dd60a4c9 
Number of updated asset objects reloaded before import = 0
Number of asset objects unloaded after import = 1
========================================================================
Received Import Request.
  Time of request: 2026-09-04T15:32:00.8834425Z
  Time since last request: 0.0002018 seconds.
  importAddress: GUID: 2815db9162500574ba59b498f10c3eff - Path: Packages/com.unity.collab-proxy/Lib/Editor/unityplastic.dll - Importer: ScriptedImporter/UnityEditor.QuickSearchModule:UnityEditor.Search:ASIAI0B
Importing 'GUID: 2815db9162500574ba59b498f10c3eff - Path: Packages/com.unity.collab-proxy/Lib/Editor/unityplastic.dll - Importer: ScriptedImporter/UnityEditor.QuickSearchModule:UnityEditor.Search:ASIAI0B' with importer (ScriptedImporter : UnityEditor.QuickSearchModule:UnityEditor.Search:ASIAI0B)
Imported 'GUID: 2815db9162500574ba59b498f10c3eff' -> (Import Result ID: '11d90a59a358f5f069bf236f9e50d391') in 0.004 seconds [static and dynamic dependencies]. Details - ImportResultOutputID=a586ca6fdddb4144e8190b51b5dcd884 DependenciesID=71ee78e11fc1f86786ac2d1e1cfc217a StaticDependenciesID=a965d918a6c18e6a33acb4963fa0c720 
Number of updated asset objects reloaded before import = 0
Number of asset objects unloaded after import = 0
========================================================================
Received Import Request.
  Time of request: 2026-09-04T15:32:00.8949468Z
  Time since last request: 0.0002493 seconds.
  importAddress: GUID: 08dbb8d51633f2f4bab9912fbce3e247 - Path: Packages/com.unity.collab-proxy/Editor/Views/DownloadPlasticExeDialog.cs - Importer: ScriptedImporter/UnityEditor.QuickSearchModule:UnityEditor.Search:ASIAI0B
Importing 'GUID: 08dbb8d51633f2f4bab9912fbce3e247 - Path: Packages/com.unity.collab-proxy/Editor/Views/DownloadPlasticExeDialog.cs - Importer: ScriptedImporter/UnityEditor.QuickSearchModule:UnityEditor.Search:ASIAI0B' with importer (ScriptedImporter : UnityEditor.QuickSearchModule:UnityEditor.Search:ASIAI0B)
Imported 'GUID: 08dbb8d51633f2f4bab9912fbce3e247' -> (Import Result ID: '187c5d3b945874fe133b7e1de06b46c3') in 0.003 seconds [static and dynamic dependencies]. Details - ImportResultOutputID=16fe12f10d1beaa839387d707df5a7e1 DependenciesID=e31b0ce01b17549d403f2b1ef96bb777 StaticDependenciesID=5b4a018cb6b753933747e06c501076d1 
Number of updated asset objects reloaded before import = 0
Number of asset objects unloaded after import = 0
========================================================================
Received Import Request.
  Time of request: 2026-09-04T15:32:00.9162514Z
  Time since last request: 0.0121205 seconds.
  importAddress: GUID: 3f65802f2a170a145bd30ab3801b8d80 - Path: Packages/com.unity.collab-proxy/Editor/Assets/Images/d_iconclipboard.png - Importer: ScriptedImporter/UnityEditor.QuickSearchModule:UnityEditor.Search:ASIAI0B
Importing 'GUID: 3f65802f2a170a145bd30ab3801b8d80 - Path: Packages/com.unity.collab-proxy/Editor/Assets/Images/d_iconclipboard.png - Importer: ScriptedImporter/UnityEditor.QuickSearchModule:UnityEditor.Search:ASIAI0B' with importer (ScriptedImporter : UnityEditor.QuickSearchModule:UnityEditor.Search:ASIAI0B)
Imported 'GUID: 3f65802f2a170a145bd30ab3801b8d80' -> (Import Result ID: 'c3bf60decda37d2dc0a69863426e4197') in 0.007 seconds [static and dynamic dependencies]. Details - ImportResultOutputID=0519d00bef94feb3c7ea1ba075a00dd0 DependenciesID=4c2f709b0947ca7007f97809a1cba6ea StaticDependenciesID=64b5a8e71d571f54477af9da64dba608 
Number of updated asset objects reloaded before import = 0
Number of asset objects unloaded after import = 3
========================================================================
Received Import Request.
  Time of request: 2026-09-04T15:32:00.9302959Z
  Time since last request: 0.0002299 seconds.
  importAddress: GUID: b3e01e80c420d4ac9a425a6abf8c99ec - Path: Packages/com.unity.collab-proxy/Editor/Assets/Images/d_ArrowCaretLeft@2x.png - Importer: ScriptedImporter/UnityEditor.QuickSearchModule:UnityEditor.Search:ASIAI0B
Importing 'GUID: b3e01e80c420d4ac9a425a6abf8c99ec - Path: Packages/com.unity.collab-proxy/Editor/Assets/Images/d_ArrowCaretLeft@2x.png - Importer: ScriptedImporter/UnityEditor.QuickSearchModule:UnityEditor.Search:ASIAI0B' with importer (ScriptedImporter : UnityEditor.QuickSearchModule:UnityEditor.Search:ASIAI0B)
Imported 'GUID: b3e01e80c420d4ac9a425a6abf8c99ec' -> (Import Result ID: '3b3ea425bcf884e31134e93fd7e23108') in 0.006 seconds [static and dynamic dependencies]. Details - ImportResultOutputID=29597b93941565e9cd1d790fe3a2413a DependenciesID=8cf456ecfaebfbadbc73275f22649924 StaticDependenciesID=0f5aee6537d70180f65ad9642d04416b 
Number of updated asset objects reloaded before import = 0
Number of asset objects unloaded after import = 3
========================================================================
Received Import Request.
  Time of request: 2026-09-04T15:32:00.9426412Z
  Time since last request: 0.0002053 seconds.
  importAddress: GUID: 953c29d2e0dece647a64940343c91547 - Path: Packages/com.unity.collab-proxy/Editor/AssetOverlays/Cache/LockStatusCache.cs - Importer: ScriptedImporter/UnityEditor.QuickSearchModule:UnityEditor.Search:ASIAI0B
Importing 'GUID: 953c29d2e0dece647a64940343c91547 - Path: Packages/com.unity.collab-proxy/Editor/AssetOverlays/Cache/LockStatusCache.cs - Importer: ScriptedImporter/UnityEditor.QuickSearchModule:UnityEditor.Search:ASIAI0B' with importer (ScriptedImporter : UnityEditor.QuickSearchModule:UnityEditor.Search:ASIAI0B)
Imported 'GUID: 953c29d2e0dece647a64940343c91547' -> (Import Result ID: 'e052eebee5434f3ed4a1685e3e85adb3') in 0.003 seconds [static and dynamic dependencies]. Details - ImportResultOutputID=88ed76a5c4ff67d87ff5c6cadc071383 DependenciesID=05816aed64bb70d0ebfb09efacc6c1f6 StaticDependenciesID=a062a0572168b9589e0bc2a7dfab5569 
Number of updated asset objects reloaded before import = 0
Number of asset objects unloaded after import = 0
========================================================================
Received Import Request.
  Time of request: 2026-09-04T15:32:00.9515096Z
  Time since last request: 0.0002901 seconds.
  importAddress: GUID: 3943479b9e27741a78451950ae5841f6 - Path: Packages/com.unity.collab-proxy/Editor/Assets/Images/d_ArrowCaretRight@2x.png - Importer: ScriptedImporter/UnityEditor.QuickSearchModule:UnityEditor.Search:ASIAI0B
Importing 'GUID: 3943479b9e27741a78451950ae5841f6 - Path: Packages/com.unity.collab-proxy/Editor/Assets/Images/d_ArrowCaretRight@2x.png - Importer: ScriptedImporter/UnityEditor.QuickSearchModule:UnityEditor.Search:ASIAI0B' with importer (ScriptedImporter : UnityEditor.QuickSearchModule:UnityEditor.Search:ASIAI0B)
Imported 'GUID: 3943479b9e27741a78451950ae5841f6' -> (Import Result ID: '4dfa32ff1f8f0c886897d8a186737230') in 0.007 seconds [static and dynamic dependencies]. Details - ImportResultOutputID=28a4410cb25b782d69d6b0f67d00ca24 DependenciesID=a7b052d2af0274bc1b5640241572b955 StaticDependenciesID=8b888079af9ca77889c716574cd98959 
Number of updated asset objects reloaded before import = 0
Number of asset objects unloaded after import = 3
========================================================================
Received Import Request.
  Time of request: 2026-09-04T15:32:00.9642399Z
  Time since last request: 0.0003476 seconds.
  importAddress: GUID: 2cfbf6619eb047545a425e8a31732c83 - Path: Packages/com.unity.collab-proxy/Editor/Assets/Images/d_icondeletedremoteoverlay@2x.png - Importer: ScriptedImporter/UnityEditor.QuickSearchModule:UnityEditor.Search:ASIAI0B
Importing 'GUID: 2cfbf6619eb047545a425e8a31732c83 - Path: Packages/com.unity.collab-proxy/Editor/Assets/Images/d_icondeletedremoteoverlay@2x.png - Importer: ScriptedImporter/UnityEditor.QuickSearchModule:UnityEditor.Search:ASIAI0B' with importer (ScriptedImporter : UnityEditor.QuickSearchModule:UnityEditor.Search:ASIAI0B)
Imported 'GUID: 2cfbf6619eb047545a425e8a31732c83' -> (Import Result ID: '08bb466e82c8aa648a4c5a226960eba2') in 0.006 seconds [static and dynamic dependencies]. Details - ImportResultOutputID=a1d83cfeac1ae75ef8432645d3eefe67 DependenciesID=66b7191d6cbadbba3c4273db3588eba7 StaticDependenciesID=cbe7962520cbccb3b66777c82286c868 
Number of updated asset objects reloaded before import = 0
Number of asset objects unloaded after import = 1
========================================================================
Received Import Request.
  Time of request: 2026-09-04T15:32:00.9774864Z
  Time since last request: 0.0002013 seconds.
  importAddress: GUID: bb1928aff4fd4cf44af1f629dc14ef9b - Path: Packages/com.unity.collab-proxy/Editor/Assets/Images/d_iconcheckedoutlocaloverlay.png - Importer: ScriptedImporter/UnityEditor.QuickSearchModule:UnityEditor.Search:ASIAI0B
Importing 'GUID: bb1928aff4fd4cf44af1f629dc14ef9b - Path: Packages/com.unity.collab-proxy/Editor/Assets/Images/d_iconcheckedoutlocaloverlay.png - Importer: ScriptedImporter/UnityEditor.QuickSearchModule:UnityEditor.Search:ASIAI0B' with importer (ScriptedImporter : UnityEditor.QuickSearchModule:UnityEditor.Search:ASIAI0B)
Imported 'GUID: bb1928aff4fd4cf44af1f629dc14ef9b' -> (Import Result ID: 'd44bc86066622ee06e59d6bc14c3bad6') in 0.005 seconds [static and dynamic dependencies]. Details - ImportResultOutputID=0e11d8e19b79fb4ae7073640a7f923a4 DependenciesID=e7dc3f933bfafbc6b46e7a7fa1f5ccc6 StaticDependenciesID=0914eabb71fd20340d08d2621037d099 
Number of updated asset objects reloaded before import = 0
Number of asset objects unloaded after import = 1
========================================================================
Received Import Request.
  Time of request: 2026-09-04T15:32:00.989881Z
  Time since last request: 0.0002551 seconds.
  importAddress: GUID: b0e7ed213bccf484e89c4261a7e16f66 - Path: Packages/com.unity.collab-proxy/Editor/Assets/Images/d_iconedit.png - Importer: ScriptedImporter/UnityEditor.QuickSearchModule:UnityEditor.Search:ASIAI0B
Importing 'GUID: b0e7ed213bccf484e89c4261a7e16f66 - Path: Packages/com.unity.collab-proxy/Editor/Assets/Images/d_iconedit.png - Importer: ScriptedImporter/UnityEditor.QuickSearchModule:UnityEditor.Search:ASIAI0B' with importer (ScriptedImporter : UnityEditor.QuickSearchModule:UnityEditor.Search:ASIAI0B)
Imported 'GUID: b0e7ed213bccf484e89c4261a7e16f66' -> (Import Result ID: '6529a2340df99de2ccbb3f4a908f3d9a') in 0.009 seconds [static and dynamic dependencies]. Details - ImportResultOutputID=6512fabb54346ecf35c949f2ed37f543 DependenciesID=68592b4649c93a5e38876b5078af789d StaticDependenciesID=5676c4bcae0fa7cb6eb6c707cce376a9 
Number of updated asset objects reloaded before import = 0
Number of asset objects unloaded after import = 3
========================================================================
Received Import Request.
  Time of request: 2026-09-04T15:32:01.0062759Z
  Time since last request: 0.0002148 seconds.
  importAddress: GUID: d616c78aaf225437199c9ac8c4f2197b - Path: Packages/com.unity.collab-proxy/Editor/Assets/Images/d_exclusionrule.png - Importer: ScriptedImporter/UnityEditor.QuickSearchModule:UnityEditor.Search:ASIAI0B
Importing 'GUID: d616c78aaf225437199c9ac8c4f2197b - Path: Packages/com.unity.collab-proxy/Editor/Assets/Images/d_exclusionrule.png - Importer: ScriptedImporter/UnityEditor.QuickSearchModule:UnityEditor.Search:ASIAI0B' with importer (ScriptedImporter : UnityEditor.QuickSearchModule:UnityEditor.Search:ASIAI0B)
Imported 'GUID: d616c78aaf225437199c9ac8c4f2197b' -> (Import Result ID: 'bc049882b833028366a7ddfd41881956') in 0.006 seconds [static and dynamic dependencies]. Details - ImportResultOutputID=a26a1da09ea4e13e559aab32b7ef48cb DependenciesID=fb73c3b29cef6f942f5f0121b7c05a48 StaticDependenciesID=afe8dbc030f2251246b118f203505f45 
Number of updated asset objects reloaded before import = 0
Number of asset objects unloaded after import = 3
========================================================================
Received Import Request.
  Time of request: 2026-09-04T15:32:01.0194894Z
  Time since last request: 0.0002498 seconds.
  importAddress: GUID: 92b204cca46037444ab18ba6701f86f7 - Path: Packages/com.unity.collab-proxy/Editor/Assets/Images/d_icondeletedlocaloverlay@2x.png - Importer: ScriptedImporter/UnityEditor.QuickSearchModule:UnityEditor.Search:ASIAI0B
Importing 'GUID: 92b204cca46037444ab18ba6701f86f7 - Path: Packages/com.unity.collab-proxy/Editor/Assets/Images/d_icondeletedlocaloverlay@2x.png - Importer: ScriptedImporter/UnityEditor.QuickSearchModule:UnityEditor.Search:ASIAI0B' with importer (ScriptedImporter : UnityEditor.QuickSearchModule:UnityEditor.Search:ASIAI0B)
Imported 'GUID: 92b204cca46037444ab18ba6701f86f7' -> (Import Result ID: '9572830db6537edb004de73da29ea185') in 0.006 seconds [static and dynamic dependencies]. Details - ImportResultOutputID=83995bb717d173c866605619bb1ba472 DependenciesID=f6ee657c8ae21c06e83aded0d7d727ed StaticDependenciesID=7f2bd8506b56adc1619028ed67624b17 
Number of updated asset objects reloaded before import = 0
Number of asset objects unloaded after import = 1
========================================================================
Received Import Request.
  Time of request: 2026-09-04T15:32:01.0316547Z
  Time since last request: 0.0003401 seconds.
  importAddress: GUID: ec597fbbebec64e4f8725c31ce52fdb7 - Path: Packages/com.unity.collab-proxy/Editor/Assets/Images/d_hideversioncontrol.png - Importer: ScriptedImporter/UnityEditor.QuickSearchModule:UnityEditor.Search:ASIAI0B
Importing 'GUID: ec597fbbebec64e4f8725c31ce52fdb7 - Path: Packages/com.unity.collab-proxy/Editor/Assets/Images/d_hideversioncontrol.png - Importer: ScriptedImporter/UnityEditor.QuickSearchModule:UnityEditor.Search:ASIAI0B' with importer (ScriptedImporter : UnityEditor.QuickSearchModule:UnityEditor.Search:ASIAI0B)
Imported 'GUID: ec597fbbebec64e4f8725c31ce52fdb7' -> (Import Result ID: 'e08b7d573b5cc67c6dcdd07e7805f919') in 0.007 seconds [static and dynamic dependencies]. Details - ImportResultOutputID=5ed02b44737facfa4b4a0c83bc85438e DependenciesID=b5559612aa002b32edacae41f7a0d940 StaticDependenciesID=88c54b576e01427f9eab4a0fc1e74de4 
Number of updated asset objects reloaded before import = 0
Number of asset objects unloaded after import = 3
========================================================================
Received Import Request.
  Time of request: 2026-09-04T15:32:01.0453676Z
  Time since last request: 0.0002033 seconds.
  importAddress: GUID: 956deaef7c041ed4abe7a5a3690c28bc - Path: Packages/com.unity.collab-proxy/Editor/Assets/Images/buttonhome@2x.png - Importer: ScriptedImporter/UnityEditor.QuickSearchModule:UnityEditor.Search:ASIAI0B
Importing 'GUID: 956deaef7c041ed4abe7a5a3690c28bc - Path: Packages/com.unity.collab-proxy/Editor/Assets/Images/buttonhome@2x.png - Importer: ScriptedImporter/UnityEditor.QuickSearchModule:UnityEditor.Search:ASIAI0B' with importer (ScriptedImporter : UnityEditor.QuickSearchModule:UnityEditor.Search:ASIAI0B)
Imported 'GUID: 956deaef7c041ed4abe7a5a3690c28bc' -> (Import Result ID: '9a2e59f746eed7228a722dc2853991cd') in 0.006 seconds [static and dynamic dependencies]. Details - ImportResultOutputID=e44cb04c939427683bb7d276c8973d47 DependenciesID=1b00dd5c8560b52575e42549812f6f98 StaticDependenciesID=3bc9795769da94ab58bd742dd78bb926 
Number of updated asset objects reloaded before import = 0
Number of asset objects unloaded after import = 3
========================================================================
Received Import Request.
  Time of request: 2026-09-04T15:32:01.0577268Z
  Time since last request: 0.00023 seconds.
  importAddress: GUID: 0c6a2a64ca9f9c946a7dbbd1674cf5bd - Path: Packages/com.unity.collab-proxy/Editor/Assets/Images/d_iconaddedlocal.png - Importer: ScriptedImporter/UnityEditor.QuickSearchModule:UnityEditor.Search:ASIAI0B
Importing 'GUID: 0c6a2a64ca9f9c946a7dbbd1674cf5bd - Path: Packages/com.unity.collab-proxy/Editor/Assets/Images/d_iconaddedlocal.png - Importer: ScriptedImporter/UnityEditor.QuickSearchModule:UnityEditor.Search:ASIAI0B' with importer (ScriptedImporter : UnityEditor.QuickSearchModule:UnityEditor.Search:ASIAI0B)
Imported 'GUID: 0c6a2a64ca9f9c946a7dbbd1674cf5bd' -> (Import Result ID: '7a02b8cf3b5dc2be4bb5f97233854742') in 0.005 seconds [static and dynamic dependencies]. Details - ImportResultOutputID=02004bb7462accf42d982c7b9d13199b DependenciesID=e709a772084668aed5819ecca151e65c StaticDependenciesID=98bdc544ec9ec5acc849c5116f622bf8 
Number of updated asset objects reloaded before import = 0
Number of asset objects unloaded after import = 1
========================================================================
Received Import Request.
  Time of request: 2026-09-04T15:32:01.0682365Z
  Time since last request: 0.0002275 seconds.
  importAddress: GUID: f09eae8c0ea04254b90c5386a034a225 - Path: Packages/com.unity.collab-proxy/Editor/Assets/Images/buttonssosigningoogle.png - Importer: ScriptedImporter/UnityEditor.QuickSearchModule:UnityEditor.Search:ASIAI0B
Importing 'GUID: f09eae8c0ea04254b90c5386a034a225 - Path: Packages/com.unity.collab-proxy/Editor/Assets/Images/buttonssosigningoogle.png - Importer: ScriptedImporter/UnityEditor.QuickSearchModule:UnityEditor.Search:ASIAI0B' with importer (ScriptedImporter : UnityEditor.QuickSearchModule:UnityEditor.Search:ASIAI0B)
Imported 'GUID: f09eae8c0ea04254b90c5386a034a225' -> (Import Result ID: 'd108e8e534874104ca72f89adff4e260') in 0.005 seconds [static and dynamic dependencies]. Details - ImportResultOutputID=01f75416e8fb40a870d347e41d865b30 DependenciesID=269e8efa70a34b6e36316bb43f16ad6d StaticDependenciesID=52a845afffab5f63a7bcd012fb9cb99a 
Number of updated asset objects reloaded before import = 0
Number of asset objects unloaded after import = 1
========================================================================
Received Import Request.
  Time of request: 2026-09-04T15:32:01.079279Z
  Time since last request: 0.0002367 seconds.
  importAddress: GUID: 1c16a099b53fd4712b2d4cdb8fecd9f8 - Path: Packages/com.unity.collab-proxy/Editor/Assets/Images/ArrowCaretLeft.png - Importer: ScriptedImporter/UnityEditor.QuickSearchModule:UnityEditor.Search:ASIAI0B
Importing 'GUID: 1c16a099b53fd4712b2d4cdb8fecd9f8 - Path: Packages/com.unity.collab-proxy/Editor/Assets/Images/ArrowCaretLeft.png - Importer: ScriptedImporter/UnityEditor.QuickSearchModule:UnityEditor.Search:ASIAI0B' with importer (ScriptedImporter : UnityEditor.QuickSearchModule:UnityEditor.Search:ASIAI0B)
Imported 'GUID: 1c16a099b53fd4712b2d4cdb8fecd9f8' -> (Import Result ID: '9fa2769fd6f380c27637128a09d7d1c9') in 0.007 seconds [static and dynamic dependencies]. Details - ImportResultOutputID=2e5a75b781ce0bf17a423b50a42f36e4 DependenciesID=c821d1e907fbde02db8cd0f08243d5ec StaticDependenciesID=a746ab3510eccc1ed97e59234a4db29a 
Number of updated asset objects reloaded before import = 0
Number of asset objects unloaded after import = 3
========================================================================
Received Import Request.
  Time of request: 2026-09-04T15:32:01.0935305Z
  Time since last request: 0.0002365 seconds.
  importAddress: GUID: c48b8bcda45b63442a7a7c7244c84635 - Path: Packages/com.unity.collab-proxy/Editor/Assets/Images/d_iconcurrentbranch@2x.png - Importer: ScriptedImporter/UnityEditor.QuickSearchModule:UnityEditor.Search:ASIAI0B
Importing 'GUID: c48b8bcda45b63442a7a7c7244c84635 - Path: Packages/com.unity.collab-proxy/Editor/Assets/Images/d_iconcurrentbranch@2x.png - Importer: ScriptedImporter/UnityEditor.QuickSearchModule:UnityEditor.Search:ASIAI0B' with importer (ScriptedImporter : UnityEditor.QuickSearchModule:UnityEditor.Search:ASIAI0B)
Imported 'GUID: c48b8bcda45b63442a7a7c7244c84635' -> (Import Result ID: 'f089551b7183e7c52a977e6568408bc9') in 0.005 seconds [static and dynamic dependencies]. Details - ImportResultOutputID=616b50a96b75bf9ed5ded77d4ac210b0 DependenciesID=3f8c2aab9ab7b6a27b20643d2a2db54f StaticDependenciesID=c797110ce4db728cced1baf15ca591b3 
Number of updated asset objects reloaded before import = 0
Number of asset objects unloaded after import = 3
========================================================================
Received Import Request.
  Time of request: 2026-09-04T15:32:01.1052281Z
  Time since last request: 0.0002289 seconds.
  importAddress: GUID: 226459a134855504d841db6b61519d2b - Path: Packages/com.unity.collab-proxy/Editor/AssetOverlays/Cache/LocalStatusCache.cs - Importer: ScriptedImporter/UnityEditor.QuickSearchModule:UnityEditor.Search:ASIAI0B
Importing 'GUID: 226459a134855504d841db6b61519d2b - Path: Packages/com.unity.collab-proxy/Editor/AssetOverlays/Cache/LocalStatusCache.cs - Importer: ScriptedImporter/UnityEditor.QuickSearchModule:UnityEditor.Search:ASIAI0B' with importer (ScriptedImporter : UnityEditor.QuickSearchModule:UnityEditor.Search:ASIAI0B)
Imported 'GUID: 226459a134855504d841db6b61519d2b' -> (Import Result ID: '48c316b87a4e42653712021d61d0e8ef') in 0.003 seconds [static and dynamic dependencies]. Details - ImportResultOutputID=ff9a261d3bb79f49d3938b563479e78c DependenciesID=8093ba41cf307302f7799b1929ea17b0 StaticDependenciesID=feb42fffd58ef304c18399e254c033a7 
Number of updated asset objects reloaded before import = 0
Number of asset objects unloaded after import = 0
========================================================================
Received Import Request.
  Time of request: 2026-09-04T15:32:01.1311386Z
  Time since last request: 0.0175906 seconds.
  importAddress: GUID: e64bde76852ee8247b40b50ef8880632 - Path: Packages/com.unity.collab-proxy/Editor/Assets/Images/d_iconplasticnotifypendingchanges.png - Importer: ScriptedImporter/UnityEditor.QuickSearchModule:UnityEditor.Search:ASIAI0B
Importing 'GUID: e64bde76852ee8247b40b50ef8880632 - Path: Packages/com.unity.collab-proxy/Editor/Assets/Images/d_iconplasticnotifypendingchanges.png - Importer: ScriptedImporter/UnityEditor.QuickSearchModule:UnityEditor.Search:ASIAI0B' with importer (ScriptedImporter : UnityEditor.QuickSearchModule:UnityEditor.Search:ASIAI0B)
Imported 'GUID: e64bde76852ee8247b40b50ef8880632' -> (Import Result ID: 'a1c36d4b524e3e9e2b51d9f36b5f5f97') in 0.006 seconds [static and dynamic dependencies]. Details - ImportResultOutputID=8fce92392c6630232f835e1e75ca514b DependenciesID=ee1d0f77e08135ad12691943177b0ba7 StaticDependenciesID=2baa127e0079237882da3d9d1e38f6f5 
Number of updated asset objects reloaded before import = 0
Number of asset objects unloaded after import = 3
========================================================================
Received Import Request.
  Time of request: 2026-09-04T15:32:01.1423541Z
  Time since last request: 0.0002389 seconds.
  importAddress: GUID: 3cf8ae89579fd29479f4269d09600e16 - Path: Packages/com.unity.collab-proxy/Editor/Assets/Images/d_iconinfobellnotification@2x.png - Importer: ScriptedImporter/UnityEditor.QuickSearchModule:UnityEditor.Search:ASIAI0B
Importing 'GUID: 3cf8ae89579fd29479f4269d09600e16 - Path: Packages/com.unity.collab-proxy/Editor/Assets/Images/d_iconinfobellnotification@2x.png - Importer: ScriptedImporter/UnityEditor.QuickSearchModule:UnityEditor.Search:ASIAI0B' with importer (ScriptedImporter : UnityEditor.QuickSearchModule:UnityEditor.Search:ASIAI0B)
Imported 'GUID: 3cf8ae89579fd29479f4269d09600e16' -> (Import Result ID: '76f2c009aa1b0d48c5ba7722fe8dee31') in 0.006 seconds [static and dynamic dependencies]. Details - ImportResultOutputID=d711170cbae101b08352c53a3059204a DependenciesID=3c23e2ec4780b42204eb7088723c65fb StaticDependenciesID=3d4402dae096757349acc05bb78bf9b1 
Number of updated asset objects reloaded before import = 0
Number of asset objects unloaded after import = 3
========================================================================
Received Import Request.
  Time of request: 2026-09-04T15:32:01.1553209Z
  Time since last request: 0.0002135 seconds.
  importAddress: GUID: 54024d7bafa404eb39097aa14df8a5cb - Path: Packages/com.unity.collab-proxy/Editor/Assets/Images/d_iconplasticnotifypendingchangesandincoming@2x.png - Importer: ScriptedImporter/UnityEditor.QuickSearchModule:UnityEditor.Search:ASIAI0B
Importing 'GUID: 54024d7bafa404eb39097aa14df8a5cb - Path: Packages/com.unity.collab-proxy/Editor/Assets/Images/d_iconplasticnotifypendingchangesandincoming@2x.png - Importer: ScriptedImporter/UnityEditor.QuickSearchModule:UnityEditor.Search:ASIAI0B' with importer (ScriptedImporter : UnityEditor.QuickSearchModule:UnityEditor.Search:ASIAI0B)
Imported 'GUID: 54024d7bafa404eb39097aa14df8a5cb' -> (Import Result ID: '34a3055fb3e5951163f24e71cdd36775') in 0.006 seconds [static and dynamic dependencies]. Details - ImportResultOutputID=c5b7316015d2a1adf0e069a212a09e80 DependenciesID=0980e47a5d2a6210413cbf2e57585373 StaticDependenciesID=b48e7d437940598bd4f180f3803a958f 
Number of updated asset objects reloaded before import = 0
Number of asset objects unloaded after import = 3
========================================================================
Received Import Request.
  Time of request: 2026-09-04T15:32:01.1681385Z
  Time since last request: 0.0001974 seconds.
  importAddress: GUID: c34cd61ed96ff9a40a54e159467c5155 - Path: Packages/com.unity.collab-proxy/Editor/Assets/Images/d_iconretainedoverlay@2x.png - Importer: ScriptedImporter/UnityEditor.QuickSearchModule:UnityEditor.Search:ASIAI0B
Importing 'GUID: c34cd61ed96ff9a40a54e159467c5155 - Path: Packages/com.unity.collab-proxy/Editor/Assets/Images/d_iconretainedoverlay@2x.png - Importer: ScriptedImporter/UnityEditor.QuickSearchModule:UnityEditor.Search:ASIAI0B' with importer (ScriptedImporter : UnityEditor.QuickSearchModule:UnityEditor.Search:ASIAI0B)
Imported 'GUID: c34cd61ed96ff9a40a54e159467c5155' -> (Import Result ID: '2fb237642b3a2c29be815d9a802fd05a') in 0.007 seconds [static and dynamic dependencies]. Details - ImportResultOutputID=dcecf590d6bfb465e2b383c19e4a8cd0 DependenciesID=b6eae328a120eb0515168c01f0f15d59 StaticDependenciesID=b5f135dcb33406f0b7bd808b6fce3cea 
Number of updated asset objects reloaded before import = 0
Number of asset objects unloaded after import = 3
========================================================================
Received Import Request.
  Time of request: 2026-09-04T15:32:01.1825882Z
  Time since last request: 0.0002262 seconds.
  importAddress: GUID: 43735cb4df8a4aa49b379e83bd9d77b8 - Path: Packages/com.unity.collab-proxy/Editor/Assets/Images/d_iconzoomout.png - Importer: ScriptedImporter/UnityEditor.QuickSearchModule:UnityEditor.Search:ASIAI0B
Importing 'GUID: 43735cb4df8a4aa49b379e83bd9d77b8 - Path: Packages/com.unity.collab-proxy/Editor/Assets/Images/d_iconzoomout.png - Importer: ScriptedImporter/UnityEditor.QuickSearchModule:UnityEditor.Search:ASIAI0B' with importer (ScriptedImporter : UnityEditor.QuickSearchModule:UnityEditor.Search:ASIAI0B)
Imported 'GUID: 43735cb4df8a4aa49b379e83bd9d77b8' -> (Import Result ID: '6d10d13464fcf1c070df46e18e79e1ab') in 0.007 seconds [static and dynamic dependencies]. Details - ImportResultOutputID=1c2a9955c205835bd10567f5243649ae DependenciesID=f2b1dd566d7482149c4e3c6285874f24 StaticDependenciesID=f49b26de28b6b106646129dc39ba8228 
Number of updated asset objects reloaded before import = 0
Number of asset objects unloaded after import = 3
========================================================================
Received Import Request.
  Time of request: 2026-09-04T15:32:01.1958121Z
  Time since last request: 0.0002592 seconds.
  importAddress: GUID: 5544f39aea350784ba1dd4ecc285b777 - Path: Packages/com.unity.collab-proxy/Editor/Assets/Images/d_iconzoomin.png - Importer: ScriptedImporter/UnityEditor.QuickSearchModule:UnityEditor.Search:ASIAI0B
Importing 'GUID: 5544f39aea350784ba1dd4ecc285b777 - Path: Packages/com.unity.collab-proxy/Editor/Assets/Images/d_iconzoomin.png - Importer: ScriptedImporter/UnityEditor.QuickSearchModule:UnityEditor.Search:ASIAI0B' with importer (ScriptedImporter : UnityEditor.QuickSearchModule:UnityEditor.Search:ASIAI0B)
Imported 'GUID: 5544f39aea350784ba1dd4ecc285b777' -> (Import Result ID: 'e39d26541eb0ed7f1a7bacd04371d70d') in 0.010 seconds [static and dynamic dependencies]. Details - ImportResultOutputID=a83a47e02a62f75ffd470ac0f75d5859 DependenciesID=2f7a5ff3d529ca963909c653b690f63d StaticDependenciesID=c54d7771f50db78fba1325c370025575 
Number of updated asset objects reloaded before import = 0
Number of asset objects unloaded after import = 3
========================================================================
Received Import Request.
  Time of request: 2026-09-04T15:32:01.2124953Z
  Time since last request: 0.000229 seconds.
  importAddress: GUID: ae53a7884da90e94eb5dfeab594b746c - Path: Packages/com.unity.collab-proxy/Editor/Assets/Images/d_iconlockedlocaloverlay@2x.png - Importer: ScriptedImporter/UnityEditor.QuickSearchModule:UnityEditor.Search:ASIAI0B
Importing 'GUID: ae53a7884da90e94eb5dfeab594b746c - Path: Packages/com.unity.collab-proxy/Editor/Assets/Images/d_iconlockedlocaloverlay@2x.png - Importer: ScriptedImporter/UnityEditor.QuickSearchModule:UnityEditor.Search:ASIAI0B' with importer (ScriptedImporter : UnityEditor.QuickSearchModule:UnityEditor.Search:ASIAI0B)
Imported 'GUID: ae53a7884da90e94eb5dfeab594b746c' -> (Import Result ID: '4846d8582dc656995dede2cac2f0844e') in 0.006 seconds [static and dynamic dependencies]. Details - ImportResultOutputID=252e5276c97228c451982bcfc58efb66 DependenciesID=ef2f42c9b69013d71c86cecfc36f97bf StaticDependenciesID=b5361eb506e20f3e725112da84d8ae22 
Number of updated asset objects reloaded before import = 0
Number of asset objects unloaded after import = 1
========================================================================
Received Import Request.
  Time of request: 2026-09-04T15:32:01.2254445Z
  Time since last request: 0.0002494 seconds.
  importAddress: GUID: f7adc828ed70a485db62c459bdf09525 - Path: Packages/com.unity.collab-proxy/Editor/Assets/Images/d_iconlock.png - Importer: ScriptedImporter/UnityEditor.QuickSearchModule:UnityEditor.Search:ASIAI0B
Importing 'GUID: f7adc828ed70a485db62c459bdf09525 - Path: Packages/com.unity.collab-proxy/Editor/Assets/Images/d_iconlock.png - Importer: ScriptedImporter/UnityEditor.QuickSearchModule:UnityEditor.Search:ASIAI0B' with importer (ScriptedImporter : UnityEditor.QuickSearchModule:UnityEditor.Search:ASIAI0B)
Imported 'GUID: f7adc828ed70a485db62c459bdf09525' -> (Import Result ID: 'ba5962d9b7a5e4f8abea74382bec5585') in 0.006 seconds [static and dynamic dependencies]. Details - ImportResultOutputID=f2c71c9c5d36ea60b9a7073db59a1cd6 DependenciesID=570f5be45a40f8cf7df115102a8fb440 StaticDependenciesID=5fe54c2ff8d2e598224a038e44c5fdb6 
Number of updated asset objects reloaded before import = 0
Number of asset objects unloaded after import = 3
========================================================================
Received Import Request.
  Time of request: 2026-09-04T15:32:01.2392716Z
  Time since last request: 0.0002065 seconds.
  importAddress: GUID: 05ba7199286b24c6ca7441e2c454f5c3 - Path: Packages/com.unity.collab-proxy/Editor/Assets/Images/d_inclusionrule.png - Importer: ScriptedImporter/UnityEditor.QuickSearchModule:UnityEditor.Search:ASIAI0B
Importing 'GUID: 05ba7199286b24c6ca7441e2c454f5c3 - Path: Packages/com.unity.collab-proxy/Editor/Assets/Images/d_inclusionrule.png - Importer: ScriptedImporter/UnityEditor.QuickSearchModule:UnityEditor.Search:ASIAI0B' with importer (ScriptedImporter : UnityEditor.QuickSearchModule:UnityEditor.Search:ASIAI0B)
Imported 'GUID: 05ba7199286b24c6ca7441e2c454f5c3' -> (Import Result ID: '803d1278a79f7866426b2b19b7241c47') in 0.006 seconds [static and dynamic dependencies]. Details - ImportResultOutputID=e96244eac8f33d858ac7813c9ef29a04 DependenciesID=850b992cfe871bc0fcdd08a175788469 StaticDependenciesID=c343aa75a5639c39c579a44133e1699b 
Number of updated asset objects reloaded before import = 0
Number of asset objects unloaded after import = 3
========================================================================
Received Import Request.
  Time of request: 2026-09-04T15:32:01.2517495Z
  Time since last request: 0.0002989 seconds.
  importAddress: GUID: e1e64e28e7631534d8408668bcb82502 - Path: Packages/com.unity.collab-proxy/Editor/Assets/Images/d_iconlabel.png - Importer: ScriptedImporter/UnityEditor.QuickSearchModule:UnityEditor.Search:ASIAI0B
Importing 'GUID: e1e64e28e7631534d8408668bcb82502 - Path: Packages/com.unity.collab-proxy/Editor/Assets/Images/d_iconlabel.png - Importer: ScriptedImporter/UnityEditor.QuickSearchModule:UnityEditor.Search:ASIAI0B' with importer (ScriptedImporter : UnityEditor.QuickSearchModule:UnityEditor.Search:ASIAI0B)
Imported 'GUID: e1e64e28e7631534d8408668bcb82502' -> (Import Result ID: 'f5ca77e335f08133b996e6449742b4f1') in 0.006 seconds [static and dynamic dependencies]. Details - ImportResultOutputID=fc5dbf8e47dca4c03b93857a8f905fd4 DependenciesID=c1f6b9a5bc61a523bab429619360a579 StaticDependenciesID=33546e8b706f4d46dca55acab7323b1e 
Number of updated asset objects reloaded before import = 0
Number of asset objects unloaded after import = 3
========================================================================
Received Import Request.
  Time of request: 2026-09-04T15:32:01.2628347Z
  Time since last request: 0.0002224 seconds.
  importAddress: GUID: ce435fe40bff4da41aadc577ebfb27d7 - Path: Packages/com.unity.collab-proxy/Editor/Assets/Images/d_iconlabel@2x.png - Importer: ScriptedImporter/UnityEditor.QuickSearchModule:UnityEditor.Search:ASIAI0B
Importing 'GUID: ce435fe40bff4da41aadc577ebfb27d7 - Path: Packages/com.unity.collab-proxy/Editor/Assets/Images/d_iconlabel@2x.png - Importer: ScriptedImporter/UnityEditor.QuickSearchModule:UnityEditor.Search:ASIAI0B' with importer (ScriptedImporter : UnityEditor.QuickSearchModule:UnityEditor.Search:ASIAI0B)
Imported 'GUID: ce435fe40bff4da41aadc577ebfb27d7' -> (Import Result ID: '2bb251cc4b7e81238d118f6c6c1af3ef') in 0.006 seconds [static and dynamic dependencies]. Details - ImportResultOutputID=977bf0884d1bf116d8a6fda458862bbf DependenciesID=d5362a74f61922a0b5fbe4e3db9d557b StaticDependenciesID=1d7089f78427b9114edc6eefb750ff6e 
Number of updated asset objects reloaded before import = 0
Number of asset objects unloaded after import = 3
========================================================================
Received Import Request.
  Time of request: 2026-09-04T15:32:01.2755569Z
  Time since last request: 0.000191 seconds.
  importAddress: GUID: 079f562959995344baea4cd40a9ecea6 - Path: Packages/com.unity.collab-proxy/Editor/Assets/Images/d_iconignoredoverlay@2x.png - Importer: ScriptedImporter/UnityEditor.QuickSearchModule:UnityEditor.Search:ASIAI0B
Importing 'GUID: 079f562959995344baea4cd40a9ecea6 - Path: Packages/com.unity.collab-proxy/Editor/Assets/Images/d_iconignoredoverlay@2x.png - Importer: ScriptedImporter/UnityEditor.QuickSearchModule:UnityEditor.Search:ASIAI0B' with importer (ScriptedImporter : UnityEditor.QuickSearchModule:UnityEditor.Search:ASIAI0B)
Imported 'GUID: 079f562959995344baea4cd40a9ecea6' -> (Import Result ID: '40a26a4d0f2950ce5b0431f0f7dd155f') in 0.006 seconds [static and dynamic dependencies]. Details - ImportResultOutputID=5a6790074f6a4f64063bc1b6f27d9ce5 DependenciesID=207095b78249cecc67b392099a51e247 StaticDependenciesID=d6264f894cd6f2d1c372e2b8c1c0e84e 
Number of updated asset objects reloaded before import = 0
Number of asset objects unloaded after import = 3
========================================================================
Received Import Request.
  Time of request: 2026-09-04T15:32:01.2888764Z
  Time since last request: 0.0002531 seconds.
  importAddress: GUID: 2bb4e96f5d0b02c468932d665a015c54 - Path: Packages/com.unity.collab-proxy/Editor/Assets/Images/d_iconlockedremoteoverlay@2x.png - Importer: ScriptedImporter/UnityEditor.QuickSearchModule:UnityEditor.Search:ASIAI0B
Importing 'GUID: 2bb4e96f5d0b02c468932d665a015c54 - Path: Packages/com.unity.collab-proxy/Editor/Assets/Images/d_iconlockedremoteoverlay@2x.png - Importer: ScriptedImporter/UnityEditor.QuickSearchModule:UnityEditor.Search:ASIAI0B' with importer (ScriptedImporter : UnityEditor.QuickSearchModule:UnityEditor.Search:ASIAI0B)
Imported 'GUID: 2bb4e96f5d0b02c468932d665a015c54' -> (Import Result ID: 'd3410c347b4e125e433d9cdbfbe0a55c') in 0.006 seconds [static and dynamic dependencies]. Details - ImportResultOutputID=8bc98b8b82055fdec118c84706869049 DependenciesID=ba37c9dcfb39dbb30ee5a3b7dbda7f9a StaticDependenciesID=ca41fee7b0dca4d333f2fbf719ac7d3f 
Number of updated asset objects reloaded before import = 0
Number of asset objects unloaded after import = 1
========================================================================
Received Import Request.
  Time of request: 2026-09-04T15:32:01.3006094Z
  Time since last request: 0.00018 seconds.
  importAddress: GUID: d83d26a46db2b504fbcfa6f2aae590b6 - Path: Packages/com.unity.collab-proxy/Editor/Assets/Images/d_iconretainedoverlay.png - Importer: ScriptedImporter/UnityEditor.QuickSearchModule:UnityEditor.Search:ASIAI0B
Importing 'GUID: d83d26a46db2b504fbcfa6f2aae590b6 - Path: Packages/com.unity.collab-proxy/Editor/Assets/Images/d_iconretainedoverlay.png - Importer: ScriptedImporter/UnityEditor.QuickSearchModule:UnityEditor.Search:ASIAI0B' with importer (ScriptedImporter : UnityEditor.QuickSearchModule:UnityEditor.Search:ASIAI0B)
Imported 'GUID: d83d26a46db2b504fbcfa6f2aae590b6' -> (Import Result ID: 'cecb296fa39ad75930b2f4ef3076e0ed') in 0.006 seconds [static and dynamic dependencies]. Details - ImportResultOutputID=c13f78169275d3f2578ad92a388cc5b0 DependenciesID=97b29bd2e84e2176cb5dbca32acb3ad7 StaticDependenciesID=594cec79fb510349257c2b137f446d00 
Number of updated asset objects reloaded before import = 0
Number of asset objects unloaded after import = 3
========================================================================
Received Import Request.
  Time of request: 2026-09-04T15:32:01.3127849Z
  Time since last request: 0.0002723 seconds.
  importAddress: GUID: 8219bbb48767b46e7b1588dad7f021aa - Path: Packages/com.unity.collab-proxy/Editor/Assets/Images/d_iconhistory.png - Importer: ScriptedImporter/UnityEditor.QuickSearchModule:UnityEditor.Search:ASIAI0B
Importing 'GUID: 8219bbb48767b46e7b1588dad7f021aa - Path: Packages/com.unity.collab-proxy/Editor/Assets/Images/d_iconhistory.png - Importer: ScriptedImporter/UnityEditor.QuickSearchModule:UnityEditor.Search:ASIAI0B' with importer (ScriptedImporter : UnityEditor.QuickSearchModule:UnityEditor.Search:ASIAI0B)
Imported 'GUID: 8219bbb48767b46e7b1588dad7f021aa' -> (Import Result ID: '0c3f06f7427763626981beb8d9352191') in 0.006 seconds [static and dynamic dependencies]. Details - ImportResultOutputID=2ba10ca765c433580d2cc559a10ab102 DependenciesID=d0f830a2a2bf3194c9510362d96a3cea StaticDependenciesID=2f079e1c6202e4e375ac63deb8d8cc51 
Number of updated asset objects reloaded before import = 0
Number of asset objects unloaded after import = 3
========================================================================
Received Import Request.
  Time of request: 2026-09-04T15:32:01.3265951Z
  Time since last request: 0.0001623 seconds.
  importAddress: GUID: dc633de6e6e7415448c7568418239a9d - Path: Packages/com.unity.collab-proxy/Editor/Assets/Images/d_iconoutofsyncoverlay.png - Importer: ScriptedImporter/UnityEditor.QuickSearchModule:UnityEditor.Search:ASIAI0B
Importing 'GUID: dc633de6e6e7415448c7568418239a9d - Path: Packages/com.unity.collab-proxy/Editor/Assets/Images/d_iconoutofsyncoverlay.png - Importer: ScriptedImporter/UnityEditor.QuickSearchModule:UnityEditor.Search:ASIAI0B' with importer (ScriptedImporter : UnityEditor.QuickSearchModule:UnityEditor.Search:ASIAI0B)
Imported 'GUID: dc633de6e6e7415448c7568418239a9d' -> (Import Result ID: 'd743b886090b43e04d20a9cfed29f7b3') in 0.005 seconds [static and dynamic dependencies]. Details - ImportResultOutputID=a2d548a427dc73bd05b491104ec14b3a DependenciesID=fd2de806f877974c765158136c52cf0c StaticDependenciesID=1b386f5f368d73b23d50f1cc465d1cdc 
Number of updated asset objects reloaded before import = 0
Number of asset objects unloaded after import = 1
========================================================================
Received Import Request.
  Time of request: 2026-09-04T15:32:01.3678916Z
  Time since last request: 0.0286239 seconds.
  importAddress: GUID: 59d17703fae374169bc28ce046728590 - Path: Packages/com.unity.collab-proxy/Editor/Assets/Images/iconchangesets@2x.png - Importer: ScriptedImporter/UnityEditor.QuickSearchModule:UnityEditor.Search:ASIAI0B
Importing 'GUID: 59d17703fae374169bc28ce046728590 - Path: Packages/com.unity.collab-proxy/Editor/Assets/Images/iconchangesets@2x.png - Importer: ScriptedImporter/UnityEditor.QuickSearchModule:UnityEditor.Search:ASIAI0B' with importer (ScriptedImporter : UnityEditor.QuickSearchModule:UnityEditor.Search:ASIAI0B)
Imported 'GUID: 59d17703fae374169bc28ce046728590' -> (Import Result ID: '73c48abe0e1cc55139b00c32033e7c4b') in 0.006 seconds [static and dynamic dependencies]. Details - ImportResultOutputID=1b577be9c3e7995a51b21d08b9e7223e DependenciesID=8777b216824baad870983ba9571bcc7d StaticDependenciesID=5f79dbbde0ae248c82f366b7fa5f1569 
Number of updated asset objects reloaded before import = 0
Number of asset objects unloaded after import = 3
========================================================================
Received Import Request.
  Time of request: 2026-09-04T15:32:01.3792203Z
  Time since last request: 0.0001964 seconds.
  importAddress: GUID: 6975ee4c1f40caf4da8dd733ee2cfeaf - Path: Packages/com.unity.collab-proxy/Editor/Assets/Images/d_secondarytabclose.png - Importer: ScriptedImporter/UnityEditor.QuickSearchModule:UnityEditor.Search:ASIAI0B
Importing 'GUID: 6975ee4c1f40caf4da8dd733ee2cfeaf - Path: Packages/com.unity.collab-proxy/Editor/Assets/Images/d_secondarytabclose.png - Importer: ScriptedImporter/UnityEditor.QuickSearchModule:UnityEditor.Search:ASIAI0B' with importer (ScriptedImporter : UnityEditor.QuickSearchModule:UnityEditor.Search:ASIAI0B)
Imported 'GUID: 6975ee4c1f40caf4da8dd733ee2cfeaf' -> (Import Result ID: '4ba25faa63da36279a1eb69e900a27ba') in 0.006 seconds [static and dynamic dependencies]. Details - ImportResultOutputID=776d8853057a591c4e8df04d844ea268 DependenciesID=9bf4e9c1328325679c0944a9a50e6a28 StaticDependenciesID=a0f150fe3caa6d9a7ef8b72d0fba54ab 
Number of updated asset objects reloaded before import = 0
Number of asset objects unloaded after import = 1
========================================================================
Received Import Request.
  Time of request: 2026-09-04T15:32:01.3926254Z
  Time since last request: 0.0002348 seconds.
  importAddress: GUID: fbfdd7d489e0bd54f946ebc8e19db8bd - Path: Packages/com.unity.collab-proxy/Editor/Assets/Images/hideversioncontrol@2x.png - Importer: ScriptedImporter/UnityEditor.QuickSearchModule:UnityEditor.Search:ASIAI0B
Importing 'GUID: fbfdd7d489e0bd54f946ebc8e19db8bd - Path: Packages/com.unity.collab-proxy/Editor/Assets/Images/hideversioncontrol@2x.png - Importer: ScriptedImporter/UnityEditor.QuickSearchModule:UnityEditor.Search:ASIAI0B' with importer (ScriptedImporter : UnityEditor.QuickSearchModule:UnityEditor.Search:ASIAI0B)
Imported 'GUID: fbfdd7d489e0bd54f946ebc8e19db8bd' -> (Import Result ID: '3c699de42ac0073e62c45070df66e2c7') in 0.005 seconds [static and dynamic dependencies]. Details - ImportResultOutputID=42d04e1fd7ad1b1954a99fc5562f33d3 DependenciesID=0e1717cc7f3f680c3d31849b650fd2c1 StaticDependenciesID=def08995caec8e45247324235b0cf587 
Number of updated asset objects reloaded before import = 0
Number of asset objects unloaded after import = 3
========================================================================
Received Import Request.
  Time of request: 2026-09-04T15:32:01.4045231Z
  Time since last request: 0.0002016 seconds.
  importAddress: GUID: da545229eea36164d8b8cba2f75a1143 - Path: Packages/com.unity.collab-proxy/Editor/Assets/Images/iconemptygravatar@2x.png - Importer: ScriptedImporter/UnityEditor.QuickSearchModule:UnityEditor.Search:ASIAI0B
Importing 'GUID: da545229eea36164d8b8cba2f75a1143 - Path: Packages/com.unity.collab-proxy/Editor/Assets/Images/iconemptygravatar@2x.png - Importer: ScriptedImporter/UnityEditor.QuickSearchModule:UnityEditor.Search:ASIAI0B' with importer (ScriptedImporter : UnityEditor.QuickSearchModule:UnityEditor.Search:ASIAI0B)
Imported 'GUID: da545229eea36164d8b8cba2f75a1143' -> (Import Result ID: '1a46e1ae46cb33d65dd693b95d2b3646') in 0.009 seconds [static and dynamic dependencies]. Details - ImportResultOutputID=3734e2b768506b834a05c144c3fc2d14 DependenciesID=cba4ef05ce0d6c6005ecc2ac10470b15 StaticDependenciesID=6d5b5815a62d4ea486240920efe3f341 
Number of updated asset objects reloaded before import = 0
Number of asset objects unloaded after import = 1
========================================================================
Received Import Request.
  Time of request: 2026-09-04T15:32:01.4202624Z
  Time since last request: 0.0002375 seconds.
  importAddress: GUID: efa87fc6a7693ac48844726c5391e3ab - Path: Packages/com.unity.collab-proxy/Editor/Assets/Images/iconadd@2x.png - Importer: ScriptedImporter/UnityEditor.QuickSearchModule:UnityEditor.Search:ASIAI0B
Importing 'GUID: efa87fc6a7693ac48844726c5391e3ab - Path: Packages/com.unity.collab-proxy/Editor/Assets/Images/iconadd@2x.png - Importer: ScriptedImporter/UnityEditor.QuickSearchModule:UnityEditor.Search:ASIAI0B' with importer (ScriptedImporter : UnityEditor.QuickSearchModule:UnityEditor.Search:ASIAI0B)
Imported 'GUID: efa87fc6a7693ac48844726c5391e3ab' -> (Import Result ID: '842e76954719338304c305554b03830e') in 0.005 seconds [static and dynamic dependencies]. Details - ImportResultOutputID=03d1da4f56ff53479f64f9a48936c762 DependenciesID=c82f5746d433565dc7550fa64a52ebcf StaticDependenciesID=fdcd096e4f0653c2631a40831fae4450 
Number of updated asset objects reloaded before import = 0
Number of asset objects unloaded after import = 3
========================================================================
Received Import Request.
  Time of request: 2026-09-04T15:32:01.430769Z
  Time since last request: 0.0001275 seconds.
  importAddress: GUID: e45389a8a97044d4caf408f252370632 - Path: Packages/com.unity.collab-proxy/Editor/Assets/Images/iconbranches@2x.png - Importer: ScriptedImporter/UnityEditor.QuickSearchModule:UnityEditor.Search:ASIAI0B
Importing 'GUID: e45389a8a97044d4caf408f252370632 - Path: Packages/com.unity.collab-proxy/Editor/Assets/Images/iconbranches@2x.png - Importer: ScriptedImporter/UnityEditor.QuickSearchModule:UnityEditor.Search:ASIAI0B' with importer (ScriptedImporter : UnityEditor.QuickSearchModule:UnityEditor.Search:ASIAI0B)
Imported 'GUID: e45389a8a97044d4caf408f252370632' -> (Import Result ID: '5e0cd383a7fc310431a2121a54d9bbc6') in 0.005 seconds [static and dynamic dependencies]. Details - ImportResultOutputID=2a8ccf0801ae7e6dafe0c30534ed31c1 DependenciesID=78f3af31264c0805ad75dacb394d701e StaticDependenciesID=d327af9355a5c6ce522ac4366ba82c3f 
Number of updated asset objects reloaded before import = 0
Number of asset objects unloaded after import = 1
========================================================================
Received Import Request.
  Time of request: 2026-09-04T15:32:01.6682341Z
  Time since last request: 0.2263588 seconds.
  importAddress: GUID: d1c88f142eee55b4eb2b2cfd7b3624ce - Path: Packages/com.unity.collab-proxy/Editor/Assets/Images/iconconflicted.png - Importer: ScriptedImporter/UnityEditor.QuickSearchModule:UnityEditor.Search:ASIAI0B
Importing 'GUID: d1c88f142eee55b4eb2b2cfd7b3624ce - Path: Packages/com.unity.collab-proxy/Editor/Assets/Images/iconconflicted.png - Importer: ScriptedImporter/UnityEditor.QuickSearchModule:UnityEditor.Search:ASIAI0B' with importer (ScriptedImporter : UnityEditor.QuickSearchModule:UnityEditor.Search:ASIAI0B)
Imported 'GUID: d1c88f142eee55b4eb2b2cfd7b3624ce' -> (Import Result ID: '7f1e2ef63ed2775dc3476051b8041652') in 0.005 seconds [static and dynamic dependencies]. Details - ImportResultOutputID=a2ed861d48ab5bdd0fc0c7e658a2f5cd DependenciesID=41d2a6cbe4677c4e5fc0ab83ff3e7cae StaticDependenciesID=a78c18efe632e2c39bacd16578b23328 
Number of updated asset objects reloaded before import = 0
Number of asset objects unloaded after import = 1
========================================================================
Received Import Request.
  Time of request: 2026-09-04T15:32:01.6941324Z
  Time since last request: 0.0133821 seconds.
  importAddress: GUID: 9aa4348290784b2468144a97eb15d8d7 - Path: Packages/com.unity.collab-proxy/Editor/Assets/Images/d_secondarytabclosehover@2x.png - Importer: ScriptedImporter/UnityEditor.QuickSearchModule:UnityEditor.Search:ASIAI0B
Importing 'GUID: 9aa4348290784b2468144a97eb15d8d7 - Path: Packages/com.unity.collab-proxy/Editor/Assets/Images/d_secondarytabclosehover@2x.png - Importer: ScriptedImporter/UnityEditor.QuickSearchModule:UnityEditor.Search:ASIAI0B' with importer (ScriptedImporter : UnityEditor.QuickSearchModule:UnityEditor.Search:ASIAI0B)
Imported 'GUID: 9aa4348290784b2468144a97eb15d8d7' -> (Import Result ID: '8d4e0dac4de4a166cfc79122d84ddc6a') in 0.005 seconds [static and dynamic dependencies]. Details - ImportResultOutputID=eb964d0cef60ab6012fffd822b353a89 DependenciesID=45d57102dd3ef88a15025259290a416f StaticDependenciesID=0032fcede545fb8025ea24690c12d77f 
Number of updated asset objects reloaded before import = 0
Number of asset objects unloaded after import = 1
========================================================================
Received Import Request.
  Time of request: 2026-09-04T15:32:01.7041297Z
  Time since last request: 0.0002476 seconds.
  importAddress: GUID: a67b58d6cddcd4345b1e001340de5a76 - Path: Packages/com.unity.collab-proxy/Editor/Assets/Images/iconaddedlocal@2x.png - Importer: ScriptedImporter/UnityEditor.QuickSearchModule:UnityEditor.Search:ASIAI0B
Importing 'GUID: a67b58d6cddcd4345b1e001340de5a76 - Path: Packages/com.unity.collab-proxy/Editor/Assets/Images/iconaddedlocal@2x.png - Importer: ScriptedImporter/UnityEditor.QuickSearchModule:UnityEditor.Search:ASIAI0B' with importer (ScriptedImporter : UnityEditor.QuickSearchModule:UnityEditor.Search:ASIAI0B)
Imported 'GUID: a67b58d6cddcd4345b1e001340de5a76' -> (Import Result ID: 'ce8af5da6846adf550c402f66d89ef42') in 0.006 seconds [static and dynamic dependencies]. Details - ImportResultOutputID=4567862efd218dee74dcdcce3aacf42d DependenciesID=e103cd8fcad2332b383806ac30402da2 StaticDependenciesID=e01331bff1d3a8eb5ed8c22d0b97cb42 
Number of updated asset objects reloaded before import = 0
Number of asset objects unloaded after import = 1
========================================================================
Received Import Request.
  Time of request: 2026-09-04T15:32:01.7193887Z
  Time since last request: 0.000282 seconds.
  importAddress: GUID: 3999034958d54364da380a8839a11050 - Path: Packages/com.unity.collab-proxy/Editor/Assets/Images/iconcheckedoutlocaloverlay@2x.png - Importer: ScriptedImporter/UnityEditor.QuickSearchModule:UnityEditor.Search:ASIAI0B
Importing 'GUID: 3999034958d54364da380a8839a11050 - Path: Packages/com.unity.collab-proxy/Editor/Assets/Images/iconcheckedoutlocaloverlay@2x.png - Importer: ScriptedImporter/UnityEditor.QuickSearchModule:UnityEditor.Search:ASIAI0B' with importer (ScriptedImporter : UnityEditor.QuickSearchModule:UnityEditor.Search:ASIAI0B)
Imported 'GUID: 3999034958d54364da380a8839a11050' -> (Import Result ID: '7adca2eb352ae71120a14b449fc0d6d7') in 0.006 seconds [static and dynamic dependencies]. Details - ImportResultOutputID=ff3ee3a4949fce26d161c6521d9ba89c DependenciesID=a0720b8ddc7de13831adedfaa12541cc StaticDependenciesID=5c9be2e879162242003260108608542e 
Number of updated asset objects reloaded before import = 0
Number of asset objects unloaded after import = 1
========================================================================
Received Import Request.
  Time of request: 2026-09-04T15:32:01.7329167Z
  Time since last request: 0.0002138 seconds.
  importAddress: GUID: 259fe6e49c74eb143a9fc88f6bd3f050 - Path: Packages/com.unity.collab-proxy/Editor/Assets/Images/iconclouddriveview@2x.png - Importer: ScriptedImporter/UnityEditor.QuickSearchModule:UnityEditor.Search:ASIAI0B
Importing 'GUID: 259fe6e49c74eb143a9fc88f6bd3f050 - Path: Packages/com.unity.collab-proxy/Editor/Assets/Images/iconclouddriveview@2x.png - Importer: ScriptedImporter/UnityEditor.QuickSearchModule:UnityEditor.Search:ASIAI0B' with importer (ScriptedImporter : UnityEditor.QuickSearchModule:UnityEditor.Search:ASIAI0B)
Imported 'GUID: 259fe6e49c74eb143a9fc88f6bd3f050' -> (Import Result ID: 'e9fddc059d81f949109753d42d38a32c') in 0.006 seconds [static and dynamic dependencies]. Details - ImportResultOutputID=7e390570cddb1e154ee0c05bce11b89a DependenciesID=92e45c6d3a0bd27a0091f41dd9c97f78 StaticDependenciesID=155afe56121d3ffbff0c61a2f9cd5fa1 
Number of updated asset objects reloaded before import = 0
Number of asset objects unloaded after import = 3
========================================================================
Received Import Request.
  Time of request: 2026-09-04T15:32:01.7450348Z
  Time since last request: 0.0002766 seconds.
  importAddress: GUID: 092347b12f348a6439e85218cd291ea2 - Path: Packages/com.unity.collab-proxy/Editor/Assets/Images/icondeletedremoteoverlay.png - Importer: ScriptedImporter/UnityEditor.QuickSearchModule:UnityEditor.Search:ASIAI0B
Importing 'GUID: 092347b12f348a6439e85218cd291ea2 - Path: Packages/com.unity.collab-proxy/Editor/Assets/Images/icondeletedremoteoverlay.png - Importer: ScriptedImporter/UnityEditor.QuickSearchModule:UnityEditor.Search:ASIAI0B' with importer (ScriptedImporter : UnityEditor.QuickSearchModule:UnityEditor.Search:ASIAI0B)
Imported 'GUID: 092347b12f348a6439e85218cd291ea2' -> (Import Result ID: '64bb0db3206f6dd022d86fe461b2819f') in 0.005 seconds [static and dynamic dependencies]. Details - ImportResultOutputID=b214452565908f555b9f72d41540bdd4 DependenciesID=b1f785482006c1ddfc4c2da507fb7625 StaticDependenciesID=0007d812ad3584ddcb71ce8ac75442ed 
Number of updated asset objects reloaded before import = 0
Number of asset objects unloaded after import = 3
========================================================================
Received Import Request.
  Time of request: 2026-09-04T15:32:01.7561706Z
  Time since last request: 0.0002549 seconds.
  importAddress: GUID: 229870d327005574fb840c2dd8050ec6 - Path: Packages/com.unity.collab-proxy/Editor/Assets/Images/iconclouddriveview.png - Importer: ScriptedImporter/UnityEditor.QuickSearchModule:UnityEditor.Search:ASIAI0B
Importing 'GUID: 229870d327005574fb840c2dd8050ec6 - Path: Packages/com.unity.collab-proxy/Editor/Assets/Images/iconclouddriveview.png - Importer: ScriptedImporter/UnityEditor.QuickSearchModule:UnityEditor.Search:ASIAI0B' with importer (ScriptedImporter : UnityEditor.QuickSearchModule:UnityEditor.Search:ASIAI0B)
Imported 'GUID: 229870d327005574fb840c2dd8050ec6' -> (Import Result ID: '3d0161f1e841c60f422c91144fd68de0') in 0.005 seconds [static and dynamic dependencies]. Details - ImportResultOutputID=03528312897a53cd0838c9ef9bf51015 DependenciesID=9c56433554b76252843f231e06e26b42 StaticDependenciesID=7d9ae83e613c0250a2a2cb66667e422c 
Number of updated asset objects reloaded before import = 0
Number of asset objects unloaded after import = 3
========================================================================
Received Import Request.
  Time of request: 2026-09-04T15:32:01.7674575Z
  Time since last request: 0.0002277 seconds.
  importAddress: GUID: 1318ab8bf649dcf43b922511fa5e155b - Path: Packages/com.unity.collab-proxy/Editor/Assets/Images/iconconflictresolvedoverlay.png - Importer: ScriptedImporter/UnityEditor.QuickSearchModule:UnityEditor.Search:ASIAI0B
Importing 'GUID: 1318ab8bf649dcf43b922511fa5e155b - Path: Packages/com.unity.collab-proxy/Editor/Assets/Images/iconconflictresolvedoverlay.png - Importer: ScriptedImporter/UnityEditor.QuickSearchModule:UnityEditor.Search:ASIAI0B' with importer (ScriptedImporter : UnityEditor.QuickSearchModule:UnityEditor.Search:ASIAI0B)
Imported 'GUID: 1318ab8bf649dcf43b922511fa5e155b' -> (Import Result ID: 'cdbf76379c60a72eb0c5e6790e80f819') in 0.005 seconds [static and dynamic dependencies]. Details - ImportResultOutputID=1525ffef43adee0d9d7e601a25f13ae7 DependenciesID=97c233b0aa1130591047daeb8d8a7595 StaticDependenciesID=b8e2651e16d438777a4b748464f890e5 
Number of updated asset objects reloaded before import = 0
Number of asset objects unloaded after import = 3
========================================================================
Received Import Request.
  Time of request: 2026-09-04T15:32:01.7786119Z
  Time since last request: 0.0002789 seconds.
  importAddress: GUID: eb591dd22aae343468cc4dd017c550d0 - Path: Packages/com.unity.collab-proxy/Editor/Assets/Images/iconcheckedoutlocaloverlay.png - Importer: ScriptedImporter/UnityEditor.QuickSearchModule:UnityEditor.Search:ASIAI0B
Importing 'GUID: eb591dd22aae343468cc4dd017c550d0 - Path: Packages/com.unity.collab-proxy/Editor/Assets/Images/iconcheckedoutlocaloverlay.png - Importer: ScriptedImporter/UnityEditor.QuickSearchModule:UnityEditor.Search:ASIAI0B' with importer (ScriptedImporter : UnityEditor.QuickSearchModule:UnityEditor.Search:ASIAI0B)
Imported 'GUID: eb591dd22aae343468cc4dd017c550d0' -> (Import Result ID: '1b3469b20ef3a7415d5fe76487cf317a') in 0.006 seconds [static and dynamic dependencies]. Details - ImportResultOutputID=1dfd51eb42f66310226c8b8876a55542 DependenciesID=6edaf019d9e10574c8e1610390b250bf StaticDependenciesID=be80eb3d2d94deb3f02ffccc8a5433c1 
Number of updated asset objects reloaded before import = 0
Number of asset objects unloaded after import = 3
========================================================================
Received Import Request.
  Time of request: 2026-09-04T15:32:01.7905373Z
  Time since last request: 0.0002571 seconds.
  importAddress: GUID: 503a763cc33a6854c86d736c5dd2515c - Path: Packages/com.unity.collab-proxy/Editor/Assets/Images/iconconflictedoverlay.png - Importer: ScriptedImporter/UnityEditor.QuickSearchModule:UnityEditor.Search:ASIAI0B
Importing 'GUID: 503a763cc33a6854c86d736c5dd2515c - Path: Packages/com.unity.collab-proxy/Editor/Assets/Images/iconconflictedoverlay.png - Importer: ScriptedImporter/UnityEditor.QuickSearchModule:UnityEditor.Search:ASIAI0B' with importer (ScriptedImporter : UnityEditor.QuickSearchModule:UnityEditor.Search:ASIAI0B)
Imported 'GUID: 503a763cc33a6854c86d736c5dd2515c' -> (Import Result ID: 'd723394797b082df262cb39172543403') in 0.006 seconds [static and dynamic dependencies]. Details - ImportResultOutputID=339aef9637b20de134cd404e07268f3f DependenciesID=b0ab981102dc6a4e4d94b610032a312a StaticDependenciesID=1c8d141fb7de7883cbb153577f964bd8 
Number of updated asset objects reloaded before import = 0
Number of asset objects unloaded after import = 3
========================================================================
Received Import Request.
  Time of request: 2026-09-04T15:32:01.8257853Z
  Time since last request: 0.0231989 seconds.
  importAddress: GUID: 8fac55fff4ce5fa40a7b2efefc0e617a - Path: Packages/com.unity.collab-proxy/Editor/Assets/Images/secondarytabclosehover.png - Importer: ScriptedImporter/UnityEditor.QuickSearchModule:UnityEditor.Search:ASIAI0B
Importing 'GUID: 8fac55fff4ce5fa40a7b2efefc0e617a - Path: Packages/com.unity.collab-proxy/Editor/Assets/Images/secondarytabclosehover.png - Importer: ScriptedImporter/UnityEditor.QuickSearchModule:UnityEditor.Search:ASIAI0B' with importer (ScriptedImporter : UnityEditor.QuickSearchModule:UnityEditor.Search:ASIAI0B)
Imported 'GUID: 8fac55fff4ce5fa40a7b2efefc0e617a' -> (Import Result ID: '18a5e1fc20a08ce8f5b483ebc5b4c7db') in 0.007 seconds [static and dynamic dependencies]. Details - ImportResultOutputID=0be192ac2fe4271f652f193f450844c5 DependenciesID=1ae34c02fa7de8a61ff67693a80887aa StaticDependenciesID=12075de5a87c594787dfb27056261a8b 
Number of updated asset objects reloaded before import = 0
Number of asset objects unloaded after import = 1
========================================================================
Received Import Request.
  Time of request: 2026-09-04T15:32:01.8400075Z
  Time since last request: 0.0002738 seconds.
  importAddress: GUID: bac66973cba57b842965eb95154fba7e - Path: Packages/com.unity.collab-proxy/Editor/Assets/Images/iconlockretained.png - Importer: ScriptedImporter/UnityEditor.QuickSearchModule:UnityEditor.Search:ASIAI0B
Importing 'GUID: bac66973cba57b842965eb95154fba7e - Path: Packages/com.unity.collab-proxy/Editor/Assets/Images/iconlockretained.png - Importer: ScriptedImporter/UnityEditor.QuickSearchModule:UnityEditor.Search:ASIAI0B' with importer (ScriptedImporter : UnityEditor.QuickSearchModule:UnityEditor.Search:ASIAI0B)
Imported 'GUID: bac66973cba57b842965eb95154fba7e' -> (Import Result ID: 'f192628413074d230d8a6e56df8e2ea0') in 0.012 seconds [static and dynamic dependencies]. Details - ImportResultOutputID=352bba1f3f387505922cd8ca7100abdf DependenciesID=d257a07875f17e43d195b6faa30be767 StaticDependenciesID=ece937372e44ec340dea44de34fbdf95 
Number of updated asset objects reloaded before import = 0
Number of asset objects unloaded after import = 3
========================================================================
Received Import Request.
  Time of request: 2026-09-04T15:32:01.8610264Z
  Time since last request: 0.0001858 seconds.
  importAddress: GUID: b43651fb085b38445ade3f9de3ab0636 - Path: Packages/com.unity.collab-proxy/Editor/Assets/Images/iconinviteusers@2x.png - Importer: ScriptedImporter/UnityEditor.QuickSearchModule:UnityEditor.Search:ASIAI0B
Importing 'GUID: b43651fb085b38445ade3f9de3ab0636 - Path: Packages/com.unity.collab-proxy/Editor/Assets/Images/iconinviteusers@2x.png - Importer: ScriptedImporter/UnityEditor.QuickSearchModule:UnityEditor.Search:ASIAI0B' with importer (ScriptedImporter : UnityEditor.QuickSearchModule:UnityEditor.Search:ASIAI0B)
Imported 'GUID: b43651fb085b38445ade3f9de3ab0636' -> (Import Result ID: '61428ebb8dcb2bc1fbb986c808964ee7') in 0.007 seconds [static and dynamic dependencies]. Details - ImportResultOutputID=ed3eca5aa94a54a380a6ed5380b9e25d DependenciesID=bfa207b9f216c35ad9ec418db9043a0b StaticDependenciesID=dd8d0da0bb7a97c8afb4dfbb4410b3d1 
Number of updated asset objects reloaded before import = 0
Number of asset objects unloaded after import = 3
========================================================================
Received Import Request.
  Time of request: 2026-09-04T15:32:01.8734245Z
  Time since last request: 0.0001817 seconds.
  importAddress: GUID: 0727168a534af3641a8e744834225825 - Path: Packages/com.unity.collab-proxy/Editor/Assets/Images/iconzoomout.png - Importer: ScriptedImporter/UnityEditor.QuickSearchModule:UnityEditor.Search:ASIAI0B
Importing 'GUID: 0727168a534af3641a8e744834225825 - Path: Packages/com.unity.collab-proxy/Editor/Assets/Images/iconzoomout.png - Importer: ScriptedImporter/UnityEditor.QuickSearchModule:UnityEditor.Search:ASIAI0B' with importer (ScriptedImporter : UnityEditor.QuickSearchModule:UnityEditor.Search:ASIAI0B)
Imported 'GUID: 0727168a534af3641a8e744834225825' -> (Import Result ID: 'db5106527fc108d1b34352cf4521822a') in 0.005 seconds [static and dynamic dependencies]. Details - ImportResultOutputID=73d03985418ec8dd84cb8eba534b4f30 DependenciesID=769b868f1af94833b2185f761c91669c StaticDependenciesID=2ee45bbd039760f42475c4cfba0643f7 
Number of updated asset objects reloaded before import = 0
Number of asset objects unloaded after import = 3
========================================================================
Received Import Request.
  Time of request: 2026-09-04T15:32:01.885459Z
  Time since last request: 0.0002747 seconds.
  importAddress: GUID: eb1c900f0d4a3ee42a9a49630bf88a12 - Path: Packages/com.unity.collab-proxy/Editor/Assets/Images/iconplasticnotifypendingchanges@2x.png - Importer: ScriptedImporter/UnityEditor.QuickSearchModule:UnityEditor.Search:ASIAI0B
Importing 'GUID: eb1c900f0d4a3ee42a9a49630bf88a12 - Path: Packages/com.unity.collab-proxy/Editor/Assets/Images/iconplasticnotifypendingchanges@2x.png - Importer: ScriptedImporter/UnityEditor.QuickSearchModule:UnityEditor.Search:ASIAI0B' with importer (ScriptedImporter : UnityEditor.QuickSearchModule:UnityEditor.Search:ASIAI0B)
Imported 'GUID: eb1c900f0d4a3ee42a9a49630bf88a12' -> (Import Result ID: '4f224b4a6c405ea3939e25bbf1be2090') in 0.006 seconds [static and dynamic dependencies]. Details - ImportResultOutputID=eceb96cf8466534d5c693f9d425b8c9a DependenciesID=5cc9d8d4bbca9fd37710f29495cbae31 StaticDependenciesID=23e6b431ff1a360d092abfb4dacb78f4 
Number of updated asset objects reloaded before import = 0
Number of asset objects unloaded after import = 3
========================================================================
Received Import Request.
  Time of request: 2026-09-04T15:32:01.8983577Z
  Time since last request: 0.0002022 seconds.
  importAddress: GUID: affeade9874cf2347abb155e8d0db4d8 - Path: Packages/com.unity.collab-proxy/Editor/Assets/Images/step1@2x.png - Importer: ScriptedImporter/UnityEditor.QuickSearchModule:UnityEditor.Search:ASIAI0B
Importing 'GUID: affeade9874cf2347abb155e8d0db4d8 - Path: Packages/com.unity.collab-proxy/Editor/Assets/Images/step1@2x.png - Importer: ScriptedImporter/UnityEditor.QuickSearchModule:UnityEditor.Search:ASIAI0B' with importer (ScriptedImporter : UnityEditor.QuickSearchModule:UnityEditor.Search:ASIAI0B)
Imported 'GUID: affeade9874cf2347abb155e8d0db4d8' -> (Import Result ID: '0e1751bf0572afcf5f871b3e5e40f711') in 0.006 seconds [static and dynamic dependencies]. Details - ImportResultOutputID=70d4576a87f4c70cb615405de84916e6 DependenciesID=c72b554495bd2eb1e0b66bc47fedc5a4 StaticDependenciesID=85de1c29438ca4b1273e89d2efe6605f 
Number of updated asset objects reloaded before import = 0
Number of asset objects unloaded after import = 1
========================================================================
Received Import Request.
  Time of request: 2026-09-04T15:32:01.9104679Z
  Time since last request: 0.0003369 seconds.
  importAddress: GUID: 120bf54dff785a0429b068b814e9c12a - Path: Packages/com.unity.collab-proxy/Editor/Assets/Images/iconmergelink.png - Importer: ScriptedImporter/UnityEditor.QuickSearchModule:UnityEditor.Search:ASIAI0B
Importing 'GUID: 120bf54dff785a0429b068b814e9c12a - Path: Packages/com.unity.collab-proxy/Editor/Assets/Images/iconmergelink.png - Importer: ScriptedImporter/UnityEditor.QuickSearchModule:UnityEditor.Search:ASIAI0B' with importer (ScriptedImporter : UnityEditor.QuickSearchModule:UnityEditor.Search:ASIAI0B)
Imported 'GUID: 120bf54dff785a0429b068b814e9c12a' -> (Import Result ID: '68f527ec8bbac3096e47910e61fc4bb0') in 0.008 seconds [static and dynamic dependencies]. Details - ImportResultOutputID=75a922a0e17a2665c0a5ad60b4b47c49 DependenciesID=db86e54a2fd4a21eee3e85e5653c9713 StaticDependenciesID=aabde6eb738eaebe4f24723b130cb1c7 
Number of updated asset objects reloaded before import = 0
Number of asset objects unloaded after import = 1
========================================================================
Received Import Request.
  Time of request: 2026-09-04T15:32:01.9256133Z
  Time since last request: 0.000632 seconds.
  importAddress: GUID: 97a4e2b6ae08b1140a5ba9e22953e029 - Path: Packages/com.unity.collab-proxy/Editor/Assets/Images/iconplasticview@2x.png - Importer: ScriptedImporter/UnityEditor.QuickSearchModule:UnityEditor.Search:ASIAI0B
Importing 'GUID: 97a4e2b6ae08b1140a5ba9e22953e029 - Path: Packages/com.unity.collab-proxy/Editor/Assets/Images/iconplasticview@2x.png - Importer: ScriptedImporter/UnityEditor.QuickSearchModule:UnityEditor.Search:ASIAI0B' with importer (ScriptedImporter : UnityEditor.QuickSearchModule:UnityEditor.Search:ASIAI0B)
Imported 'GUID: 97a4e2b6ae08b1140a5ba9e22953e029' -> (Import Result ID: '5aaff6b28add164d8ff7c5718d392971') in 0.005 seconds [static and dynamic dependencies]. Details - ImportResultOutputID=2e6eb95340f5eae7367e6e3e6ece3e15 DependenciesID=199b0e0366964a3fd8e20e71790186ad StaticDependenciesID=8423baed42f454e6e3f35fd3abfb5bc9 
Number of updated asset objects reloaded before import = 0
Number of asset objects unloaded after import = 1
========================================================================
Received Import Request.
  Time of request: 2026-09-04T15:32:01.9385328Z
  Time since last request: 0.0002022 seconds.
  importAddress: GUID: 76a05d2ec901a8b49a064fe0b0674ba7 - Path: Packages/com.unity.collab-proxy/Editor/Assets/Images/iconpendingchanges.png - Importer: ScriptedImporter/UnityEditor.QuickSearchModule:UnityEditor.Search:ASIAI0B
Importing 'GUID: 76a05d2ec901a8b49a064fe0b0674ba7 - Path: Packages/com.unity.collab-proxy/Editor/Assets/Images/iconpendingchanges.png - Importer: ScriptedImporter/UnityEditor.QuickSearchModule:UnityEditor.Search:ASIAI0B' with importer (ScriptedImporter : UnityEditor.QuickSearchModule:UnityEditor.Search:ASIAI0B)
Imported 'GUID: 76a05d2ec901a8b49a064fe0b0674ba7' -> (Import Result ID: 'bb2620165e443593d0c33c549be2c21d') in 0.005 seconds [static and dynamic dependencies]. Details - ImportResultOutputID=193d2325aebe9a6b4502c9dbda3b7b3e DependenciesID=66150b73725b7557d9ef0468138fdc41 StaticDependenciesID=fe67e0cb51e6149da6d64da0b62a7431 
Number of updated asset objects reloaded before import = 0
Number of asset objects unloaded after import = 3
========================================================================
Received Import Request.
  Time of request: 2026-09-04T15:32:01.9498986Z
  Time since last request: 0.0002466 seconds.
  importAddress: GUID: 6f6a4c6bd7cdc654d9d91f7de72afcb6 - Path: Packages/com.unity.collab-proxy/Editor/Assets/Images/refresh.png - Importer: ScriptedImporter/UnityEditor.QuickSearchModule:UnityEditor.Search:ASIAI0B
Importing 'GUID: 6f6a4c6bd7cdc654d9d91f7de72afcb6 - Path: Packages/com.unity.collab-proxy/Editor/Assets/Images/refresh.png - Importer: ScriptedImporter/UnityEditor.QuickSearchModule:UnityEditor.Search:ASIAI0B' with importer (ScriptedImporter : UnityEditor.QuickSearchModule:UnityEditor.Search:ASIAI0B)
Imported 'GUID: 6f6a4c6bd7cdc654d9d91f7de72afcb6' -> (Import Result ID: '37bd3d1e3b32326a9d0ff5bfe0aa4251') in 0.006 seconds [static and dynamic dependencies]. Details - ImportResultOutputID=ec0f53c23ca5f5c298ea47f79c6fd8df DependenciesID=9fbb467f204f340d20e6b9093868c9f3 StaticDependenciesID=d7ff46b548965abc5da097304904b849 
Number of updated asset objects reloaded before import = 0
Number of asset objects unloaded after import = 1
========================================================================
Received Import Request.
  Time of request: 2026-09-04T15:32:01.962784Z
  Time since last request: 0.0002434 seconds.
  importAddress: GUID: d63fb8a8a3f06407e8e712a29a3499c0 - Path: Packages/com.unity.collab-proxy/Editor/Assets/Images/iconmovedoverlay.png - Importer: ScriptedImporter/UnityEditor.QuickSearchModule:UnityEditor.Search:ASIAI0B
Importing 'GUID: d63fb8a8a3f06407e8e712a29a3499c0 - Path: Packages/com.unity.collab-proxy/Editor/Assets/Images/iconmovedoverlay.png - Importer: ScriptedImporter/UnityEditor.QuickSearchModule:UnityEditor.Search:ASIAI0B' with importer (ScriptedImporter : UnityEditor.QuickSearchModule:UnityEditor.Search:ASIAI0B)
Imported 'GUID: d63fb8a8a3f06407e8e712a29a3499c0' -> (Import Result ID: '744e16ee28066176b2ccdaa87a1afa22') in 0.006 seconds [static and dynamic dependencies]. Details - ImportResultOutputID=7d68faaf22700cd7a8b13a9845ab82e0 DependenciesID=64653dc4b599f4639eb9d08066dc5f64 StaticDependenciesID=702ea172417b9b6cb9901b56d12dd96b 
Number of updated asset objects reloaded before import = 0
Number of asset objects unloaded after import = 3
========================================================================
Received Import Request.
  Time of request: 2026-09-04T15:32:01.9753053Z
  Time since last request: 0.000322 seconds.
  importAddress: GUID: dcb2ee37925b97e438ae244996d81a55 - Path: Packages/com.unity.collab-proxy/Editor/Assets/Images/iconplasticview.png - Importer: ScriptedImporter/UnityEditor.QuickSearchModule:UnityEditor.Search:ASIAI0B
Importing 'GUID: dcb2ee37925b97e438ae244996d81a55 - Path: Packages/com.unity.collab-proxy/Editor/Assets/Images/iconplasticview.png - Importer: ScriptedImporter/UnityEditor.QuickSearchModule:UnityEditor.Search:ASIAI0B' with importer (ScriptedImporter : UnityEditor.QuickSearchModule:UnityEditor.Search:ASIAI0B)
Imported 'GUID: dcb2ee37925b97e438ae244996d81a55' -> (Import Result ID: '604eaaac1e0394c6fd71d5d9c813fef9') in 0.005 seconds [static and dynamic dependencies]. Details - ImportResultOutputID=514721fcd545454f1613e5880cd9273f DependenciesID=1caadf78af926fc1294c65cdfc50f8a9 StaticDependenciesID=4b73585843195e7386919897f1ad1421 
Number of updated asset objects reloaded before import = 0
Number of asset objects unloaded after import = 1
========================================================================
Received Import Request.
  Time of request: 2026-09-04T15:32:01.9869264Z
  Time since last request: 0.0002169 seconds.
  importAddress: GUID: b6073d723b6ef3f429aa7e1d0f3db44f - Path: Packages/com.unity.collab-proxy/Editor/Assets/Images/iconlockedlocaloverlay.png - Importer: ScriptedImporter/UnityEditor.QuickSearchModule:UnityEditor.Search:ASIAI0B
Importing 'GUID: b6073d723b6ef3f429aa7e1d0f3db44f - Path: Packages/com.unity.collab-proxy/Editor/Assets/Images/iconlockedlocaloverlay.png - Importer: ScriptedImporter/UnityEditor.QuickSearchModule:UnityEditor.Search:ASIAI0B' with importer (ScriptedImporter : UnityEditor.QuickSearchModule:UnityEditor.Search:ASIAI0B)
Imported 'GUID: b6073d723b6ef3f429aa7e1d0f3db44f' -> (Import Result ID: '604d3142e7b21f06e7b051aab668b4c9') in 0.006 seconds [static and dynamic dependencies]. Details - ImportResultOutputID=4ec12704c68417a44a889bafeacd06ac DependenciesID=9277fa70cc75dda3f70a7e54bab9963c StaticDependenciesID=ffef9b535134bab7db0821cb1a5c0d81 
Number of updated asset objects reloaded before import = 0
Number of asset objects unloaded after import = 3
========================================================================
Received Import Request.
  Time of request: 2026-09-04T15:32:02.025463Z
  Time since last request: 0.0252845 seconds.
  importAddress: GUID: e000057c8aef84d6d81a07b18c13db7e - Path: Packages/com.unity.collab-proxy/Editor/CodeEditor/Document/NewLineFinder.cs - Importer: ScriptedImporter/UnityEditor.QuickSearchModule:UnityEditor.Search:ASIAI0B
Importing 'GUID: e000057c8aef84d6d81a07b18c13db7e - Path: Packages/com.unity.collab-proxy/Editor/CodeEditor/Document/NewLineFinder.cs - Importer: ScriptedImporter/UnityEditor.QuickSearchModule:UnityEditor.Search:ASIAI0B' with importer (ScriptedImporter : UnityEditor.QuickSearchModule:UnityEditor.Search:ASIAI0B)
Imported 'GUID: e000057c8aef84d6d81a07b18c13db7e' -> (Import Result ID: '23ac5a5b4a44a53b5e4cb1e2990359b8') in 0.004 seconds [static and dynamic dependencies]. Details - ImportResultOutputID=e6ec7c3052e5c307b1d624e6909ece46 DependenciesID=895b0230e77aa09fb1ac018287731c10 StaticDependenciesID=e2c1283fca461effdb1c5a2aaf301789 
Number of updated asset objects reloaded before import = 0
Number of asset objects unloaded after import = 0
========================================================================
Received Import Request.
  Time of request: 2026-09-04T15:32:02.0358498Z
  Time since last request: 0.0002547 seconds.
  importAddress: GUID: b77071fd36e946809b40d79e6ba9fe8a - Path: Packages/com.unity.collab-proxy/Editor/AssetsUtils/Processor/UnityCloudProjectLinkMonitor.cs - Importer: ScriptedImporter/UnityEditor.QuickSearchModule:UnityEditor.Search:ASIAI0B
Importing 'GUID: b77071fd36e946809b40d79e6ba9fe8a - Path: Packages/com.unity.collab-proxy/Editor/AssetsUtils/Processor/UnityCloudProjectLinkMonitor.cs - Importer: ScriptedImporter/UnityEditor.QuickSearchModule:UnityEditor.Search:ASIAI0B' with importer (ScriptedImporter : UnityEditor.QuickSearchModule:UnityEditor.Search:ASIAI0B)
Imported 'GUID: b77071fd36e946809b40d79e6ba9fe8a' -> (Import Result ID: '5d9b75178c766a8773e05c72930fc601') in 0.004 seconds [static and dynamic dependencies]. Details - ImportResultOutputID=9d3a3ef958a7842c57f8ebc70cb9ebf7 DependenciesID=5324f056dc6209f5f594da2c37fdbbba StaticDependenciesID=4e0285050fe9dce96340126089f1e3aa 
Number of updated asset objects reloaded before import = 0
Number of asset objects unloaded after import = 0
========================================================================
Received Import Request.
  Time of request: 2026-09-04T15:32:02.0473089Z
  Time since last request: 0.0002658 seconds.
  importAddress: GUID: d4780dc1205c7c7478c970d8c61d24e8 - Path: Packages/com.unity.collab-proxy/Editor/Assets/Images/stepok.png - Importer: ScriptedImporter/UnityEditor.QuickSearchModule:UnityEditor.Search:ASIAI0B
Importing 'GUID: d4780dc1205c7c7478c970d8c61d24e8 - Path: Packages/com.unity.collab-proxy/Editor/Assets/Images/stepok.png - Importer: ScriptedImporter/UnityEditor.QuickSearchModule:UnityEditor.Search:ASIAI0B' with importer (ScriptedImporter : UnityEditor.QuickSearchModule:UnityEditor.Search:ASIAI0B)
Imported 'GUID: d4780dc1205c7c7478c970d8c61d24e8' -> (Import Result ID: '270e6bfbeb849c074abdb8daf7a9995b') in 0.007 seconds [static and dynamic dependencies]. Details - ImportResultOutputID=06cf87e2287d3e56eb755092ffb31c80 DependenciesID=f4431a7f62323839cef9c787d83fd4ad StaticDependenciesID=40da365ee72b30381fbc88b738feb785 
Number of updated asset objects reloaded before import = 0
Number of asset objects unloaded after import = 1
========================================================================
Received Import Request.
  Time of request: 2026-09-04T15:32:02.06021Z
  Time since last request: 0.0001826 seconds.
  importAddress: GUID: e9ffdef169b1cbb4e9910671a9ee83bc - Path: Packages/com.unity.collab-proxy/Editor/AssetsUtils/Processor/UVCSAssetPostprocessor.cs - Importer: ScriptedImporter/UnityEditor.QuickSearchModule:UnityEditor.Search:ASIAI0B
Importing 'GUID: e9ffdef169b1cbb4e9910671a9ee83bc - Path: Packages/com.unity.collab-proxy/Editor/AssetsUtils/Processor/UVCSAssetPostprocessor.cs - Importer: ScriptedImporter/UnityEditor.QuickSearchModule:UnityEditor.Search:ASIAI0B' with importer (ScriptedImporter : UnityEditor.QuickSearchModule:UnityEditor.Search:ASIAI0B)
Imported 'GUID: e9ffdef169b1cbb4e9910671a9ee83bc' -> (Import Result ID: 'c3fceab18f5221c004b547c24aafb80d') in 0.004 seconds [static and dynamic dependencies]. Details - ImportResultOutputID=afe101f4a60a3a8bb0ea7f290c8bff11 DependenciesID=9240cf1d38130d4692f0385026ba5f38 StaticDependenciesID=64bd53fe451c609cb63ebf613b4935fa 
Number of updated asset objects reloaded before import = 0
Number of asset objects unloaded after import = 0
========================================================================
Received Import Request.
  Time of request: 2026-09-04T15:32:02.0712519Z
  Time since last request: 0.000265 seconds.
  importAddress: GUID: a4dab1ebc3086c245ad199490a29637f - Path: Packages/com.unity.collab-proxy/Editor/CloudDrive/CreateWorkspace/CreateWorkspaceView.cs - Importer: ScriptedImporter/UnityEditor.QuickSearchModule:UnityEditor.Search:ASIAI0B
Importing 'GUID: a4dab1ebc3086c245ad199490a29637f - Path: Packages/com.unity.collab-proxy/Editor/CloudDrive/CreateWorkspace/CreateWorkspaceView.cs - Importer: ScriptedImporter/UnityEditor.QuickSearchModule:UnityEditor.Search:ASIAI0B' with importer (ScriptedImporter : UnityEditor.QuickSearchModule:UnityEditor.Search:ASIAI0B)
Imported 'GUID: a4dab1ebc3086c245ad199490a29637f' -> (Import Result ID: '16d664d7f169b1030ba37a84953643ca') in 0.006 seconds [static and dynamic dependencies]. Details - ImportResultOutputID=8989f6d99fca221564dde0be5066d9ef DependenciesID=fad4b7729930471923426dd694d9565a StaticDependenciesID=67b46245bc4ba1b21c7cf6caae4848d3 
Number of updated asset objects reloaded before import = 0
Number of asset objects unloaded after import = 0
========================================================================
Received Import Request.
  Time of request: 2026-09-04T15:32:02.0844502Z
  Time since last request: 0.0002549 seconds.
  importAddress: GUID: a287a16eb8f0400e86cec102678ab7a5 - Path: Packages/com.unity.collab-proxy/Editor/CloudDrive/CreateWorkspace/CollaboratorsListViewItem.cs - Importer: ScriptedImporter/UnityEditor.QuickSearchModule:UnityEditor.Search:ASIAI0B
Importing 'GUID: a287a16eb8f0400e86cec102678ab7a5 - Path: Packages/com.unity.collab-proxy/Editor/CloudDrive/CreateWorkspace/CollaboratorsListViewItem.cs - Importer: ScriptedImporter/UnityEditor.QuickSearchModule:UnityEditor.Search:ASIAI0B' with importer (ScriptedImporter : UnityEditor.QuickSearchModule:UnityEditor.Search:ASIAI0B)
Imported 'GUID: a287a16eb8f0400e86cec102678ab7a5' -> (Import Result ID: 'd62d5842466a3f8efaf5d423eae43e12') in 0.006 seconds [static and dynamic dependencies]. Details - ImportResultOutputID=f117e69eb00028d09c0a420a5e4bcb62 DependenciesID=8f6cdc3c5c7c82c8546cd98ca4a258dd StaticDependenciesID=645d831ab3c6064b5ffc86c6adcc42f7 
Number of updated asset objects reloaded before import = 0
Number of asset objects unloaded after import = 0
========================================================================
Received Import Request.
  Time of request: 2026-09-04T15:32:02.097453Z
  Time since last request: 0.0002494 seconds.
  importAddress: GUID: 8d60b8806ad5a453e978d149b4442288 - Path: Packages/com.unity.collab-proxy/Editor/CodeEditor/Document/TextAnchorNode.cs - Importer: ScriptedImporter/UnityEditor.QuickSearchModule:UnityEditor.Search:ASIAI0B
Importing 'GUID: 8d60b8806ad5a453e978d149b4442288 - Path: Packages/com.unity.collab-proxy/Editor/CodeEditor/Document/TextAnchorNode.cs - Importer: ScriptedImporter/UnityEditor.QuickSearchModule:UnityEditor.Search:ASIAI0B' with importer (ScriptedImporter : UnityEditor.QuickSearchModule:UnityEditor.Search:ASIAI0B)
Imported 'GUID: 8d60b8806ad5a453e978d149b4442288' -> (Import Result ID: '9e849deebdb5e881f4fa690f067c33bb') in 0.004 seconds [static and dynamic dependencies]. Details - ImportResultOutputID=d0fc2617e37d92dbc5b85110b8214cce DependenciesID=2ec9082758022d4767f7ed7ca3009432 StaticDependenciesID=8df6289567b2bdf310cb8d1501b07184 
Number of updated asset objects reloaded before import = 0
Number of asset objects unloaded after import = 0
========================================================================
Received Import Request.
  Time of request: 2026-09-04T15:32:02.1073048Z
  Time since last request: 0.0003408 seconds.
  importAddress: GUID: f053b65364b4545b38e5a456af79939e - Path: Packages/com.unity.collab-proxy/Editor/CodeEditor/Document/RopeTextSource.cs - Importer: ScriptedImporter/UnityEditor.QuickSearchModule:UnityEditor.Search:ASIAI0B
Importing 'GUID: f053b65364b4545b38e5a456af79939e - Path: Packages/com.unity.collab-proxy/Editor/CodeEditor/Document/RopeTextSource.cs - Importer: ScriptedImporter/UnityEditor.QuickSearchModule:UnityEditor.Search:ASIAI0B' with importer (ScriptedImporter : UnityEditor.QuickSearchModule:UnityEditor.Search:ASIAI0B)
Imported 'GUID: f053b65364b4545b38e5a456af79939e' -> (Import Result ID: 'e5050ab6ccf57fce60b4629238f5072f') in 0.004 seconds [static and dynamic dependencies]. Details - ImportResultOutputID=1e445d41221ca586454b9fb9bdae16c0 DependenciesID=d0b1ea2f6edb6a99d714fa85aa0ee7de StaticDependenciesID=4d821e1b74b2072f292c254dbfce4aee 
Number of updated asset objects reloaded before import = 0
Number of asset objects unloaded after import = 0
========================================================================
Received Import Request.
  Time of request: 2026-09-04T15:32:02.1178534Z
  Time since last request: 0.0003287 seconds.
  importAddress: GUID: 1cd69f37df825af4385cd9efe745fc30 - Path: Packages/com.unity.collab-proxy/Editor/Assets/Styles/TeamEditionConfigurationWindow.uss - Importer: ScriptedImporter/UnityEditor.QuickSearchModule:UnityEditor.Search:ASIAI0B
Importing 'GUID: 1cd69f37df825af4385cd9efe745fc30 - Path: Packages/com.unity.collab-proxy/Editor/Assets/Styles/TeamEditionConfigurationWindow.uss - Importer: ScriptedImporter/UnityEditor.QuickSearchModule:UnityEditor.Search:ASIAI0B' with importer (ScriptedImporter : UnityEditor.QuickSearchModule:UnityEditor.Search:ASIAI0B)
Imported 'GUID: 1cd69f37df825af4385cd9efe745fc30' -> (Import Result ID: '10aed5c057b0af04e03b10ffe3400ee5') in 0.005 seconds [static and dynamic dependencies]. Details - ImportResultOutputID=6d2739a3146bf69200fd7fffd8d54944 DependenciesID=37f3c0b762ba444a41c8ca9501a3526d StaticDependenciesID=0cfcd4c848ead28b3def7bddce40d06a 
Number of updated asset objects reloaded before import = 0
Number of asset objects unloaded after import = 2
========================================================================
Received Import Request.
  Time of request: 2026-09-04T15:32:02.129567Z
  Time since last request: 0.0001968 seconds.
  importAddress: GUID: 88da5407899aaaf448a40c85888108ae - Path: Packages/com.unity.collab-proxy/Editor/Assets/Styles/TabView.uss - Importer: ScriptedImporter/UnityEditor.QuickSearchModule:UnityEditor.Search:ASIAI0B
Importing 'GUID: 88da5407899aaaf448a40c85888108ae - Path: Packages/com.unity.collab-proxy/Editor/Assets/Styles/TabView.uss - Importer: ScriptedImporter/UnityEditor.QuickSearchModule:UnityEditor.Search:ASIAI0B' with importer (ScriptedImporter : UnityEditor.QuickSearchModule:UnityEditor.Search:ASIAI0B)
Imported 'GUID: 88da5407899aaaf448a40c85888108ae' -> (Import Result ID: '4ff13c49ea7c775fb17705f4d773d1a2') in 0.006 seconds [static and dynamic dependencies]. Details - ImportResultOutputID=d361a7b733cbada7f2bc035cc9d5b98a DependenciesID=7e6579fcb57165cefbf26df6b739e63a StaticDependenciesID=75b65d8f0ec16706428f6f7625080ddd 
Number of updated asset objects reloaded before import = 0
Number of asset objects unloaded after import = 2
========================================================================
Received Import Request.
  Time of request: 2026-09-04T15:32:02.1417006Z
  Time since last request: 0.0002065 seconds.
  importAddress: GUID: 36d9d402826ee48d8816a061c1aba22e - Path: Packages/com.unity.collab-proxy/Editor/CodeEditor/Document/DocumentTextWriter.cs - Importer: ScriptedImporter/UnityEditor.QuickSearchModule:UnityEditor.Search:ASIAI0B
Importing 'GUID: 36d9d402826ee48d8816a061c1aba22e - Path: Packages/com.unity.collab-proxy/Editor/CodeEditor/Document/DocumentTextWriter.cs - Importer: ScriptedImporter/UnityEditor.QuickSearchModule:UnityEditor.Search:ASIAI0B' with importer (ScriptedImporter : UnityEditor.QuickSearchModule:UnityEditor.Search:ASIAI0B)
Imported 'GUID: 36d9d402826ee48d8816a061c1aba22e' -> (Import Result ID: '97f3bedae6688a9c36a667131c92a17e') in 0.004 seconds [static and dynamic dependencies]. Details - ImportResultOutputID=98985d73738c2b957e8bb0163cae6fcc DependenciesID=69d7a99e113f9f683fea3f27bec66cf0 StaticDependenciesID=f71656abd1292be7388cc0cb716d7f1b 
Number of updated asset objects reloaded before import = 0
Number of asset objects unloaded after import = 0
========================================================================
Received Import Request.
  Time of request: 2026-09-04T15:32:02.1515676Z
  Time since last request: 0.0002178 seconds.
  importAddress: GUID: b6420407edc75d04f89d57eb2fcc314b - Path: Packages/com.unity.collab-proxy/Editor/Assets/Layouts/OrganizationPanel.uxml - Importer: ScriptedImporter/UnityEditor.QuickSearchModule:UnityEditor.Search:ASIAI0B
Importing 'GUID: b6420407edc75d04f89d57eb2fcc314b - Path: Packages/com.unity.collab-proxy/Editor/Assets/Layouts/OrganizationPanel.uxml - Importer: ScriptedImporter/UnityEditor.QuickSearchModule:UnityEditor.Search:ASIAI0B' with importer (ScriptedImporter : UnityEditor.QuickSearchModule:UnityEditor.Search:ASIAI0B)
Imported 'GUID: b6420407edc75d04f89d57eb2fcc314b' -> (Import Result ID: '9c9c5e3e4a359b539d79771d0bcab3c3') in 0.011 seconds [static and dynamic dependencies]. Details - ImportResultOutputID=3b7aac65b9b58788c9ddfedb032f11cc DependenciesID=ad1aeb7ff429cae9075963e64b42ac34 StaticDependenciesID=1dc054bfd8ceec9b40e52af1ec5292a5 
Number of updated asset objects reloaded before import = 0
Number of asset objects unloaded after import = 2
========================================================================
Received Import Request.
  Time of request: 2026-09-04T15:32:02.1700102Z
  Time since last request: 0.0005691 seconds.
  importAddress: GUID: d170e6aba78146b09759f774ef27c7fd - Path: Packages/com.unity.collab-proxy/Editor/CodeEditor/Document/IDocument.cs - Importer: ScriptedImporter/UnityEditor.QuickSearchModule:UnityEditor.Search:ASIAI0B
Importing 'GUID: d170e6aba78146b09759f774ef27c7fd - Path: Packages/com.unity.collab-proxy/Editor/CodeEditor/Document/IDocument.cs - Importer: ScriptedImporter/UnityEditor.QuickSearchModule:UnityEditor.Search:ASIAI0B' with importer (ScriptedImporter : UnityEditor.QuickSearchModule:UnityEditor.Search:ASIAI0B)
Imported 'GUID: d170e6aba78146b09759f774ef27c7fd' -> (Import Result ID: '21b2df0244ff77a6a557f3882f1e256a') in 0.003 seconds [static and dynamic dependencies]. Details - ImportResultOutputID=6a09394abd974e614909c1001373bb05 DependenciesID=02f829e21baa2b303557ce0e24900f6a StaticDependenciesID=fb8f998f5f6dca2dc1630959d36873c9 
Number of updated asset objects reloaded before import = 0
Number of asset objects unloaded after import = 0
========================================================================
Received Import Request.
  Time of request: 2026-09-04T15:32:02.1972615Z
  Time since last request: 0.0178507 seconds.
  importAddress: GUID: 45287be3ac9444c08ec6fa91021df881 - Path: Packages/com.unity.collab-proxy/Editor/CodeEditor/Editing/Caret.cs - Importer: ScriptedImporter/UnityEditor.QuickSearchModule:UnityEditor.Search:ASIAI0B
Importing 'GUID: 45287be3ac9444c08ec6fa91021df881 - Path: Packages/com.unity.collab-proxy/Editor/CodeEditor/Editing/Caret.cs - Importer: ScriptedImporter/UnityEditor.QuickSearchModule:UnityEditor.Search:ASIAI0B' with importer (ScriptedImporter : UnityEditor.QuickSearchModule:UnityEditor.Search:ASIAI0B)
Imported 'GUID: 45287be3ac9444c08ec6fa91021df881' -> (Import Result ID: '6b827710e2a7d3cb33fe72c74d401344') in 0.004 seconds [static and dynamic dependencies]. Details - ImportResultOutputID=e83bdd6f7924e58268744e957afa1cb8 DependenciesID=2e84c9ce665f5f3bd74400ff180b04aa StaticDependenciesID=d4173891cb9bbcb51728df3874c5b26a 
Number of updated asset objects reloaded before import = 0
Number of asset objects unloaded after import = 0
========================================================================
Received Import Request.
  Time of request: 2026-09-04T15:32:02.2070751Z
  Time since last request: 0.0002426 seconds.
  importAddress: GUID: c46fba980ad348788e35c490b31b1330 - Path: Packages/com.unity.collab-proxy/Editor/CodeEditor/Rendering/Layer.cs - Importer: ScriptedImporter/UnityEditor.QuickSearchModule:UnityEditor.Search:ASIAI0B
Importing 'GUID: c46fba980ad348788e35c490b31b1330 - Path: Packages/com.unity.collab-proxy/Editor/CodeEditor/Rendering/Layer.cs - Importer: ScriptedImporter/UnityEditor.QuickSearchModule:UnityEditor.Search:ASIAI0B' with importer (ScriptedImporter : UnityEditor.QuickSearchModule:UnityEditor.Search:ASIAI0B)
Imported 'GUID: c46fba980ad348788e35c490b31b1330' -> (Import Result ID: '9f7c0583964d9792dffe7bb5f3d7f4e6') in 0.005 seconds [static and dynamic dependencies]. Details - ImportResultOutputID=59d930c522b1fc513840191eeb31fd7e DependenciesID=08858822616eb162321566bebcc0e854 StaticDependenciesID=af768ae37737a7b6a3ee263f276f8d3e 
Number of updated asset objects reloaded before import = 0
Number of asset objects unloaded after import = 0
========================================================================
Received Import Request.
  Time of request: 2026-09-04T15:32:02.2257468Z
  Time since last request: 0.0003258 seconds.
  importAddress: GUID: 98a412a8c1a2436db3a14378542ffe03 - Path: Packages/com.unity.collab-proxy/Editor/CodeEditor/Rendering/TextView.cs - Importer: ScriptedImporter/UnityEditor.QuickSearchModule:UnityEditor.Search:ASIAI0B
Importing 'GUID: 98a412a8c1a2436db3a14378542ffe03 - Path: Packages/com.unity.collab-proxy/Editor/CodeEditor/Rendering/TextView.cs - Importer: ScriptedImporter/UnityEditor.QuickSearchModule:UnityEditor.Search:ASIAI0B' with importer (ScriptedImporter : UnityEditor.QuickSearchModule:UnityEditor.Search:ASIAI0B)
Imported 'GUID: 98a412a8c1a2436db3a14378542ffe03' -> (Import Result ID: '6e927dec136470be556081895e4fc2f5') in 0.003 seconds [static and dynamic dependencies]. Details - ImportResultOutputID=cf303abefdd222895d6b6f9ab906ee32 DependenciesID=7428a55907742576f339c85fc30d8106 StaticDependenciesID=9a478aad9cba1611586269b9b4c8fd0a 
Number of updated asset objects reloaded before import = 0
Number of asset objects unloaded after import = 0
========================================================================
Received Import Request.
  Time of request: 2026-09-04T15:32:02.2369314Z
  Time since last request: 0.0002253 seconds.
  importAddress: GUID: 187e79737b0d4cafb4c958f89f9f6843 - Path: Packages/com.unity.collab-proxy/Editor/CodeEditor/Rendering/TextViewWeakEventManager.cs - Importer: ScriptedImporter/UnityEditor.QuickSearchModule:UnityEditor.Search:ASIAI0B
Importing 'GUID: 187e79737b0d4cafb4c958f89f9f6843 - Path: Packages/com.unity.collab-proxy/Editor/CodeEditor/Rendering/TextViewWeakEventManager.cs - Importer: ScriptedImporter/UnityEditor.QuickSearchModule:UnityEditor.Search:ASIAI0B' with importer (ScriptedImporter : UnityEditor.QuickSearchModule:UnityEditor.Search:ASIAI0B)
Imported 'GUID: 187e79737b0d4cafb4c958f89f9f6843' -> (Import Result ID: 'f82b6558a907e59bfa6aac6416f7504c') in 0.003 seconds [static and dynamic dependencies]. Details - ImportResultOutputID=940045a8c0ddee006acd6cf9aa871867 DependenciesID=50a750ecd04916854a5e681cbdba32e4 StaticDependenciesID=6d624dc3777cf8690e5aab1fc5cc8e83 
Number of updated asset objects reloaded before import = 0
Number of asset objects unloaded after import = 0
========================================================================
Received Import Request.
  Time of request: 2026-09-04T15:32:02.249288Z
  Time since last request: 0.0003312 seconds.
  importAddress: GUID: 4c0af467cff74af5b25255706dd5dc26 - Path: Packages/com.unity.collab-proxy/Editor/CodeEditor/Rendering/DocumentColorizingTransformer.cs - Importer: ScriptedImporter/UnityEditor.QuickSearchModule:UnityEditor.Search:ASIAI0B
Importing 'GUID: 4c0af467cff74af5b25255706dd5dc26 - Path: Packages/com.unity.collab-proxy/Editor/CodeEditor/Rendering/DocumentColorizingTransformer.cs - Importer: ScriptedImporter/UnityEditor.QuickSearchModule:UnityEditor.Search:ASIAI0B' with importer (ScriptedImporter : UnityEditor.QuickSearchModule:UnityEditor.Search:ASIAI0B)
Imported 'GUID: 4c0af467cff74af5b25255706dd5dc26' -> (Import Result ID: '5257d6bd0e46946898f1b78c38ca8b65') in 0.004 seconds [static and dynamic dependencies]. Details - ImportResultOutputID=f8ffe2fa2a97c90b6cf919737c55fd78 DependenciesID=7900f01e199bf62087535bac30251055 StaticDependenciesID=0f0a98432de8f29fad527d305e9a97a7 
Number of updated asset objects reloaded before import = 0
Number of asset objects unloaded after import = 0
========================================================================
Received Import Request.
  Time of request: 2026-09-04T15:32:02.2606585Z
  Time since last request: 0.0002203 seconds.
  importAddress: GUID: 0c13d6a1dbd74659becd6e9d0d519282 - Path: Packages/com.unity.collab-proxy/Editor/CodeEditor/Editing/CaretLayer.cs - Importer: ScriptedImporter/UnityEditor.QuickSearchModule:UnityEditor.Search:ASIAI0B
Importing 'GUID: 0c13d6a1dbd74659becd6e9d0d519282 - Path: Packages/com.unity.collab-proxy/Editor/CodeEditor/Editing/CaretLayer.cs - Importer: ScriptedImporter/UnityEditor.QuickSearchModule:UnityEditor.Search:ASIAI0B' with importer (ScriptedImporter : UnityEditor.QuickSearchModule:UnityEditor.Search:ASIAI0B)
Imported 'GUID: 0c13d6a1dbd74659becd6e9d0d519282' -> (Import Result ID: '5fc80520491125a76f41dd3837cf3f73') in 0.004 seconds [static and dynamic dependencies]. Details - ImportResultOutputID=a8b063a224e1fcbde769c1c008317020 DependenciesID=a67ac0938aec890fd64eb8a4d6f6e0df StaticDependenciesID=5677b0458216acfa437378c8bac3c1ff 
Number of updated asset objects reloaded before import = 0
Number of asset objects unloaded after import = 0
========================================================================
Received Import Request.
  Time of request: 2026-09-04T15:32:02.2710184Z
  Time since last request: 0.0002422 seconds.
  importAddress: GUID: 7289f88fb8294b549b7bc6d75d95d475 - Path: Packages/com.unity.collab-proxy/Editor/CodeEditor/Editing/Selection.cs - Importer: ScriptedImporter/UnityEditor.QuickSearchModule:UnityEditor.Search:ASIAI0B
Importing 'GUID: 7289f88fb8294b549b7bc6d75d95d475 - Path: Packages/com.unity.collab-proxy/Editor/CodeEditor/Editing/Selection.cs - Importer: ScriptedImporter/UnityEditor.QuickSearchModule:UnityEditor.Search:ASIAI0B' with importer (ScriptedImporter : UnityEditor.QuickSearchModule:UnityEditor.Search:ASIAI0B)
Imported 'GUID: 7289f88fb8294b549b7bc6d75d95d475' -> (Import Result ID: '89dd94a4f6cb18a75a686df630dbefea') in 0.003 seconds [static and dynamic dependencies]. Details - ImportResultOutputID=cfc05eb341dfbf4b597b09492895838d DependenciesID=96f2bae6e772155c56846bc32900f319 StaticDependenciesID=9521fc9fbd7146a5e0dfbb2171556248 
Number of updated asset objects reloaded before import = 0
Number of asset objects unloaded after import = 0
========================================================================
Received Import Request.
  Time of request: 2026-09-04T15:32:02.2814013Z
  Time since last request: 0.0004843 seconds.
  importAddress: GUID: 46c07c86cb754c3a9e8b5c018ec0b12b - Path: Packages/com.unity.collab-proxy/Editor/CodeEditor/Rendering/VisualLineElementGenerator.cs - Importer: ScriptedImporter/UnityEditor.QuickSearchModule:UnityEditor.Search:ASIAI0B
Importing 'GUID: 46c07c86cb754c3a9e8b5c018ec0b12b - Path: Packages/com.unity.collab-proxy/Editor/CodeEditor/Rendering/VisualLineElementGenerator.cs - Importer: ScriptedImporter/UnityEditor.QuickSearchModule:UnityEditor.Search:ASIAI0B' with importer (ScriptedImporter : UnityEditor.QuickSearchModule:UnityEditor.Search:ASIAI0B)
Imported 'GUID: 46c07c86cb754c3a9e8b5c018ec0b12b' -> (Import Result ID: 'df0cd5d46b191095f6a8ec3cb0fd446c') in 0.003 seconds [static and dynamic dependencies]. Details - ImportResultOutputID=e5fdc0b9b9bf56c60d383a0bab6733ed DependenciesID=97a72f10b2444357ab96f8f078a24995 StaticDependenciesID=b447952486cd605eed0866815ccdd0f5 
Number of updated asset objects reloaded before import = 0
Number of asset objects unloaded after import = 0
========================================================================
Received Import Request.
  Time of request: 2026-09-04T15:32:02.2916804Z
  Time since last request: 0.0002298 seconds.
  importAddress: GUID: 72b0ca78cb7b28b4c966c626e0eebf77 - Path: Packages/com.unity.collab-proxy/Editor/CodeEditor/Editing/SelectionSegment.cs - Importer: ScriptedImporter/UnityEditor.QuickSearchModule:UnityEditor.Search:ASIAI0B
Importing 'GUID: 72b0ca78cb7b28b4c966c626e0eebf77 - Path: Packages/com.unity.collab-proxy/Editor/CodeEditor/Editing/SelectionSegment.cs - Importer: ScriptedImporter/UnityEditor.QuickSearchModule:UnityEditor.Search:ASIAI0B' with importer (ScriptedImporter : UnityEditor.QuickSearchModule:UnityEditor.Search:ASIAI0B)
Imported 'GUID: 72b0ca78cb7b28b4c966c626e0eebf77' -> (Import Result ID: 'e3d4ac0e0a006dfec7184e63af286301') in 0.003 seconds [static and dynamic dependencies]. Details - ImportResultOutputID=28be7b5990e778ed03ffd8161798abfb DependenciesID=5f95cb382689ba06693321172994f67c StaticDependenciesID=49705b510106bcb6a4aa5808d176aea3 
Number of updated asset objects reloaded before import = 0
Number of asset objects unloaded after import = 0
========================================================================
Received Import Request.
  Time of request: 2026-09-04T15:32:02.30155Z
  Time since last request: 0.0002303 seconds.
  importAddress: GUID: bf56682e6df72134b81925661287a663 - Path: Packages/com.unity.collab-proxy/Editor/CodeEditor/Editing/IReadOnlySectionProvider.cs - Importer: ScriptedImporter/UnityEditor.QuickSearchModule:UnityEditor.Search:ASIAI0B
Importing 'GUID: bf56682e6df72134b81925661287a663 - Path: Packages/com.unity.collab-proxy/Editor/CodeEditor/Editing/IReadOnlySectionProvider.cs - Importer: ScriptedImporter/UnityEditor.QuickSearchModule:UnityEditor.Search:ASIAI0B' with importer (ScriptedImporter : UnityEditor.QuickSearchModule:UnityEditor.Search:ASIAI0B)
Imported 'GUID: bf56682e6df72134b81925661287a663' -> (Import Result ID: '762482d4361f88b19a27d4dbf598b3ee') in 0.004 seconds [static and dynamic dependencies]. Details - ImportResultOutputID=09d1ad072f97885889a37afced14a3e3 DependenciesID=7d6518c2a09d97c5a16f1f4e2c441361 StaticDependenciesID=2afb4e44390c06964f578407d022b0d3 
Number of updated asset objects reloaded before import = 0
Number of asset objects unloaded after import = 0
========================================================================
Received Import Request.
  Time of request: 2026-09-04T15:32:02.3123618Z
  Time since last request: 0.0002971 seconds.
  importAddress: GUID: 53017b1654c74ad599aa144268eff7fc - Path: Packages/com.unity.collab-proxy/Editor/CodeEditor/Rendering/VisualLine.cs - Importer: ScriptedImporter/UnityEditor.QuickSearchModule:UnityEditor.Search:ASIAI0B
Importing 'GUID: 53017b1654c74ad599aa144268eff7fc - Path: Packages/com.unity.collab-proxy/Editor/CodeEditor/Rendering/VisualLine.cs - Importer: ScriptedImporter/UnityEditor.QuickSearchModule:UnityEditor.Search:ASIAI0B' with importer (ScriptedImporter : UnityEditor.QuickSearchModule:UnityEditor.Search:ASIAI0B)
Imported 'GUID: 53017b1654c74ad599aa144268eff7fc' -> (Import Result ID: 'c8c4448ce419dc7ea77d58210d96a404') in 0.003 seconds [static and dynamic dependencies]. Details - ImportResultOutputID=10d101f5301e8ff7fd11d1809bc3c8e8 DependenciesID=ad7be0515a1d71eff7db2ad72045ad1c StaticDependenciesID=ad2980f627830df17938118ff0ad526a 
Number of updated asset objects reloaded before import = 0
Number of asset objects unloaded after import = 0
========================================================================
Received Import Request.
  Time of request: 2026-09-04T15:32:02.3294008Z
  Time since last request: 0.0069051 seconds.
  importAddress: GUID: 81c4345dea952454584016b0ced862df - Path: Packages/com.unity.collab-proxy/Editor/UI/Avatar/AvatarGenerator.cs - Importer: ScriptedImporter/UnityEditor.QuickSearchModule:UnityEditor.Search:ASIAI0B
Importing 'GUID: 81c4345dea952454584016b0ced862df - Path: Packages/com.unity.collab-proxy/Editor/UI/Avatar/AvatarGenerator.cs - Importer: ScriptedImporter/UnityEditor.QuickSearchModule:UnityEditor.Search:ASIAI0B' with importer (ScriptedImporter : UnityEditor.QuickSearchModule:UnityEditor.Search:ASIAI0B)
Imported 'GUID: 81c4345dea952454584016b0ced862df' -> (Import Result ID: '5bc560ad326f6ab85f251a4c6ddb088a') in 0.004 seconds [static and dynamic dependencies]. Details - ImportResultOutputID=3578f703c96db40d7a1b079b29605542 DependenciesID=11b4b572adc762e9b08f4d5ef37b29c6 StaticDependenciesID=3da4701340ab81f488d7e97932e67e45 
Number of updated asset objects reloaded before import = 0
Number of asset objects unloaded after import = 0
========================================================================
Received Import Request.
  Time of request: 2026-09-04T15:32:02.3394831Z
  Time since last request: 0.0003534 seconds.
  importAddress: GUID: 49e8281cb9a76452484efab10014acf8 - Path: Packages/com.unity.collab-proxy/Editor/CodeEditor/Utils/WeakEventManagerBase.cs - Importer: ScriptedImporter/UnityEditor.QuickSearchModule:UnityEditor.Search:ASIAI0B
Importing 'GUID: 49e8281cb9a76452484efab10014acf8 - Path: Packages/com.unity.collab-proxy/Editor/CodeEditor/Utils/WeakEventManagerBase.cs - Importer: ScriptedImporter/UnityEditor.QuickSearchModule:UnityEditor.Search:ASIAI0B' with importer (ScriptedImporter : UnityEditor.QuickSearchModule:UnityEditor.Search:ASIAI0B)
Imported 'GUID: 49e8281cb9a76452484efab10014acf8' -> (Import Result ID: '3fe674818048491f5c9ea200a7a9f212') in 0.004 seconds [static and dynamic dependencies]. Details - ImportResultOutputID=850171659be873671d7c0b2ba0dd49dd DependenciesID=96c95d64643a25b806e55228f02ddc60 StaticDependenciesID=458a0d9f88dd14666744399518759504 
Number of updated asset objects reloaded before import = 0
Number of asset objects unloaded after import = 0
========================================================================
Received Import Request.
  Time of request: 2026-09-04T15:32:02.3511488Z
  Time since last request: 0.0002944 seconds.
  importAddress: GUID: 146c16184e337574f9f3baf6d467907a - Path: Packages/com.unity.collab-proxy/Editor/Developer/UpdateReport/UpdateReportLineListViewItem.cs - Importer: ScriptedImporter/UnityEditor.QuickSearchModule:UnityEditor.Search:ASIAI0B
Importing 'GUID: 146c16184e337574f9f3baf6d467907a - Path: Packages/com.unity.collab-proxy/Editor/Developer/UpdateReport/UpdateReportLineListViewItem.cs - Importer: ScriptedImporter/UnityEditor.QuickSearchModule:UnityEditor.Search:ASIAI0B' with importer (ScriptedImporter : UnityEditor.QuickSearchModule:UnityEditor.Search:ASIAI0B)
Imported 'GUID: 146c16184e337574f9f3baf6d467907a' -> (Import Result ID: '38beecf07de877d4cc7e89ffd8d35f61') in 0.003 seconds [static and dynamic dependencies]. Details - ImportResultOutputID=f48ca3006b182cd9d2149fce18ec2180 DependenciesID=96f3d3fe70fb7cb7aef167e6a4f7237d StaticDependenciesID=55d0bb456dd0cc1c7084eabf1a70f8b6 
Number of updated asset objects reloaded before import = 0
Number of asset objects unloaded after import = 0
========================================================================
Received Import Request.
  Time of request: 2026-09-04T15:32:02.3608193Z
  Time since last request: 0.0002564 seconds.
  importAddress: GUID: be335b59f9a9647afa183fd170bab963 - Path: Packages/com.unity.collab-proxy/Editor/CodeEditor/Utils/Rope.cs - Importer: ScriptedImporter/UnityEditor.QuickSearchModule:UnityEditor.Search:ASIAI0B
Importing 'GUID: be335b59f9a9647afa183fd170bab963 - Path: Packages/com.unity.collab-proxy/Editor/CodeEditor/Utils/Rope.cs - Importer: ScriptedImporter/UnityEditor.QuickSearchModule:UnityEditor.Search:ASIAI0B' with importer (ScriptedImporter : UnityEditor.QuickSearchModule:UnityEditor.Search:ASIAI0B)
Imported 'GUID: be335b59f9a9647afa183fd170bab963' -> (Import Result ID: '38652d31f2db7c4c3ae8e49e546694bc') in 0.003 seconds [static and dynamic dependencies]. Details - ImportResultOutputID=7897e7d4d7f46865eefbee3d6210226c DependenciesID=74dbbc25c2022463d721855be14d1d1a StaticDependenciesID=aaf309ac630088ec0cecfa9b9bf26082 
Number of updated asset objects reloaded before import = 0
Number of asset objects unloaded after import = 0
========================================================================
Received Import Request.
  Time of request: 2026-09-04T15:32:02.3706749Z
  Time since last request: 0.000268 seconds.
  importAddress: GUID: 3e10ccf51dd64155bace2cf6aadd2614 - Path: Packages/com.unity.collab-proxy/Editor/CodeEditor/TextMate/TextTransformation.cs - Importer: ScriptedImporter/UnityEditor.QuickSearchModule:UnityEditor.Search:ASIAI0B
Importing 'GUID: 3e10ccf51dd64155bace2cf6aadd2614 - Path: Packages/com.unity.collab-proxy/Editor/CodeEditor/TextMate/TextTransformation.cs - Importer: ScriptedImporter/UnityEditor.QuickSearchModule:UnityEditor.Search:ASIAI0B' with importer (ScriptedImporter : UnityEditor.QuickSearchModule:UnityEditor.Search:ASIAI0B)
Imported 'GUID: 3e10ccf51dd64155bace2cf6aadd2614' -> (Import Result ID: '8f011831165059666a004029246a19e9') in 0.004 seconds [static and dynamic dependencies]. Details - ImportResultOutputID=41e8075acb350c695885c85f22994cd5 DependenciesID=4bb2f771ed053816ddbbbe9c275c4c82 StaticDependenciesID=0e2889b1602c774cf81f980661161e72 
Number of updated asset objects reloaded before import = 0
Number of asset objects unloaded after import = 0
========================================================================
Received Import Request.
  Time of request: 2026-09-04T15:32:02.3822252Z
  Time since last request: 0.0002877 seconds.
  importAddress: GUID: cb2fb351949604785bb11ffdb44f18b7 - Path: Packages/com.unity.collab-proxy/Editor/CodeEditor/Utils/CallbackOnDispose.cs - Importer: ScriptedImporter/UnityEditor.QuickSearchModule:UnityEditor.Search:ASIAI0B
Importing 'GUID: cb2fb351949604785bb11ffdb44f18b7 - Path: Packages/com.unity.collab-proxy/Editor/CodeEditor/Utils/CallbackOnDispose.cs - Importer: ScriptedImporter/UnityEditor.QuickSearchModule:UnityEditor.Search:ASIAI0B' with importer (ScriptedImporter : UnityEditor.QuickSearchModule:UnityEditor.Search:ASIAI0B)
Imported 'GUID: cb2fb351949604785bb11ffdb44f18b7' -> (Import Result ID: '60d6f5634658dd6c7aa8dfcd1356bf98') in 0.004 seconds [static and dynamic dependencies]. Details - ImportResultOutputID=d69607e32de8b383e11ce2ab408b2af8 DependenciesID=de5d2de4b8f97c4ef1417adf637730a8 StaticDependenciesID=cc39ade21ddc952fa757c0514471eea8 
Number of updated asset objects reloaded before import = 0
Number of asset objects unloaded after import = 0
========================================================================
Received Import Request.
  Time of request: 2026-09-04T15:32:02.3940524Z
  Time since last request: 0.0002382 seconds.
  importAddress: GUID: 3caade91a0f84e08b049f6bdff64becc - Path: Packages/com.unity.collab-proxy/Editor/CodeEditor/Text/TextRun.cs - Importer: ScriptedImporter/UnityEditor.QuickSearchModule:UnityEditor.Search:ASIAI0B
Importing 'GUID: 3caade91a0f84e08b049f6bdff64becc - Path: Packages/com.unity.collab-proxy/Editor/CodeEditor/Text/TextRun.cs - Importer: ScriptedImporter/UnityEditor.QuickSearchModule:UnityEditor.Search:ASIAI0B' with importer (ScriptedImporter : UnityEditor.QuickSearchModule:UnityEditor.Search:ASIAI0B)
Imported 'GUID: 3caade91a0f84e08b049f6bdff64becc' -> (Import Result ID: '8482c350b8028650a8138a49a924348d') in 0.004 seconds [static and dynamic dependencies]. Details - ImportResultOutputID=47e35178e08e802bc4e18b89103f783b DependenciesID=27007d24c76fdd04c60cf2862db02af1 StaticDependenciesID=46c5ab214c3b2175fde16b238c0c0ef7 
Number of updated asset objects reloaded before import = 0
Number of asset objects unloaded after import = 0
========================================================================
Received Import Request.
  Time of request: 2026-09-04T15:32:02.405154Z
  Time since last request: 0.0002588 seconds.
  importAddress: GUID: 5b37b989e50b35043bba89d7d660e31e - Path: Packages/com.unity.collab-proxy/Editor/Developer/UpdateReport/UpdateReportListHeaderState.cs - Importer: ScriptedImporter/UnityEditor.QuickSearchModule:UnityEditor.Search:ASIAI0B
Importing 'GUID: 5b37b989e50b35043bba89d7d660e31e - Path: Packages/com.unity.collab-proxy/Editor/Developer/UpdateReport/UpdateReportListHeaderState.cs - Importer: ScriptedImporter/UnityEditor.QuickSearchModule:UnityEditor.Search:ASIAI0B' with importer (ScriptedImporter : UnityEditor.QuickSearchModule:UnityEditor.Search:ASIAI0B)
Imported 'GUID: 5b37b989e50b35043bba89d7d660e31e' -> (Import Result ID: 'ee351d39d27fca89887139a7439e5513') in 0.004 seconds [static and dynamic dependencies]. Details - ImportResultOutputID=a34ab1fc1f3a0729f43e7dd10ae72b6e DependenciesID=ab18e62155f6c8600443edebaa72c4c7 StaticDependenciesID=d966ab520a0850f8aff46531737dc6dc 
Number of updated asset objects reloaded before import = 0
Number of asset objects unloaded after import = 0
========================================================================
Received Import Request.
  Time of request: 2026-09-04T15:32:02.41787Z
  Time since last request: 0.0002807 seconds.
  importAddress: GUID: 43c380b3a07cbf449a54619bb50096b1 - Path: Packages/com.unity.collab-proxy/Editor/UI/Avatar/AvatarImages.cs - Importer: ScriptedImporter/UnityEditor.QuickSearchModule:UnityEditor.Search:ASIAI0B
Importing 'GUID: 43c380b3a07cbf449a54619bb50096b1 - Path: Packages/com.unity.collab-proxy/Editor/UI/Avatar/AvatarImages.cs - Importer: ScriptedImporter/UnityEditor.QuickSearchModule:UnityEditor.Search:ASIAI0B' with importer (ScriptedImporter : UnityEditor.QuickSearchModule:UnityEditor.Search:ASIAI0B)
Imported 'GUID: 43c380b3a07cbf449a54619bb50096b1' -> (Import Result ID: '76597f4239656d72b0c53c8fb685c4e7') in 0.003 seconds [static and dynamic dependencies]. Details - ImportResultOutputID=d0f859375cd63dd84862251e321634cb DependenciesID=350a51808f23bb389a739321fea74236 StaticDependenciesID=5f318663515228605c0aa695f2b888d3 
Number of updated asset objects reloaded before import = 0
Number of asset objects unloaded after import = 0
========================================================================
Received Import Request.
  Time of request: 2026-09-04T15:32:02.4282687Z
  Time since last request: 0.0002762 seconds.
  importAddress: GUID: 3dce8f801e8649c8951ef1edd8c8df5c - Path: Packages/com.unity.collab-proxy/Editor/CodeEditor/Utils/IImmutableStack.cs - Importer: ScriptedImporter/UnityEditor.QuickSearchModule:UnityEditor.Search:ASIAI0B
Importing 'GUID: 3dce8f801e8649c8951ef1edd8c8df5c - Path: Packages/com.unity.collab-proxy/Editor/CodeEditor/Utils/IImmutableStack.cs - Importer: ScriptedImporter/UnityEditor.QuickSearchModule:UnityEditor.Search:ASIAI0B' with importer (ScriptedImporter : UnityEditor.QuickSearchModule:UnityEditor.Search:ASIAI0B)
Imported 'GUID: 3dce8f801e8649c8951ef1edd8c8df5c' -> (Import Result ID: '3161507743027cd1e840bd079f4d1e49') in 0.004 seconds [static and dynamic dependencies]. Details - ImportResultOutputID=e9ceb4abeda7a67ab96e8a1661d2f62c DependenciesID=0f70a338ed7767f5143a50c09d1f9783 StaticDependenciesID=b7c21ba85b5e10d48151d21e00fc75bb 
Number of updated asset objects reloaded before import = 0
Number of asset objects unloaded after import = 0
========================================================================
Received Import Request.
  Time of request: 2026-09-04T15:32:02.4662377Z
  Time since last request: 0.0264308 seconds.
  importAddress: GUID: 317c87f583644be895fb6679dd000910 - Path: Packages/com.unity.collab-proxy/Editor/UI/UIElements/MouseEvents.cs - Importer: ScriptedImporter/UnityEditor.QuickSearchModule:UnityEditor.Search:ASIAI0B
Importing 'GUID: 317c87f583644be895fb6679dd000910 - Path: Packages/com.unity.collab-proxy/Editor/UI/UIElements/MouseEvents.cs - Importer: ScriptedImporter/UnityEditor.QuickSearchModule:UnityEditor.Search:ASIAI0B' with importer (ScriptedImporter : UnityEditor.QuickSearchModule:UnityEditor.Search:ASIAI0B)
Imported 'GUID: 317c87f583644be895fb6679dd000910' -> (Import Result ID: '8e6b09d36fcb717b1c20c5245cf47139') in 0.004 seconds [static and dynamic dependencies]. Details - ImportResultOutputID=64ba16d63eb01cafbf1e3d3359322fe6 DependenciesID=01487b2a277578231234140bb791dfd0 StaticDependenciesID=d73abef7dbb810bb270194283b6cd26e 
Number of updated asset objects reloaded before import = 0
Number of asset objects unloaded after import = 0
========================================================================
Received Import Request.
  Time of request: 2026-09-04T15:32:02.4757508Z
  Time since last request: 0.0002724 seconds.
  importAddress: GUID: 38b05cc5af29cf844a31910eb512e92f - Path: Packages/com.unity.collab-proxy/Editor/UI/Tree/TreeHeaderSettings.cs - Importer: ScriptedImporter/UnityEditor.QuickSearchModule:UnityEditor.Search:ASIAI0B
Importing 'GUID: 38b05cc5af29cf844a31910eb512e92f - Path: Packages/com.unity.collab-proxy/Editor/UI/Tree/TreeHeaderSettings.cs - Importer: ScriptedImporter/UnityEditor.QuickSearchModule:UnityEditor.Search:ASIAI0B' with importer (ScriptedImporter : UnityEditor.QuickSearchModule:UnityEditor.Search:ASIAI0B)
Imported 'GUID: 38b05cc5af29cf844a31910eb512e92f' -> (Import Result ID: 'ca56f226962b0195032436d1448e4e65') in 0.005 seconds [static and dynamic dependencies]. Details - ImportResultOutputID=1f4ad2b2e03e62cc4cb77fcb1a44b4eb DependenciesID=8746ad5835ccbb06c68daca7e38dd383 StaticDependenciesID=22616d60ad3fde84e7f29136329c3a49 
Number of updated asset objects reloaded before import = 0
Number of asset objects unloaded after import = 0
========================================================================
Received Import Request.
  Time of request: 2026-09-04T15:32:02.4878869Z
  Time since last request: 0.0002425 seconds.
  importAddress: GUID: 3e858d866b71d5245b9b869476a487f1 - Path: Packages/com.unity.collab-proxy/Editor/UI/Progress/OperationProgressData.cs - Importer: ScriptedImporter/UnityEditor.QuickSearchModule:UnityEditor.Search:ASIAI0B
Importing 'GUID: 3e858d866b71d5245b9b869476a487f1 - Path: Packages/com.unity.collab-proxy/Editor/UI/Progress/OperationProgressData.cs - Importer: ScriptedImporter/UnityEditor.QuickSearchModule:UnityEditor.Search:ASIAI0B' with importer (ScriptedImporter : UnityEditor.QuickSearchModule:UnityEditor.Search:ASIAI0B)
Imported 'GUID: 3e858d866b71d5245b9b869476a487f1' -> (Import Result ID: 'f0503af6705f559f5691624d07878bc0') in 0.004 seconds [static and dynamic dependencies]. Details - ImportResultOutputID=113aa0e8351b747bfe3a0abdee3cc9e8 DependenciesID=28af8b80e09a5be69f091764f61df204 StaticDependenciesID=2b373c3ec413da9b58276886e8f3987b 
Number of updated asset objects reloaded before import = 0
Number of asset objects unloaded after import = 0
========================================================================
Received Import Request.
  Time of request: 2026-09-04T15:32:02.4979738Z
  Time since last request: 0.0003834 seconds.
  importAddress: GUID: 250ef17e19e621047851bfae85fd84c8 - Path: Packages/com.unity.collab-proxy/Editor/UI/Tree/TreeViewItemExtensions.cs - Importer: ScriptedImporter/UnityEditor.QuickSearchModule:UnityEditor.Search:ASIAI0B
Importing 'GUID: 250ef17e19e621047851bfae85fd84c8 - Path: Packages/com.unity.collab-proxy/Editor/UI/Tree/TreeViewItemExtensions.cs - Importer: ScriptedImporter/UnityEditor.QuickSearchModule:UnityEditor.Search:ASIAI0B' with importer (ScriptedImporter : UnityEditor.QuickSearchModule:UnityEditor.Search:ASIAI0B)
Imported 'GUID: 250ef17e19e621047851bfae85fd84c8' -> (Import Result ID: 'a1fc876bd458ad4617a1a8d8dd078e01') in 0.004 seconds [static and dynamic dependencies]. Details - ImportResultOutputID=71983871ca15bc84bc2dd0217af2fb31 DependenciesID=82a35f720472b4db87eda8de9d4d791b StaticDependenciesID=b80d4ca8fbc455222b9f0037cc045d46 
Number of updated asset objects reloaded before import = 0
Number of asset objects unloaded after import = 0
========================================================================
Received Import Request.
  Time of request: 2026-09-04T15:32:02.509074Z
  Time since last request: 0.0003723 seconds.
  importAddress: GUID: 401c6c6a56164529a2624d9467eb46ca - Path: Packages/com.unity.collab-proxy/Editor/Views/BranchExplorer/SelectedObjectDataUpdater.cs - Importer: ScriptedImporter/UnityEditor.QuickSearchModule:UnityEditor.Search:ASIAI0B
Importing 'GUID: 401c6c6a56164529a2624d9467eb46ca - Path: Packages/com.unity.collab-proxy/Editor/Views/BranchExplorer/SelectedObjectDataUpdater.cs - Importer: ScriptedImporter/UnityEditor.QuickSearchModule:UnityEditor.Search:ASIAI0B' with importer (ScriptedImporter : UnityEditor.QuickSearchModule:UnityEditor.Search:ASIAI0B)
Imported 'GUID: 401c6c6a56164529a2624d9467eb46ca' -> (Import Result ID: 'b9691a51bf9496fbf32fa89cd0d18195') in 0.006 seconds [static and dynamic dependencies]. Details - ImportResultOutputID=3819ca72eaa69407c337d5c1929cbdea DependenciesID=666bbc8b62003c10036b96a3a3e669f5 StaticDependenciesID=be1b662e93ae1ea09bf9f08a97662be1 
Number of updated asset objects reloaded before import = 0
Number of asset objects unloaded after import = 0
========================================================================
Received Import Request.
  Time of request: 2026-09-04T15:32:02.5235819Z
  Time since last request: 0.0001906 seconds.
  importAddress: GUID: daa34ff7d97bebd41866fd45e507c80e - Path: Packages/com.unity.collab-proxy/Editor/UI/UIElements/UIElementsExtensions.cs - Importer: ScriptedImporter/UnityEditor.QuickSearchModule:UnityEditor.Search:ASIAI0B
Importing 'GUID: daa34ff7d97bebd41866fd45e507c80e - Path: Packages/com.unity.collab-proxy/Editor/UI/UIElements/UIElementsExtensions.cs - Importer: ScriptedImporter/UnityEditor.QuickSearchModule:UnityEditor.Search:ASIAI0B' with importer (ScriptedImporter : UnityEditor.QuickSearchModule:UnityEditor.Search:ASIAI0B)
Imported 'GUID: daa34ff7d97bebd41866fd45e507c80e' -> (Import Result ID: '8a2f5da49ba046503796e02d440e8d58') in 0.004 seconds [static and dynamic dependencies]. Details - ImportResultOutputID=322ea64c4fed375b2a1368ef62215504 DependenciesID=566b0e855a8ca270a9c77c3d74ce4d67 StaticDependenciesID=b1e74149f9d150b47236cd7ad44120e3 
Number of updated asset objects reloaded before import = 0
Number of asset objects unloaded after import = 0
========================================================================
Received Import Request.
  Time of request: 2026-09-04T15:32:02.5358246Z
  Time since last request: 0.0001402 seconds.
  importAddress: GUID: 7d5374a12bef4020a4e16051c301ba71 - Path: Packages/com.unity.collab-proxy/Editor/Views/Attributes/AttributePanel.cs - Importer: ScriptedImporter/UnityEditor.QuickSearchModule:UnityEditor.Search:ASIAI0B
Importing 'GUID: 7d5374a12bef4020a4e16051c301ba71 - Path: Packages/com.unity.collab-proxy/Editor/Views/Attributes/AttributePanel.cs - Importer: ScriptedImporter/UnityEditor.QuickSearchModule:UnityEditor.Search:ASIAI0B' with importer (ScriptedImporter : UnityEditor.QuickSearchModule:UnityEditor.Search:ASIAI0B)
Imported 'GUID: 7d5374a12bef4020a4e16051c301ba71' -> (Import Result ID: '818197ad21914b25b3a1200609fa122e') in 0.004 seconds [static and dynamic dependencies]. Details - ImportResultOutputID=7b1a8929df40f9d25a8aadec788c23fa DependenciesID=24c65f5543fca84bc5f5568a726c67d0 StaticDependenciesID=a141b748cbb7d431c3cf365dd64ce159 
Number of updated asset objects reloaded before import = 0
Number of asset objects unloaded after import = 0
========================================================================
Received Import Request.
  Time of request: 2026-09-04T15:32:02.5476189Z
  Time since last request: 0.0004398 seconds.
  importAddress: GUID: b05368a4ef1a4635b2e0337c41502e63 - Path: Packages/com.unity.collab-proxy/Editor/Views/BranchExplorer/BranchExplorerView.cs - Importer: ScriptedImporter/UnityEditor.QuickSearchModule:UnityEditor.Search:ASIAI0B
Importing 'GUID: b05368a4ef1a4635b2e0337c41502e63 - Path: Packages/com.unity.collab-proxy/Editor/Views/BranchExplorer/BranchExplorerView.cs - Importer: ScriptedImporter/UnityEditor.QuickSearchModule:UnityEditor.Search:ASIAI0B' with importer (ScriptedImporter : UnityEditor.QuickSearchModule:UnityEditor.Search:ASIAI0B)
Imported 'GUID: b05368a4ef1a4635b2e0337c41502e63' -> (Import Result ID: '1eca1d1c706f68c96b50bc5246438721') in 0.004 seconds [static and dynamic dependencies]. Details - ImportResultOutputID=eb75d383d0b285cf29a2f4eaa90631f8 DependenciesID=31de421476d80c3a0478392c4ba2658c StaticDependenciesID=e522844077bd0279f67d724190cdd512 
Number of updated asset objects reloaded before import = 0
Number of asset objects unloaded after import = 0
========================================================================
Received Import Request.
  Time of request: 2026-09-04T15:32:02.5589559Z
  Time since last request: 0.0002185 seconds.
  importAddress: GUID: f3bae7db75ee4b749b96add6a75de44d - Path: Packages/com.unity.collab-proxy/Editor/Views/BrowseRepository/BrowseRepositoryHeaderState.cs - Importer: ScriptedImporter/UnityEditor.QuickSearchModule:UnityEditor.Search:ASIAI0B
Importing 'GUID: f3bae7db75ee4b749b96add6a75de44d - Path: Packages/com.unity.collab-proxy/Editor/Views/BrowseRepository/BrowseRepositoryHeaderState.cs - Importer: ScriptedImporter/UnityEditor.QuickSearchModule:UnityEditor.Search:ASIAI0B' with importer (ScriptedImporter : UnityEditor.QuickSearchModule:UnityEditor.Search:ASIAI0B)
Imported 'GUID: f3bae7db75ee4b749b96add6a75de44d' -> (Import Result ID: 'c8e1a1122f2b363139b0be95fb97369f') in 0.004 seconds [static and dynamic dependencies]. Details - ImportResultOutputID=5ea0680aa5856def1ea2fc1bd04769b4 DependenciesID=4b266eedc7a9e897d4f4f3bfa0436c87 StaticDependenciesID=2c753caebabffe20a3ca8ac970d0d36b 
Number of updated asset objects reloaded before import = 0
Number of asset objects unloaded after import = 0
========================================================================
Received Import Request.
  Time of request: 2026-09-04T15:32:02.57005Z
  Time since last request: 0.0002976 seconds.
  importAddress: GUID: aa3f399d17e1dcf4c9e417ffce5eb905 - Path: Packages/com.unity.collab-proxy/Editor/UI/Progress/ProgressControlsForDialogs.cs - Importer: ScriptedImporter/UnityEditor.QuickSearchModule:UnityEditor.Search:ASIAI0B
Importing 'GUID: aa3f399d17e1dcf4c9e417ffce5eb905 - Path: Packages/com.unity.collab-proxy/Editor/UI/Progress/ProgressControlsForDialogs.cs - Importer: ScriptedImporter/UnityEditor.QuickSearchModule:UnityEditor.Search:ASIAI0B' with importer (ScriptedImporter : UnityEditor.QuickSearchModule:UnityEditor.Search:ASIAI0B)
Imported 'GUID: aa3f399d17e1dcf4c9e417ffce5eb905' -> (Import Result ID: '10930ec5d754d98885f87dd738c5e273') in 0.003 seconds [static and dynamic dependencies]. Details - ImportResultOutputID=a56926538553398aa80e35556744eceb DependenciesID=4a94800c4e88bec16909a6b140ed7be1 StaticDependenciesID=b8be076bdda63c1e97be582205c68c8b 
Number of updated asset objects reloaded before import = 0
Number of asset objects unloaded after import = 0
========================================================================
Received Import Request.
  Time of request: 2026-09-04T15:32:02.600162Z
  Time since last request: 0.0194041 seconds.
  importAddress: GUID: 3eddf2b2cdcd47828e17dacecc9395d8 - Path: Packages/com.unity.collab-proxy/Editor/Views/Changesets/CheckoutChangesetViewMenu.cs - Importer: ScriptedImporter/UnityEditor.QuickSearchModule:UnityEditor.Search:ASIAI0B
Importing 'GUID: 3eddf2b2cdcd47828e17dacecc9395d8 - Path: Packages/com.unity.collab-proxy/Editor/Views/Changesets/CheckoutChangesetViewMenu.cs - Importer: ScriptedImporter/UnityEditor.QuickSearchModule:UnityEditor.Search:ASIAI0B' with importer (ScriptedImporter : UnityEditor.QuickSearchModule:UnityEditor.Search:ASIAI0B)
Imported 'GUID: 3eddf2b2cdcd47828e17dacecc9395d8' -> (Import Result ID: 'd09a0dcc945c9d6666531eea161c42d7') in 0.005 seconds [static and dynamic dependencies]. Details - ImportResultOutputID=9cd1c921b3d997f0df41adcbbc6b82fb DependenciesID=38b177afc816f5156cb7effbb86f4f6d StaticDependenciesID=9e29731dd4651bd22365ac235eacde15 
Number of updated asset objects reloaded before import = 0
Number of asset objects unloaded after import = 0
========================================================================
Received Import Request.
  Time of request: 2026-09-04T15:32:02.6113109Z
  Time since last request: 0.0002107 seconds.
  importAddress: GUID: 88f7d95ce0bbb004d8b7fb2d5c2b3a64 - Path: Packages/com.unity.collab-proxy/Editor/Views/Diff/ChangesetByChangesetDiffPanel.cs - Importer: ScriptedImporter/UnityEditor.QuickSearchModule:UnityEditor.Search:ASIAI0B
Importing 'GUID: 88f7d95ce0bbb004d8b7fb2d5c2b3a64 - Path: Packages/com.unity.collab-proxy/Editor/Views/Diff/ChangesetByChangesetDiffPanel.cs - Importer: ScriptedImporter/UnityEditor.QuickSearchModule:UnityEditor.Search:ASIAI0B' with importer (ScriptedImporter : UnityEditor.QuickSearchModule:UnityEditor.Search:ASIAI0B)
Imported 'GUID: 88f7d95ce0bbb004d8b7fb2d5c2b3a64' -> (Import Result ID: '43065d02da9c4d44b3d001b24f1b20f8') in 0.004 seconds [static and dynamic dependencies]. Details - ImportResultOutputID=3e5efc490c05dcabb7524b9353d6dbf8 DependenciesID=8dec58eee1958c8ae3538a6f71b07109 StaticDependenciesID=79dacc666340ff26b233416bb8388ecd 
Number of updated asset objects reloaded before import = 0
Number of asset objects unloaded after import = 0
========================================================================
Received Import Request.
  Time of request: 2026-09-04T15:32:02.6230443Z
  Time since last request: 0.0002721 seconds.
  importAddress: GUID: e89b1e9e9f1060b4f817977507831248 - Path: Packages/com.unity.collab-proxy/Editor/Views/Diff/UnityDiffTree.cs - Importer: ScriptedImporter/UnityEditor.QuickSearchModule:UnityEditor.Search:ASIAI0B
Importing 'GUID: e89b1e9e9f1060b4f817977507831248 - Path: Packages/com.unity.collab-proxy/Editor/Views/Diff/UnityDiffTree.cs - Importer: ScriptedImporter/UnityEditor.QuickSearchModule:UnityEditor.Search:ASIAI0B' with importer (ScriptedImporter : UnityEditor.QuickSearchModule:UnityEditor.Search:ASIAI0B)
Imported 'GUID: e89b1e9e9f1060b4f817977507831248' -> (Import Result ID: 'e4d03ee8d8b13b9907d54a1817662cd2') in 0.004 seconds [static and dynamic dependencies]. Details - ImportResultOutputID=1ec8bb92e8877e8d9211d433cf10f34a DependenciesID=81fbea7ea892978d75a70c60eb0de4cc StaticDependenciesID=c9d7df852648d75a80883d26272d31c9 
Number of updated asset objects reloaded before import = 0
Number of asset objects unloaded after import = 0
========================================================================
Received Import Request.
  Time of request: 2026-09-04T15:32:02.6335922Z
  Time since last request: 0.0002902 seconds.
  importAddress: GUID: 60f5fb7fb3626214f9d97215fe186cbf - Path: Packages/com.unity.collab-proxy/Editor/Views/CreateWorkspace/ValidRepositoryName.cs - Importer: ScriptedImporter/UnityEditor.QuickSearchModule:UnityEditor.Search:ASIAI0B
Importing 'GUID: 60f5fb7fb3626214f9d97215fe186cbf - Path: Packages/com.unity.collab-proxy/Editor/Views/CreateWorkspace/ValidRepositoryName.cs - Importer: ScriptedImporter/UnityEditor.QuickSearchModule:UnityEditor.Search:ASIAI0B' with importer (ScriptedImporter : UnityEditor.QuickSearchModule:UnityEditor.Search:ASIAI0B)
Imported 'GUID: 60f5fb7fb3626214f9d97215fe186cbf' -> (Import Result ID: '534b28e115163750574421affcb5a502') in 0.004 seconds [static and dynamic dependencies]. Details - ImportResultOutputID=48dbf0f868f9e161a79d6dac692cc2a6 DependenciesID=4c1724aa031e6282df3efae8a0d4b59f StaticDependenciesID=94225cbda2d54d3728bbfef4dccd688d 
Number of updated asset objects reloaded before import = 0
Number of asset objects unloaded after import = 0
========================================================================
Received Import Request.
  Time of request: 2026-09-04T15:32:02.6449087Z
  Time since last request: 0.0002612 seconds.
  importAddress: GUID: 025a530ab434a7e40ad318955f571e50 - Path: Packages/com.unity.collab-proxy/Editor/Views/History/SaveAction.cs - Importer: ScriptedImporter/UnityEditor.QuickSearchModule:UnityEditor.Search:ASIAI0B
Importing 'GUID: 025a530ab434a7e40ad318955f571e50 - Path: Packages/com.unity.collab-proxy/Editor/Views/History/SaveAction.cs - Importer: ScriptedImporter/UnityEditor.QuickSearchModule:UnityEditor.Search:ASIAI0B' with importer (ScriptedImporter : UnityEditor.QuickSearchModule:UnityEditor.Search:ASIAI0B)
Imported 'GUID: 025a530ab434a7e40ad318955f571e50' -> (Import Result ID: '934cce4cc7334715db7f0bc7df540822') in 0.004 seconds [static and dynamic dependencies]. Details - ImportResultOutputID=31d09201f236ddcdfe294c9ceb882481 DependenciesID=37234c205c4bcee0b9e6a8ad9a79dbb9 StaticDependenciesID=05823d7e3a8c7c716f649e24e3e2c5d7 
Number of updated asset objects reloaded before import = 0
Number of asset objects unloaded after import = 0
========================================================================
Received Import Request.
  Time of request: 2026-09-04T15:32:02.6549872Z
  Time since last request: 0.0002011 seconds.
  importAddress: GUID: 9553f392d0be2a24daf3cad457d2c612 - Path: Packages/com.unity.collab-proxy/Editor/Views/History/HistorySelection.cs - Importer: ScriptedImporter/UnityEditor.QuickSearchModule:UnityEditor.Search:ASIAI0B
Importing 'GUID: 9553f392d0be2a24daf3cad457d2c612 - Path: Packages/com.unity.collab-proxy/Editor/Views/History/HistorySelection.cs - Importer: ScriptedImporter/UnityEditor.QuickSearchModule:UnityEditor.Search:ASIAI0B' with importer (ScriptedImporter : UnityEditor.QuickSearchModule:UnityEditor.Search:ASIAI0B)
Imported 'GUID: 9553f392d0be2a24daf3cad457d2c612' -> (Import Result ID: 'c4b28d0d634c292383ba5f9aa171a5dd') in 0.003 seconds [static and dynamic dependencies]. Details - ImportResultOutputID=dbc56c24f58ec9e43b6e607459a53bad DependenciesID=2f7eea7f378bd1cc3a988b94ba97b794 StaticDependenciesID=66e3b8936aa04d3c65a45f2213085623 
Number of updated asset objects reloaded before import = 0
Number of asset objects unloaded after import = 0
========================================================================
Received Import Request.
  Time of request: 2026-09-04T15:32:02.6647685Z
  Time since last request: 0.000165 seconds.
  importAddress: GUID: 7a04ed4805f84fd4a8ceee51915ba39a - Path: Packages/com.unity.collab-proxy/Editor/Views/Merge/IIncomingChangesTab.cs - Importer: ScriptedImporter/UnityEditor.QuickSearchModule:UnityEditor.Search:ASIAI0B
Importing 'GUID: 7a04ed4805f84fd4a8ceee51915ba39a - Path: Packages/com.unity.collab-proxy/Editor/Views/Merge/IIncomingChangesTab.cs - Importer: ScriptedImporter/UnityEditor.QuickSearchModule:UnityEditor.Search:ASIAI0B' with importer (ScriptedImporter : UnityEditor.QuickSearchModule:UnityEditor.Search:ASIAI0B)
Imported 'GUID: 7a04ed4805f84fd4a8ceee51915ba39a' -> (Import Result ID: '2c0b448162cb541fac15d602ac9ad695') in 0.003 seconds [static and dynamic dependencies]. Details - ImportResultOutputID=0e9e643716b0dfb5805535b08bf864d6 DependenciesID=496b62e5ff19b27a54a9e608deda5aa1 StaticDependenciesID=475a271e4f42cc83c3513e6702636334 
Number of updated asset objects reloaded before import = 0
Number of asset objects unloaded after import = 0
========================================================================
Received Import Request.
  Time of request: 2026-09-04T15:32:02.674082Z
  Time since last request: 0.0001813 seconds.
  importAddress: GUID: 5ab43506dddfc244ab5b44585140c5a6 - Path: Packages/com.unity.collab-proxy/Editor/Views/Diff/GetClientDiffInfos.cs - Importer: ScriptedImporter/UnityEditor.QuickSearchModule:UnityEditor.Search:ASIAI0B
Importing 'GUID: 5ab43506dddfc244ab5b44585140c5a6 - Path: Packages/com.unity.collab-proxy/Editor/Views/Diff/GetClientDiffInfos.cs - Importer: ScriptedImporter/UnityEditor.QuickSearchModule:UnityEditor.Search:ASIAI0B' with importer (ScriptedImporter : UnityEditor.QuickSearchModule:UnityEditor.Search:ASIAI0B)
Imported 'GUID: 5ab43506dddfc244ab5b44585140c5a6' -> (Import Result ID: '9a2304c706899cb0890d05bc9738d879') in 0.003 seconds [static and dynamic dependencies]. Details - ImportResultOutputID=dbb1053ce517808f0e64f8d1c9b4178f DependenciesID=d60bee38ba41185f548b2475f3925b66 StaticDependenciesID=84e9b8253e219eab56369477983176ee 
Number of updated asset objects reloaded before import = 0
Number of asset objects unloaded after import = 0
========================================================================
Received Import Request.
  Time of request: 2026-09-04T15:32:02.6842389Z
  Time since last request: 0.0002574 seconds.
  importAddress: GUID: 31a95d07803cf9f48a127ae0fc3e5369 - Path: Packages/com.unity.collab-proxy/Editor/Views/Labels/LabelsTab_Operations.cs - Importer: ScriptedImporter/UnityEditor.QuickSearchModule:UnityEditor.Search:ASIAI0B
Importing 'GUID: 31a95d07803cf9f48a127ae0fc3e5369 - Path: Packages/com.unity.collab-proxy/Editor/Views/Labels/LabelsTab_Operations.cs - Importer: ScriptedImporter/UnityEditor.QuickSearchModule:UnityEditor.Search:ASIAI0B' with importer (ScriptedImporter : UnityEditor.QuickSearchModule:UnityEditor.Search:ASIAI0B)
Imported 'GUID: 31a95d07803cf9f48a127ae0fc3e5369' -> (Import Result ID: '1e64959817d7bf5314580ed5c5450d5f') in 0.003 seconds [static and dynamic dependencies]. Details - ImportResultOutputID=e96bc8cc2f7ce41472e5fde39f4d3d13 DependenciesID=f447b0ab076dbdd05b9c708d257242c6 StaticDependenciesID=f930524a16e2187778e41655749a970d 
Number of updated asset objects reloaded before import = 0
Number of asset objects unloaded after import = 0
========================================================================
Received Import Request.
  Time of request: 2026-09-04T15:32:02.6943161Z
  Time since last request: 0.0002528 seconds.
  importAddress: GUID: c296f9dc5d327e24398979cca08c62c9 - Path: Packages/com.unity.collab-proxy/Editor/Views/BrowseRepository/BrowseRepositoryTreeView.cs - Importer: ScriptedImporter/UnityEditor.QuickSearchModule:UnityEditor.Search:ASIAI0B
Importing 'GUID: c296f9dc5d327e24398979cca08c62c9 - Path: Packages/com.unity.collab-proxy/Editor/Views/BrowseRepository/BrowseRepositoryTreeView.cs - Importer: ScriptedImporter/UnityEditor.QuickSearchModule:UnityEditor.Search:ASIAI0B' with importer (ScriptedImporter : UnityEditor.QuickSearchModule:UnityEditor.Search:ASIAI0B)
Imported 'GUID: c296f9dc5d327e24398979cca08c62c9' -> (Import Result ID: '791b4c7aec7f0c1991413becf99f404d') in 0.004 seconds [static and dynamic dependencies]. Details - ImportResultOutputID=649eafaae857128bb9c8e90595dd2142 DependenciesID=980146715279b1a0c3f522eeb3f53c9d StaticDependenciesID=612664b51a40e209bc732451a0e3dad9 
Number of updated asset objects reloaded before import = 0
Number of asset objects unloaded after import = 0
========================================================================
Received Import Request.
  Time of request: 2026-09-04T15:32:02.7059508Z
  Time since last request: 0.0002416 seconds.
  importAddress: GUID: 10358899f0bd35840af31b6f9f5b4ac0 - Path: Packages/com.unity.collab-proxy/Editor/Views/BrowseRepository/BrowseRepositoryViewItem.cs - Importer: ScriptedImporter/UnityEditor.QuickSearchModule:UnityEditor.Search:ASIAI0B
Importing 'GUID: 10358899f0bd35840af31b6f9f5b4ac0 - Path: Packages/com.unity.collab-proxy/Editor/Views/BrowseRepository/BrowseRepositoryViewItem.cs - Importer: ScriptedImporter/UnityEditor.QuickSearchModule:UnityEditor.Search:ASIAI0B' with importer (ScriptedImporter : UnityEditor.QuickSearchModule:UnityEditor.Search:ASIAI0B)
Imported 'GUID: 10358899f0bd35840af31b6f9f5b4ac0' -> (Import Result ID: 'f26409b6093cf22317c91014324f8542') in 0.003 seconds [static and dynamic dependencies]. Details - ImportResultOutputID=70cfd60d8b779c2906efccde48f3e070 DependenciesID=e9d1ca59ac28472dc2af09292fa8e6d8 StaticDependenciesID=d6dbcbce1e2423ebdbfa0de8cfa4563f 
Number of updated asset objects reloaded before import = 0
Number of asset objects unloaded after import = 0
========================================================================
Received Import Request.
  Time of request: 2026-09-04T15:32:02.7186748Z
  Time since last request: 0.0024557 seconds.
  importAddress: GUID: a9298a2c04dfc944bbc6ea156f4e2104 - Path: Packages/com.unity.collab-proxy/Editor/Views/Welcome/WelcomeView.cs - Importer: ScriptedImporter/UnityEditor.QuickSearchModule:UnityEditor.Search:ASIAI0B
Importing 'GUID: a9298a2c04dfc944bbc6ea156f4e2104 - Path: Packages/com.unity.collab-proxy/Editor/Views/Welcome/WelcomeView.cs - Importer: ScriptedImporter/UnityEditor.QuickSearchModule:UnityEditor.Search:ASIAI0B' with importer (ScriptedImporter : UnityEditor.QuickSearchModule:UnityEditor.Search:ASIAI0B)
Imported 'GUID: a9298a2c04dfc944bbc6ea156f4e2104' -> (Import Result ID: '3f93b537287d036e22b00855cdf22ed0') in 0.004 seconds [static and dynamic dependencies]. Details - ImportResultOutputID=ae3f415d23955693982bb979991f5056 DependenciesID=fcb2dcdf531327b6308c59cd60ff202c StaticDependenciesID=ffd0ed45d7aaedfbd65c0f77638dfe42 
Number of updated asset objects reloaded before import = 0
Number of asset objects unloaded after import = 0
========================================================================
Received Import Request.
  Time of request: 2026-09-04T15:32:02.7284341Z
  Time since last request: 0.0002626 seconds.
  importAddress: GUID: 0038217eeabd444c4a0ec1cbc366a840 - Path: Packages/com.unity.collab-proxy/Lib/Editor/Localization/cm-help.zh-Hans.txt - Importer: ScriptedImporter/UnityEditor.QuickSearchModule:UnityEditor.Search:ASIAI0B
Importing 'GUID: 0038217eeabd444c4a0ec1cbc366a840 - Path: Packages/com.unity.collab-proxy/Lib/Editor/Localization/cm-help.zh-Hans.txt - Importer: ScriptedImporter/UnityEditor.QuickSearchModule:UnityEditor.Search:ASIAI0B' with importer (ScriptedImporter : UnityEditor.QuickSearchModule:UnityEditor.Search:ASIAI0B)
Imported 'GUID: 0038217eeabd444c4a0ec1cbc366a840' -> (Import Result ID: '50929ad36b9e58f276c8824645c6bdad') in 0.005 seconds [static and dynamic dependencies]. Details - ImportResultOutputID=949203f01ffcf3b1acb21d54b59fab88 DependenciesID=0e6da29b05e09687b45ebd8ebeb11b0d StaticDependenciesID=50da590c8186c9e8651303cbd80df921 
Number of updated asset objects reloaded before import = 0
Number of asset objects unloaded after import = 1
========================================================================
Received Import Request.
  Time of request: 2026-09-04T15:32:02.7407206Z
  Time since last request: 0.0001954 seconds.
  importAddress: GUID: 97b1c8a1efbe8437790c98e3cfacaf16 - Path: Packages/com.unity.collab-proxy/Lib/Editor/Localization/cm-help.ja.txt - Importer: ScriptedImporter/UnityEditor.QuickSearchModule:UnityEditor.Search:ASIAI0B
Importing 'GUID: 97b1c8a1efbe8437790c98e3cfacaf16 - Path: Packages/com.unity.collab-proxy/Lib/Editor/Localization/cm-help.ja.txt - Importer: ScriptedImporter/UnityEditor.QuickSearchModule:UnityEditor.Search:ASIAI0B' with importer (ScriptedImporter : UnityEditor.QuickSearchModule:UnityEditor.Search:ASIAI0B)
Imported 'GUID: 97b1c8a1efbe8437790c98e3cfacaf16' -> (Import Result ID: 'fc447b768e3d993fbd298cd28e9a9f3d') in 0.003 seconds [static and dynamic dependencies]. Details - ImportResultOutputID=2a3ee17099d487272face7bd94ecd277 DependenciesID=b8a85efe5b539e86538641df82bd3bff StaticDependenciesID=5f12e3b4864ba9c84971e04c6d372c66 
Number of updated asset objects reloaded before import = 0
Number of asset objects unloaded after import = 1
========================================================================
Received Import Request.
  Time of request: 2026-09-04T15:32:02.7514298Z
  Time since last request: 0.0002613 seconds.
  importAddress: GUID: 0092dcc3ac595ea43981eedc23012f72 - Path: Packages/com.unity.collab-proxy/Editor/Views/PendingChanges/PendingChangesViewPendingChangeMenu.cs - Importer: ScriptedImporter/UnityEditor.QuickSearchModule:UnityEditor.Search:ASIAI0B
Importing 'GUID: 0092dcc3ac595ea43981eedc23012f72 - Path: Packages/com.unity.collab-proxy/Editor/Views/PendingChanges/PendingChangesViewPendingChangeMenu.cs - Importer: ScriptedImporter/UnityEditor.QuickSearchModule:UnityEditor.Search:ASIAI0B' with importer (ScriptedImporter : UnityEditor.QuickSearchModule:UnityEditor.Search:ASIAI0B)
Imported 'GUID: 0092dcc3ac595ea43981eedc23012f72' -> (Import Result ID: '3adb19c6632a497438860e1a464a32c3') in 0.004 seconds [static and dynamic dependencies]. Details - ImportResultOutputID=298fd2a3b648e22849481311cd368e5c DependenciesID=7a45b79a4e9d87815d06b97707837c3c StaticDependenciesID=127172181b33b2065e0e4d92f1a0d38e 
Number of updated asset objects reloaded before import = 0
Number of asset objects unloaded after import = 0
========================================================================
Received Import Request.
  Time of request: 2026-09-04T15:32:02.761378Z
  Time since last request: 0.0002484 seconds.
  importAddress: GUID: 33a29fe30b25e405a802d7f7a68ead93 - Path: Packages/com.unity.collab-proxy/Lib/Editor/Localization/clientcommon.zh-Hant.txt - Importer: ScriptedImporter/UnityEditor.QuickSearchModule:UnityEditor.Search:ASIAI0B
Importing 'GUID: 33a29fe30b25e405a802d7f7a68ead93 - Path: Packages/com.unity.collab-proxy/Lib/Editor/Localization/clientcommon.zh-Hant.txt - Importer: ScriptedImporter/UnityEditor.QuickSearchModule:UnityEditor.Search:ASIAI0B' with importer (ScriptedImporter : UnityEditor.QuickSearchModule:UnityEditor.Search:ASIAI0B)
Imported 'GUID: 33a29fe30b25e405a802d7f7a68ead93' -> (Import Result ID: 'a6ae513a8c4f23bcab8e3e6d4f06fef0') in 0.004 seconds [static and dynamic dependencies]. Details - ImportResultOutputID=8f03f674712c5fd880ee010c7e3b64b6 DependenciesID=11123ef162e3125731de6501f7717edc StaticDependenciesID=3b5bdade1cd664fbf1a68a4e7c64d662 
Number of updated asset objects reloaded before import = 0
Number of asset objects unloaded after import = 1
========================================================================
Received Import Request.
  Time of request: 2026-09-04T15:32:02.7716155Z
  Time since last request: 0.0001827 seconds.
  importAddress: GUID: 5ae4d88034c6d7b42a84b0a53bb700d4 - Path: Packages/com.unity.collab-proxy/Editor/Views/PendingChanges/PendingChangesViewMenu.cs - Importer: ScriptedImporter/UnityEditor.QuickSearchModule:UnityEditor.Search:ASIAI0B
Importing 'GUID: 5ae4d88034c6d7b42a84b0a53bb700d4 - Path: Packages/com.unity.collab-proxy/Editor/Views/PendingChanges/PendingChangesViewMenu.cs - Importer: ScriptedImporter/UnityEditor.QuickSearchModule:UnityEditor.Search:ASIAI0B' with importer (ScriptedImporter : UnityEditor.QuickSearchModule:UnityEditor.Search:ASIAI0B)
Imported 'GUID: 5ae4d88034c6d7b42a84b0a53bb700d4' -> (Import Result ID: '9e6374b07361b9a3601f5d9bf47052f0') in 0.004 seconds [static and dynamic dependencies]. Details - ImportResultOutputID=bf32867c8a1be549ea1d788a492737f1 DependenciesID=8597a11dc70f9309cef7740ce88082d0 StaticDependenciesID=b1e5a165590cd8ef2a6a5e3f83649914 
Number of updated asset objects reloaded before import = 0
Number of asset objects unloaded after import = 0
========================================================================
Received Import Request.
  Time of request: 2026-09-04T15:32:02.7834578Z
  Time since last request: 0.0002311 seconds.
  importAddress: GUID: f34c66cec4f114ab9abbf9a87dd1fc50 - Path: Packages/com.unity.collab-proxy/Lib/Editor/Localization/clientcommon.en.txt - Importer: ScriptedImporter/UnityEditor.QuickSearchModule:UnityEditor.Search:ASIAI0B
Importing 'GUID: f34c66cec4f114ab9abbf9a87dd1fc50 - Path: Packages/com.unity.collab-proxy/Lib/Editor/Localization/clientcommon.en.txt - Importer: ScriptedImporter/UnityEditor.QuickSearchModule:UnityEditor.Search:ASIAI0B' with importer (ScriptedImporter : UnityEditor.QuickSearchModule:UnityEditor.Search:ASIAI0B)
Imported 'GUID: f34c66cec4f114ab9abbf9a87dd1fc50' -> (Import Result ID: '0e3813a4819417489558d1a0edfde71a') in 0.005 seconds [static and dynamic dependencies]. Details - ImportResultOutputID=d457c3909fbffd638c04922754d5730e DependenciesID=d6a766fad6b11aa39e7dce366bc49262 StaticDependenciesID=ea1b5ff47ce6bcad3e838b685d21fb2a 
Number of updated asset objects reloaded before import = 0
Number of asset objects unloaded after import = 1
========================================================================
Received Import Request.
  Time of request: 2026-09-04T15:32:02.7966621Z
  Time since last request: 0.0002923 seconds.
  importAddress: GUID: 45c3c447520834202a1214fd8fb24f1c - Path: Packages/com.unity.collab-proxy/Lib/Editor/Localization/commontypes.zh-Hans.txt - Importer: ScriptedImporter/UnityEditor.QuickSearchModule:UnityEditor.Search:ASIAI0B
Importing 'GUID: 45c3c447520834202a1214fd8fb24f1c - Path: Packages/com.unity.collab-proxy/Lib/Editor/Localization/commontypes.zh-Hans.txt - Importer: ScriptedImporter/UnityEditor.QuickSearchModule:UnityEditor.Search:ASIAI0B' with importer (ScriptedImporter : UnityEditor.QuickSearchModule:UnityEditor.Search:ASIAI0B)
Imported 'GUID: 45c3c447520834202a1214fd8fb24f1c' -> (Import Result ID: 'bcc199f7785c855487fed23cf0411755') in 0.004 seconds [static and dynamic dependencies]. Details - ImportResultOutputID=44c5b8faaefbfe4c728273f7ebc29b85 DependenciesID=064d461741118df2b5a51c7cbca0afb0 StaticDependenciesID=acfd7384a8e7a597267acf54f24d27ae 
Number of updated asset objects reloaded before import = 0
Number of asset objects unloaded after import = 1
========================================================================
Received Import Request.
  Time of request: 2026-09-04T15:32:02.808313Z
  Time since last request: 0.0002468 seconds.
  importAddress: GUID: f00521067f54ce541951ab90047cc3f4 - Path: Packages/com.unity.collab-proxy/Editor/Views/Welcome/DownloadAndInstallOperation.cs - Importer: ScriptedImporter/UnityEditor.QuickSearchModule:UnityEditor.Search:ASIAI0B
Importing 'GUID: f00521067f54ce541951ab90047cc3f4 - Path: Packages/com.unity.collab-proxy/Editor/Views/Welcome/DownloadAndInstallOperation.cs - Importer: ScriptedImporter/UnityEditor.QuickSearchModule:UnityEditor.Search:ASIAI0B' with importer (ScriptedImporter : UnityEditor.QuickSearchModule:UnityEditor.Search:ASIAI0B)
Imported 'GUID: f00521067f54ce541951ab90047cc3f4' -> (Import Result ID: '88a5975df324956bbffd3681521e7426') in 0.004 seconds [static and dynamic dependencies]. Details - ImportResultOutputID=312a32b2dfd29ef6f673b06c029f262c DependenciesID=e72272184f527c1af4af7758dc7ada1a StaticDependenciesID=32e0bab14d62a210da9f1ee92db4f619 
Number of updated asset objects reloaded before import = 0
Number of asset objects unloaded after import = 0
========================================================================
Received Import Request.
  Time of request: 2026-09-04T15:32:02.8201562Z
  Time since last request: 0.0002951 seconds.
  importAddress: GUID: 75d502302be264c9186a574e5db8f340 - Path: Packages/com.unity.collab-proxy/Lib/Editor/Localization/commontypes.en.txt - Importer: ScriptedImporter/UnityEditor.QuickSearchModule:UnityEditor.Search:ASIAI0B
Importing 'GUID: 75d502302be264c9186a574e5db8f340 - Path: Packages/com.unity.collab-proxy/Lib/Editor/Localization/commontypes.en.txt - Importer: ScriptedImporter/UnityEditor.QuickSearchModule:UnityEditor.Search:ASIAI0B' with importer (ScriptedImporter : UnityEditor.QuickSearchModule:UnityEditor.Search:ASIAI0B)
Imported 'GUID: 75d502302be264c9186a574e5db8f340' -> (Import Result ID: '0fcf1c0b11eab60881b65ec35f59178f') in 0.003 seconds [static and dynamic dependencies]. Details - ImportResultOutputID=2bc043a141848769f219468d2dd00328 DependenciesID=8c51fcf544f82c1948785bfb1a0ad708 StaticDependenciesID=58308252679cc4adaeabb5e77094142a 
Number of updated asset objects reloaded before import = 0
Number of asset objects unloaded after import = 1
========================================================================
Received Import Request.
  Time of request: 2026-09-04T15:32:02.8294092Z
  Time since last request: 0.0002471 seconds.
  importAddress: GUID: 594dcd9e9e4804aa281a66d024d30752 - Path: Packages/com.unity.collab-proxy/Editor/Views/PendingChanges/PendingChangesTreeView.cs - Importer: ScriptedImporter/UnityEditor.QuickSearchModule:UnityEditor.Search:ASIAI0B
Importing 'GUID: 594dcd9e9e4804aa281a66d024d30752 - Path: Packages/com.unity.collab-proxy/Editor/Views/PendingChanges/PendingChangesTreeView.cs - Importer: ScriptedImporter/UnityEditor.QuickSearchModule:UnityEditor.Search:ASIAI0B' with importer (ScriptedImporter : UnityEditor.QuickSearchModule:UnityEditor.Search:ASIAI0B)
Imported 'GUID: 594dcd9e9e4804aa281a66d024d30752' -> (Import Result ID: 'bab315c4d4a3ab102ad4f1d93ac0a576') in 0.002 seconds [static and dynamic dependencies]. Details - ImportResultOutputID=e7c4284b9fec26312975485dabf5f1da DependenciesID=5e4cfd15625d4cd8a4df72c5f17305b8 StaticDependenciesID=c5332a797ba89eff2128817b94d1d531 
Number of updated asset objects reloaded before import = 0
Number of asset objects unloaded after import = 0
========================================================================
Received Import Request.
  Time of request: 2026-09-04T15:32:02.8512291Z
  Time since last request: 0.0137834 seconds.
  importAddress: GUID: 5d93a4f9061c5464db4edc4b2787e604 - Path: Packages/com.unity.collab-proxy/Lib/Editor/Localization/semantic.en.txt - Importer: ScriptedImporter/UnityEditor.QuickSearchModule:UnityEditor.Search:ASIAI0B
Importing 'GUID: 5d93a4f9061c5464db4edc4b2787e604 - Path: Packages/com.unity.collab-proxy/Lib/Editor/Localization/semantic.en.txt - Importer: ScriptedImporter/UnityEditor.QuickSearchModule:UnityEditor.Search:ASIAI0B' with importer (ScriptedImporter : UnityEditor.QuickSearchModule:UnityEditor.Search:ASIAI0B)
Imported 'GUID: 5d93a4f9061c5464db4edc4b2787e604' -> (Import Result ID: '6ae6606157d4c2a71614ea0c4c24ec0a') in 0.004 seconds [static and dynamic dependencies]. Details - ImportResultOutputID=2abaaabbd660943980bd1be967c57562 DependenciesID=cbfdef65d3d96be091f913158c2b518a StaticDependenciesID=d6d6d20386a1f69f695b2657ade42b7a 
Number of updated asset objects reloaded before import = 0
Number of asset objects unloaded after import = 1
========================================================================
Received Import Request.
  Time of request: 2026-09-04T15:32:02.8613004Z
  Time since last request: 0.0002326 seconds.
  importAddress: GUID: 706b0eaa51e6f4c278989cc67f6ff480 - Path: Packages/com.unity.collab-proxy/Lib/Editor/Localization/workspaceserver.zh-Hant.txt - Importer: ScriptedImporter/UnityEditor.QuickSearchModule:UnityEditor.Search:ASIAI0B
Importing 'GUID: 706b0eaa51e6f4c278989cc67f6ff480 - Path: Packages/com.unity.collab-proxy/Lib/Editor/Localization/workspaceserver.zh-Hant.txt - Importer: ScriptedImporter/UnityEditor.QuickSearchModule:UnityEditor.Search:ASIAI0B' with importer (ScriptedImporter : UnityEditor.QuickSearchModule:UnityEditor.Search:ASIAI0B)
Imported 'GUID: 706b0eaa51e6f4c278989cc67f6ff480' -> (Import Result ID: 'fd5d269e892cc5bbffa5f9dc06672332') in 0.006 seconds [static and dynamic dependencies]. Details - ImportResultOutputID=192de4244e7a6792e6cd72e9c6b1b3fb DependenciesID=329e5c0a615dfba75972f561e32602bd StaticDependenciesID=5aa451a4aefce683f4e002c63e9f207a 
Number of updated asset objects reloaded before import = 0
Number of asset objects unloaded after import = 1
========================================================================
Received Import Request.
  Time of request: 2026-09-04T15:32:02.8739634Z
  Time since last request: 0.0002358 seconds.
  importAddress: GUID: f3a25560eb3f44acdb02ae58620e078c - Path: Packages/com.unity.collab-proxy/Lib/Editor/Localization/guihelp.es.txt - Importer: ScriptedImporter/UnityEditor.QuickSearchModule:UnityEditor.Search:ASIAI0B
Importing 'GUID: f3a25560eb3f44acdb02ae58620e078c - Path: Packages/com.unity.collab-proxy/Lib/Editor/Localization/guihelp.es.txt - Importer: ScriptedImporter/UnityEditor.QuickSearchModule:UnityEditor.Search:ASIAI0B' with importer (ScriptedImporter : UnityEditor.QuickSearchModule:UnityEditor.Search:ASIAI0B)
Imported 'GUID: f3a25560eb3f44acdb02ae58620e078c' -> (Import Result ID: '0fdc0b70316a8c5f37aa73f72a4a95f7') in 0.004 seconds [static and dynamic dependencies]. Details - ImportResultOutputID=6e34cfd7483638486c78c5e71b4f5ed6 DependenciesID=9c78a01886b79ae875a611b3230a8cc0 StaticDependenciesID=69b038810ea8fc9a21188dd4ac3c6d5a 
Number of updated asset objects reloaded before import = 0
Number of asset objects unloaded after import = 1
========================================================================
Received Import Request.
  Time of request: 2026-09-04T15:32:02.8839817Z
  Time since last request: 0.0002039 seconds.
  importAddress: GUID: 46969e2907e104a649761ed2ce5c9acd - Path: Packages/com.unity.collab-proxy/Lib/Editor/Localization/images.zh-Hans.txt - Importer: ScriptedImporter/UnityEditor.QuickSearchModule:UnityEditor.Search:ASIAI0B
Importing 'GUID: 46969e2907e104a649761ed2ce5c9acd - Path: Packages/com.unity.collab-proxy/Lib/Editor/Localization/images.zh-Hans.txt - Importer: ScriptedImporter/UnityEditor.QuickSearchModule:UnityEditor.Search:ASIAI0B' with importer (ScriptedImporter : UnityEditor.QuickSearchModule:UnityEditor.Search:ASIAI0B)
Imported 'GUID: 46969e2907e104a649761ed2ce5c9acd' -> (Import Result ID: '20204814d30d311d7ee29f0b18ee0f7d') in 0.004 seconds [static and dynamic dependencies]. Details - ImportResultOutputID=cbe9965beef76303e717ba26bba59a3d DependenciesID=4a6da99d94a31a39884ba8ca600a5775 StaticDependenciesID=f7c8c934ee27c336b5eafc97244474b7 
Number of updated asset objects reloaded before import = 0
Number of asset objects unloaded after import = 1
========================================================================
Received Import Request.
  Time of request: 2026-09-04T15:32:02.8950105Z
  Time since last request: 0.0002318 seconds.
  importAddress: GUID: baab213a9735c4229971127c41e276fa - Path: Packages/com.unity.collab-proxy/Lib/Editor/Localization/workspaceserver.en.txt - Importer: ScriptedImporter/UnityEditor.QuickSearchModule:UnityEditor.Search:ASIAI0B
Importing 'GUID: baab213a9735c4229971127c41e276fa - Path: Packages/com.unity.collab-proxy/Lib/Editor/Localization/workspaceserver.en.txt - Importer: ScriptedImporter/UnityEditor.QuickSearchModule:UnityEditor.Search:ASIAI0B' with importer (ScriptedImporter : UnityEditor.QuickSearchModule:UnityEditor.Search:ASIAI0B)
Imported 'GUID: baab213a9735c4229971127c41e276fa' -> (Import Result ID: '8121504c909d1859b66573e9957190cd') in 0.004 seconds [static and dynamic dependencies]. Details - ImportResultOutputID=28c8aa76099a1674a6a03aae5a7b2348 DependenciesID=46342bce29df4cffdf058e8925c9bcbe StaticDependenciesID=cf4cb617a6c41df1d2d17cdaf1d56bbb 
Number of updated asset objects reloaded before import = 0
Number of asset objects unloaded after import = 1
========================================================================
Received Import Request.
  Time of request: 2026-09-04T15:32:02.905488Z
  Time since last request: 0.0001046 seconds.
  importAddress: GUID: 5107d60b85a9a49d3b713b1ccbb24766 - Path: Packages/com.unity.collab-proxy/Lib/Editor/Localization/workspaceserver.ja.txt - Importer: ScriptedImporter/UnityEditor.QuickSearchModule:UnityEditor.Search:ASIAI0B
Importing 'GUID: 5107d60b85a9a49d3b713b1ccbb24766 - Path: Packages/com.unity.collab-proxy/Lib/Editor/Localization/workspaceserver.ja.txt - Importer: ScriptedImporter/UnityEditor.QuickSearchModule:UnityEditor.Search:ASIAI0B' with importer (ScriptedImporter : UnityEditor.QuickSearchModule:UnityEditor.Search:ASIAI0B)
Imported 'GUID: 5107d60b85a9a49d3b713b1ccbb24766' -> (Import Result ID: '4f1282d06895a16920d9c6c37f6ba5a0') in 0.006 seconds [static and dynamic dependencies]. Details - ImportResultOutputID=9cde9970e5e914e31aaa4f2db6e94177 DependenciesID=9d416305c71ae72f4a3f045c9308d390 StaticDependenciesID=6c109fe1894cc182ae32a500147f005d 
Number of updated asset objects reloaded before import = 0
Number of asset objects unloaded after import = 1
========================================================================
Received Import Request.
  Time of request: 2026-09-04T15:32:02.920932Z
  Time since last request: 0.0007914 seconds.
  importAddress: GUID: f043e5489ede848928e1a5292dfdf645 - Path: Packages/com.unity.collab-proxy/Lib/Editor/Localization/differences.en.txt - Importer: ScriptedImporter/UnityEditor.QuickSearchModule:UnityEditor.Search:ASIAI0B
Importing 'GUID: f043e5489ede848928e1a5292dfdf645 - Path: Packages/com.unity.collab-proxy/Lib/Editor/Localization/differences.en.txt - Importer: ScriptedImporter/UnityEditor.QuickSearchModule:UnityEditor.Search:ASIAI0B' with importer (ScriptedImporter : UnityEditor.QuickSearchModule:UnityEditor.Search:ASIAI0B)
Imported 'GUID: f043e5489ede848928e1a5292dfdf645' -> (Import Result ID: '5a5e22e7c4945c078039453197216bd0') in 0.004 seconds [static and dynamic dependencies]. Details - ImportResultOutputID=b2f8cbbe3943591236d713c171a8d79e DependenciesID=211025452aaa1db2ad81012566d83ac2 StaticDependenciesID=65e75550f1664b0f49a77c9d3ffeedbe 
Number of updated asset objects reloaded before import = 0
Number of asset objects unloaded after import = 1
========================================================================
Received Import Request.
  Time of request: 2026-09-04T15:32:02.9346604Z
  Time since last request: 0.0003022 seconds.
  importAddress: GUID: b0263de00b1bd43a5b1ffa31691e194e - Path: Packages/com.unity.collab-proxy/Lib/Editor/Localization/plastic-gui.zh-Hans.txt - Importer: ScriptedImporter/UnityEditor.QuickSearchModule:UnityEditor.Search:ASIAI0B
Importing 'GUID: b0263de00b1bd43a5b1ffa31691e194e - Path: Packages/com.unity.collab-proxy/Lib/Editor/Localization/plastic-gui.zh-Hans.txt - Importer: ScriptedImporter/UnityEditor.QuickSearchModule:UnityEditor.Search:ASIAI0B' with importer (ScriptedImporter : UnityEditor.QuickSearchModule:UnityEditor.Search:ASIAI0B)
Imported 'GUID: b0263de00b1bd43a5b1ffa31691e194e' -> (Import Result ID: '9d5254eec222d23da3712ff18c9f34bc') in 0.006 seconds [static and dynamic dependencies]. Details - ImportResultOutputID=624a01510be050a333dc3e425e332512 DependenciesID=83037410f72924024d1b070482e5adfc StaticDependenciesID=48db48f938aa9b189b7bc77386b2ff0b 
Number of updated asset objects reloaded before import = 0
Number of asset objects unloaded after import = 1
========================================================================
Received Import Request.
  Time of request: 2026-09-04T15:32:02.9486234Z
  Time since last request: 0.0002751 seconds.
  importAddress: GUID: 8b54dd8fd297e447cb3cd4a1d0bf41b4 - Path: Packages/com.unity.collab-proxy/Lib/Editor/Localization/i3.en.txt - Importer: ScriptedImporter/UnityEditor.QuickSearchModule:UnityEditor.Search:ASIAI0B
Importing 'GUID: 8b54dd8fd297e447cb3cd4a1d0bf41b4 - Path: Packages/com.unity.collab-proxy/Lib/Editor/Localization/i3.en.txt - Importer: ScriptedImporter/UnityEditor.QuickSearchModule:UnityEditor.Search:ASIAI0B' with importer (ScriptedImporter : UnityEditor.QuickSearchModule:UnityEditor.Search:ASIAI0B)
Imported 'GUID: 8b54dd8fd297e447cb3cd4a1d0bf41b4' -> (Import Result ID: 'e33e7449914d3050f88ae6ba2f753a14') in 0.005 seconds [static and dynamic dependencies]. Details - ImportResultOutputID=d77710d272211e981c6414550d2a4359 DependenciesID=614f233abf0ccce4ccd03a2e1b8ca6ea StaticDependenciesID=c3f5546e9fa4229e33834ece9ea1dd08 
Number of updated asset objects reloaded before import = 0
Number of asset objects unloaded after import = 1
========================================================================
Received Import Request.
  Time of request: 2026-09-04T15:32:02.9619107Z
  Time since last request: 0.000226 seconds.
  importAddress: GUID: 8983c337cf5ff4fb4b063735c7249470 - Path: Packages/com.unity.collab-proxy/Lib/Editor/Localization/mergetool.ja.txt - Importer: ScriptedImporter/UnityEditor.QuickSearchModule:UnityEditor.Search:ASIAI0B
Importing 'GUID: 8983c337cf5ff4fb4b063735c7249470 - Path: Packages/com.unity.collab-proxy/Lib/Editor/Localization/mergetool.ja.txt - Importer: ScriptedImporter/UnityEditor.QuickSearchModule:UnityEditor.Search:ASIAI0B' with importer (ScriptedImporter : UnityEditor.QuickSearchModule:UnityEditor.Search:ASIAI0B)
Imported 'GUID: 8983c337cf5ff4fb4b063735c7249470' -> (Import Result ID: 'f89ff92a5a194061844b6bf5c7044b1b') in 0.003 seconds [static and dynamic dependencies]. Details - ImportResultOutputID=eae850717a598a6ccca9febb84c7bea7 DependenciesID=86b9d440e2033fe5f18627c2270a423a StaticDependenciesID=5e7231c17bd990133dc0c4e72f10b49e 
Number of updated asset objects reloaded before import = 0
Number of asset objects unloaded after import = 1
========================================================================
Received Prepare
AcceleratorClientConnectionCallback - disconnected - :0
Begin MonoManager ReloadAssembly
Symbol file LoadedFromMemory is not a mono symbol file
Refreshing native plugins compatible for Editor in 3.74 ms, found 3 plugins.
Native extension for WindowsStandalone target not found
Native extension for WebGL target not found
[Package Manager] Failed to launch server process. Reason: Unity was launched with the -noUpm command-line argument
[Package Manager] Unable to send message (not connected to server process).
[Package Manager] Cannot connect to Unity Package Manager local server
[Package Manager] Failed to launch server process. Reason: Unity was launched with the -noUpm command-line argument
[Package Manager] Unable to send message (not connected to server process).
[Package Manager] Cannot connect to Unity Package Manager local server
ScheduleIndexationOnStartup MainProcess:False IndexOnStartup:True
Mono: successfully reloaded assembly
- Finished resetting the current domain, in  0.605 seconds
Domain Reload Profiling: 1256ms
	BeginReloadAssembly (190ms)
		DisableScriptedObjects (6ms)
		CreateAndSetChildDomain (47ms)
	RebuildCommonClasses (7ms)
	RebuildNativeTypeToScriptingClass (14ms)
	initialDomainReloadingComplete (64ms)
	LoadAllAssembliesAndSetupDomain (374ms)
		LoadAssemblies (334ms)
		AnalyzeDomain (16ms)
			TypeCache.Refresh (6ms)
			ResolveRequiredComponents (7ms)
	FinalizeReload (606ms)
		SetupLoadedEditorAssemblies (0ms)
			BeforeProcessingInitializeOnLoad (76ms)
			ProcessInitializeOnLoadAttributes (276ms)
			ProcessInitializeOnLoadMethodAttributes (116ms)
			AfterProcessingInitializeOnLoad (8ms)
WARNING: Shader Unsupported: 'Hidden/Universal Render Pipeline/Terrain/Lit (Base Pass)' - All subshaders removed
WARNING: Shader Did you use #pragma only_renderers and omit this platform?
WARNING: Shader If subshaders removal was intentional, you may have forgotten turning Fallback off?
WARNING: Shader Unsupported: 'Universal Render Pipeline/Terrain/Lit' - All subshaders removed
WARNING: Shader Did you use #pragma only_renderers and omit this platform?
WARNING: Shader If subshaders removal was intentional, you may have forgotten turning Fallback off?
Refreshing native plugins compatible for Editor in 3.38 ms, found 3 plugins.
Unloading 55 Unused Serialized files (Serialized files now loaded: 0)
Unloading 5646 unused Assets / (8.7 MB). Loaded Objects now: 6298.
Memory consumption went from 310.8 MB to 302.0 MB.
Total: 9.792100 ms (FindLiveObjects: 0.539300 ms CreateObjectMapping: 1.326700 ms MarkObjects: 5.048200 ms  DeleteObjects: 2.877300 ms)

Prepare: number of updated asset objects reloaded= 0
Editor requested this worker to shutdown with reason: Editor is closing down
AcceleratorClientConnectionCallback - disconnected - :0
AssetImportWorker is now disconnected from the server
Process exiting
Exiting without the bug reporter. Application will terminate with return code 0